ID_tmp,Company_name,URL,Logo_OfficialWebsite,Logo_Wikipedia_Large,Logo_Wikipedia_Small,Logo_OtherSource
65,Azerbaijan,www.socar.az,,https://en.wikipedia.org/wiki/SOCAR#/media/File:State_Oil_Company_of_Azerbaijan_Republic_new_logo.png,https://upload.wikimedia.org/wikipedia/en/thumb/f/fa/State_Oil_Company_of_Azerbaijan_Republic_new_logo.png/250px-State_Oil_Company_of_Azerbaijan_Republic_new_logo.png,
321,BP P.L.C.,https://www.bp.com/,https://www.bp.com/apps/settings/wcm/designs/refresh/bp/images/navigation/bp-logo.svg,https://en.wikipedia.org/wiki/BP#/media/File:BP_Helios_logo.svg,https://upload.wikimedia.org/wikipedia/en/thumb/d/d2/BP_Helios_logo.svg/125px-BP_Helios_logo.svg.png,
33,Equinor ASA,https://www.equinor.com/,,https://en.wikipedia.org/wiki/Equinor#/media/File:Equinor.svg,https://upload.wikimedia.org/wikipedia/commons/thumb/c/c6/Equinor.svg/200px-Equinor.svg.png,
325,Euas Electricity Generation Company,https://www.euas.gov.tr/,,https://en.wikipedia.org/wiki/Electricity_Generation_Company_(Turkey)#/media/File:E%C3%9CA%C5%9E_logo.svg,https://upload.wikimedia.org/wikipedia/commons/thumb/7/76/E%C3%9CA%C5%9E_logo.svg/220px-E%C3%9CA%C5%9E_logo.svg.png,
2,National Iranian Oil Company,,,https://en.wikipedia.org/wiki/File:National_Iranian_Oil_Company_logo.svg,https://upload.wikimedia.org/wikipedia/commons/thumb/3/35/National_Iranian_Oil_Company_logo.svg/100px-National_Iranian_Oil_Company_logo.svg.png,
13,TotalEnergies SE,https://totalenergies.com/fr,https://totalenergies.com/themes/custom/totalenergies_com/dist/img/logo_totalenergies.png,https://fr.wikipedia.org/wiki/TotalEnergies#/media/Fichier:Logo_TotalEnergies.svg,https://upload.wikimedia.org/wikipedia/fr/thumb/f/f7/Logo_TotalEnergies.svg/langfr-280px-Logo_TotalEnergies.svg.png,
8,QatarEnergy,www.qatargas.com,,https://fr.wikipedia.org/wiki/Qatar_Energy#/media/Fichier:Qatar_Petroleum.jpg,https://upload.wikimedia.org/wikipedia/fr/thumb/6/6d/Qatar_Petroleum.jpg/280px-Qatar_Petroleum.jpg,
,GVK Group,,,,,
,Ministry of Finance of Uzbekistan,,,,,
6,China Coal Xinji Energy Co Ltd,xinji.chinacoal.com,https://xinji.chinacoal.com/picture/0/7c2cf20011814c9dac0f444ff36e4b96.png,,,https://www.zonebourse.com/static/instruments-squared-6500051
16,HKSCC Nominees Limited,https://www.hkex.com.hk/Services/Settlement-and-Depository/Common-Nominee-Services?sc_lang=en,https://www.hkex.com.hk/Market/home/media_20230505200119/logo_main.png?_20220126T073114Z,https://en.wikipedia.org/wiki/Hong_Kong_Exchanges_and_Clearing#/media/File:HKEX_logo_2016.svg,https://upload.wikimedia.org/wikipedia/commons/thumb/f/f6/HKEX_logo_2016.svg/220px-HKEX_logo_2016.svg.png,
,Rutek Alliance,,,,,
,Suncor Energy Inc.,,,,,
34,Teck Resources Ltd,https://www.teck.com/,https://www.teck.com/media/pride_RGB_Teck_web-marker_white.svg,https://fr.wikipedia.org/wiki/Teck_Resources#/media/Fichier:Teck_Resources_logo.svg,https://upload.wikimedia.org/wikipedia/commons/thumb/f/f6/Teck_Resources_logo.svg/langfr-280px-Teck_Resources_logo.svg.png,
15,China National Petroleum Corporation (CNPC),http://www.cnpc.com.cn/cnpc/index.shtml,http://www.cnpc.com.cn/cnpc/xhtml/images/logo.png,https://fr.wikipedia.org/wiki/China_National_Petroleum_Corporation#/media/Fichier:P%C3%A9trolechinelogo.gif,https://upload.wikimedia.org/wikipedia/fr/thumb/1/18/P%C3%A9trolechinelogo.gif/280px-P%C3%A9trolechinelogo.gif,
89,Golden Energy Mines,https://www.goldenenergymines.com/,https://www.goldenenergymines.com/wp-content/themes/gems/images/gems-logo.png,,,
4,Jinneng Holding Group Co Ltd,,,https://en.wikipedia.org/wiki/Jinneng_Holding_Equipment_Manufacturing_Group#/media/File:Jincheng_Anthracite_Mining_Group_logo.jpg,https://upload.wikimedia.org/wikipedia/en/e/ea/Jincheng_Anthracite_Mining_Group_logo.jpg,
,China ZhenHua Oil Co Ltd,,,,,
,Inner Mongolia Huineng Coal and Electricity Group,,,,,
,Inner Mongolia Ordos Investment Holding Group,,,,,
67,Bayannaoer Zhuoyue Building Materials Company,,,,,
,Guanghui Energy Holding Company,,,,,
,Xin Jiang Guang Hui Industry Investment Group Co Ltd,,,,,
,Xinjiang Production and Construction Corps,,,,,
,Shandong Lutai Holding Group,,,,,
,Ming Kei Energy Investment Company,,,,,
,State Power Investment Corporation,,,,,
,Huolinhe Coal Industry Group,,,,,
49,Industrial and Commercial Bank of China,https://www.icbc.com.cn/ICBC/en/default.htm,,https://fr.wikipedia.org/wiki/Banque_industrielle_et_commerciale_de_Chine#/media/Fichier:Industrial_and_Commercial_Bank_of_China_(logo).svg,https://upload.wikimedia.org/wikipedia/fr/thumb/5/51/Industrial_and_Commercial_Bank_of_China_%28logo%29.svg/langfr-280px-Industrial_and_Commercial_Bank_of_China_%28logo%29.svg.png,
3,Coal India Ltd,https://www.coalindia.in/,https://www.coalindia.in/static/images/logo.af6a33b31873.png,https://en.wikipedia.org/wiki/Coal_India#/media/File:Coal_India_Logo.svg,https://upload.wikimedia.org/wikipedia/en/thumb/4/49/Coal_India_Logo.svg/220px-Coal_India_Logo.svg.png,
28,Government of India,https://www.india.gov.in/,,https://en.wikipedia.org/wiki/Government_of_India#/media/File:Emblem_of_India.svg,https://upload.wikimedia.org/wikipedia/commons/thumb/5/55/Emblem_of_India.svg/90px-Emblem_of_India.svg.png,
1,China Energy Investment Corp Ltd,www.ceic.com,https://www.ceic.com/xhtml/newchn/images/logo.png,https://en.wikipedia.org/wiki/China_Energy_Investment#/media/File:China_Energy_Investment_logo.png,https://upload.wikimedia.org/wikipedia/en/thumb/1/1c/China_Energy_Investment_logo.png/220px-China_Energy_Investment_logo.png,
24,Eni S.P.A.,https://www.eni.com/en-IT/home.html,,https://fr.wikipedia.org/wiki/Eni#/media/Fichier:Eni_SpA_(logo).svg,https://upload.wikimedia.org/wikipedia/fr/thumb/b/b8/Eni_SpA_%28logo%29.svg/langfr-180px-Eni_SpA_%28logo%29.svg.png,
51,Korean Gas Corporation,https://www.kogas.or.kr:9450/site/koGas/main,https://www.kogas.or.kr:9450/user/resources/images/hd_logo.png,https://fr.wikipedia.org/wiki/Korea_Gas_Corporation#/media/Fichier:KOGAS_Logo.svg,https://upload.wikimedia.org/wikipedia/commons/thumb/5/58/KOGAS_Logo.svg/langfr-280px-KOGAS_Logo.svg.png,
,Missan Oil Company,,,,,
10,Basra Oil Company,,,https://en.wikipedia.org/wiki/Basra_Oil_Company#/media/File:Coat_of_arms_of_Iraq.svg,https://upload.wikimedia.org/wikipedia/commons/thumb/b/bf/Coat_of_arms_of_Iraq.svg/150px-Coat_of_arms_of_Iraq.svg.png,
,TerraCom Resources,,,,,
,Bono Lithihi Investments Group,,,,,
,Arch Resources Inc,,,,,
25,BHP Group Ltd,https://www.bhp.com/,https://www.bhp.com/-/media/project/bhp1ip/bhp1ip-en/bhp-orange.png?iar=0&hash=337742FC8FA64974B77D26E658467170,https://fr.wikipedia.org/wiki/BHP_Group#/media/Fichier:BHP_2017_logo.svg,https://upload.wikimedia.org/wikipedia/commons/thumb/b/b6/BHP_2017_logo.svg/langfr-280px-BHP_2017_logo.svg.png,
14,Mitsubishi Corp,https://www.mitsubishicorp.com/jp/en/index.html,https://www.mitsubishicorp.com/jp/en/cmn/img/st.png,https://fr.wikipedia.org/wiki/Mitsubishi_Corporation#/media/Fichier:Mitsubishi_Corp.png,https://upload.wikimedia.org/wikipedia/fr/thumb/8/8b/Mitsubishi_Corp.png/280px-Mitsubishi_Corp.png,
,Samruk-Energo,,,,,
,United Company RUSAL,,,,,
,Resource Generation Australia,,,,,
,Shanxi Huayang Group New Energy Company,,,,,
,Shanxi Chuangrei New Energy Investment Company,,,,,
,Kazakhmys Corporation,,,,,
5,Gazprom PJSC,gazprom.com,,https://en.wikipedia.org/wiki/Gazprom#/media/File:Gazprom-Logo.svg,https://upload.wikimedia.org/wikipedia/en/thumb/1/11/Gazprom-Logo.svg/220px-Gazprom-Logo.svg.png,
,Inner Mongolia Mengtai Group Co Ltd,,,,,
47,China Huadian Corp Ltd,http://www.chd.com.cn/,,https://en.wikipedia.org/wiki/China_Huadian_Corporation#/media/File:China_Huadian_Corporation(CHD)_logo.svg,https://upload.wikimedia.org/wikipedia/en/thumb/7/78/China_Huadian_Corporation%28CHD%29_logo.svg/120px-China_Huadian_Corporation%28CHD%29_logo.svg.png,
18,Petróleo Brasileiro SA – Petrobras,https://petrobras.com.br/en/,https://petrobras.com.br/lumis-theme/br/com/petrobras/website/theme/petrobras-website/assets/img/logo.svg,https://en.wikipedia.org/wiki/Petrobras#/media/File:Petrobras_horizontal_logo.svg,https://upload.wikimedia.org/wikipedia/commons/thumb/c/cc/Petrobras_horizontal_logo.svg/255px-Petrobras_horizontal_logo.svg.png,
18,Petróleo Brasileiro S.A.,https://petrobras.com.br/en/,https://petrobras.com.br/lumis-theme/br/com/petrobras/website/theme/petrobras-website/assets/img/logo.svg,https://en.wikipedia.org/wiki/Petrobras#/media/File:Petrobras_horizontal_logo.svg,https://upload.wikimedia.org/wikipedia/commons/thumb/c/cc/Petrobras_horizontal_logo.svg/255px-Petrobras_horizontal_logo.svg.png,
,QCoal,,,,,
,JFE Steel,,,,,
,Adani Group,,,,,
12,Glencore PLC,https://www.glencore.com/,https://www.glencore.com/.resources/gc/webresources/img/Glencore_logo.svg,https://fr.wikipedia.org/wiki/Glencore#/media/Fichier:Glencore_logo.svg,https://upload.wikimedia.org/wikipedia/commons/thumb/7/71/Glencore_logo.svg/langfr-280px-Glencore_logo.svg.png,
,Jizhong Energy Group Co Ltd,,,,,
,China Huarong Asset Management Company,,,,,
1,China Energy Investment Corp Ltd,www.ceic.com,https://www.ceic.com/xhtml/newchn/images/logo.png,https://en.wikipedia.org/wiki/China_Energy_Investment#/media/File:China_Energy_Investment_logo.png,https://upload.wikimedia.org/wikipedia/en/thumb/1/1c/China_Energy_Investment_logo.png/220px-China_Energy_Investment_logo.png,
7,Shandong Energy Co Ltd,http://english.shandong-energy.com/,http://www.shandong-energy.com/static/en/images/logo.png,https://en.wikipedia.org/wiki/Shandong_Energy#/media/File:Shandong_Energy_(Logo_2022).png,https://upload.wikimedia.org/wikipedia/en/thumb/9/9d/Shandong_Energy_%28Logo_2022%29.png/150px-Shandong_Energy_%28Logo_2022%29.png,
,State Grid Corp of China,,,,,
,Jindal Group,,,,,
72,Canadian Natural Resources Limited,https://www.cnrl.com/,https://www.cnrl.com/assets/img/layout/cnrl-colour.svg,https://fr.wikipedia.org/wiki/Canadian_Natural_Resources#/media/Fichier:Canadian_Natural_Logo.svg,https://upload.wikimedia.org/wikipedia/fr/thumb/a/a0/Canadian_Natural_Logo.svg/langfr-280px-Canadian_Natural_Logo.svg.png,
62,Africa Energy Corp.,https://africaenergycorp.com/,https://africaenergycorp.com/site/templates/img/logo-home.png,,,
78,Contura Energy,https://alphametresources.com/,https://alphametresources.com/wp-content/uploads/2022/01/Alpha_Full-Logo_RGB-1.png,,,
9,Shaanxi Coal and Chemical Industry Group Co Ltd,http://www.shccig.com/,http://www.shccig.com/images/logo.png,,,
69,Binxian Coal Company,,,,,
32,Shaanxi Investment Group Co Ltd,,,,,https://s3-us-west-2.amazonaws.com/cbi-image-service-prd/modified/0adffb02-b5c9-411f-b1f2-89f7b0b3c66d.png
,Jilin Province Coal Industry Group,,,,,
,Tibet Hengyisheng Investment Company,,,,,
87,Fude Life Insurance Company,,,,,
74,China Reform Holdings Company,https://www.crhc.cn/,https://www.crhc.cn/lib/template/static/images/logo.png,https://en.wikipedia.org/wiki/China_Reform_Holdings_Corporation#/media/File:China_Reform_Holdings_Corporation.png,https://upload.wikimedia.org/wikipedia/commons/thumb/1/14/China_Reform_Holdings_Corporation.png/220px-China_Reform_Holdings_Corporation.png,
73,China Chengtong Holdings Group,http://www.cctgroup.com.cn/cctgroupen/index/index.html,http://www.cctgroup.com.cn/cctgroup/resource/cms/2017/10/logo.png,,,
44,Huaihe Energy,http://www.wjwlg.com/,http://www.wjwlg.com/uploadfiles/image/logo.png?bG9nby5wbmc=,,,
45,China Cinda Asset Management,https://www.cinda.com.cn/xdjt/xdjtpd/index.shtml,https://www.cinda.com.cn/resource/830/846/897/36117/36145/39057/39085/1431334955940382854857.gif,https://en.wikipedia.org/wiki/China_Cinda_Asset_Management#/media/File:China_Cinda_Asset_Management_Logo.png,https://upload.wikimedia.org/wikipedia/commons/thumb/9/92/China_Cinda_Asset_Management_Logo.png/220px-China_Cinda_Asset_Management_Logo.png,
,Mubadala Investment Company,,,,,
,Occidental Petroleum Corp,,,,,
92,Harbour Energy PLC,https://www.harbourenergy.com/,https://www.harbourenergy.com/media/0uhaqtns/harbour-energy-logo.jpg,https://en.wikipedia.org/wiki/Harbour_Energy#/media/File:Harbour_Energy_logo.jpg,https://upload.wikimedia.org/wikipedia/en/thumb/f/f0/Harbour_Energy_logo.jpg/220px-Harbour_Energy_logo.jpg,
42,Kuwait Petroleum Corp,https://www.kpc.com.kw/,,https://en.wikipedia.org/wiki/Kuwait_Petroleum_Corporation#/media/File:Kuwait_Petroleum_Corporation_Logo.svg,https://upload.wikimedia.org/wikipedia/en/thumb/8/8d/Kuwait_Petroleum_Corporation_Logo.svg/220px-Kuwait_Petroleum_Corporation_Logo.svg.png,
43,Petroliam Nasional Berhad,https://www.petronas.com/,https://www.petronas.com/themes/custom/petronas/images/petronas-logo-dark.svg,https://fr.wikipedia.org/wiki/Petronas#/media/Fichier:Petronas_Logo.svg,https://upload.wikimedia.org/wikipedia/commons/thumb/b/b5/Petronas_Logo.svg/langfr-280px-Petronas_Logo.svg.png,
,PTT PLC,,,,,
50,Pertamina Persero PT,https://www.pertamina.com/,https://www.pertamina.com/landing/images/logo.png,https://fr.wikipedia.org/wiki/Pertamina#/media/Fichier:Pertamina_Logo.svg,https://upload.wikimedia.org/wikipedia/commons/thumb/e/e6/Pertamina_Logo.svg/langfr-200px-Pertamina_Logo.svg.png,
27,Drummond Company,https://www.drummondco.com/,https://dxh5c3.p3cdn1.secureserver.net/wp-content/themes/drummondco/assets/images/logo.png,https://en.wikipedia.org/wiki/Drummond_Company#/media/File:Drummond_Co_Logo.png,https://upload.wikimedia.org/wikipedia/en/thumb/4/42/Drummond_Co_Logo.png/220px-Drummond_Co_Logo.png,
,National Oil Corporation,,,,,
,Repsol SA,,,,,
,OMV Aktiengesellschaft,,,,,
,Tuva Energy Industrial Company,,,,,
55,A-Property,,,,,
,Thungela Resources Ltd,,,,,
,LX International,,,,,
48,Russian Coal,https://www.ruscoal.com/,https://www.ruscoal.com/wp-content/themes/ruscoal-neo/img/logo-en.png,,,
99,LG International,https://www.lg.com/fr,https://www.lg.com/lg5-common-gp/images/common/header/logo-b2c.jpg,https://fr.wikipedia.org/wiki/LG_Group#/media/Fichier:LG_logo_(2015).svg,https://upload.wikimedia.org/wikipedia/commons/thumb/b/bf/LG_logo_%282015%29.svg/langfr-280px-LG_logo_%282015%29.svg.png,
,Titan Infra Energy PT,,,,,
64,Asian American Continental Coal Company,,,,,
68,Beijing Energy Holding Co Ltd,https://www.bjei.com/,https://www.bjei.com/Uploads/image/20200916/5f61c8f1747c4.png,,,
,Ordos Energy Investment and Development Company,,,,,
,Shougang Group Co Ltd,,,,,
11,China Huaneng Group Co Ltd,https://www.chng.com.cn/,https://www.chng.com.cn/cms-chng-theme/images/logo.png,https://en.wikipedia.org/wiki/China_Huaneng_Group#/media/File:China_Huaneng_Group_logo_2.png,https://upload.wikimedia.org/wikipedia/en/thumb/f/f7/China_Huaneng_Group_logo_2.png/250px-China_Huaneng_Group_logo_2.png,
60,Guangdong Hengjian Investment Holding Co Ltd,https://www.gdhjtz.com/,https://www.gdhjtz.com/uploadfiles/2020/10/20201009102249504.png?MjAyMDA5MDPmgZLlgaXmjqfogqHmoIfor4blrprnqL8oMSkucG5n,,,
,Gujarat State Electricity Corporation,,,,,
30,RWE Power,https://www.rwe.com/en/,,https://fr.wikipedia.org/wiki/RWE#/media/Fichier:RWE_Logo_2020.svg,https://upload.wikimedia.org/wikipedia/commons/thumb/c/c2/RWE_Logo_2020.svg/langfr-130px-RWE_Logo_2020.svg.png,
75,CKD Mines,https://ckdmines.com/,,,,
,MC Mining,,,,,
,Rothe Investments,,,,,
19,Exxon Mobil Corp,https://corporate.exxonmobil.com/,https://corporate.exxonmobil.com/-/media/global/icons/logos/exxonmobillogocolor2x.png,https://fr.wikipedia.org/wiki/ExxonMobil#/media/Fichier:Exxon_Mobil_Logo.svg,https://upload.wikimedia.org/wikipedia/commons/thumb/1/18/Exxon_Mobil_Logo.svg/langfr-220px-Exxon_Mobil_Logo.svg.png,
,Hess Corporation,,,,,
77,CNOOC International,https://www.cnooc.com.cn/#1,https://www.cnooc.com.cn/picture/0/1903232138094441392.png,https://fr.wikipedia.org/wiki/China_National_Offshore_Oil_Corporation#/media/Fichier:CNOOC_01.png,https://upload.wikimedia.org/wikipedia/fr/thumb/a/a6/CNOOC_01.png/280px-CNOOC_01.png,
85,Exxaro Resources Ltd,https://www.exxaro.com/,https://www.exxaro.com/img/logo_light.svg,https://en.wikipedia.org/wiki/Exxaro#/media/File:Exxarologo.jpg,https://upload.wikimedia.org/wikipedia/commons/f/f5/Exxarologo.jpg,
22,Shaanxi Yulin Energy Group Co Ltd,https://syeie.com/,https://syeie.com/images/logo.jpg,,,
,Fugu State-Owned Asset Management and Operation Company,,,,,
,Alliance Resource Partners LP,,,,,
,Shaanxi Youser Group,,,,,
,Shaanxi Yanchang Petroleum Group Co Ltd,,,,,
31,Sonatrach SPA,https://sonatrach.com/,https://sonatrach.com/img/header/sonatrach.png,https://fr.wikipedia.org/wiki/Sonatrach#/media/Fichier:Sonatrach.svg,https://commons.wikimedia.org/w/index.php?title=File:Sonatrach.svg&lang=fr&uselang=fr,
,Shenmu City State-Owned Assets Operation Co,,,,,
,China Development Bank,,,,,
41,Inner Mongolia Yitai Investment Co Ltd,,,,,
,Inner Mongolia Guanglian Minzu Economic Development Company,,,,,
,Inner Mongolia Coal Field Geological Bureau,,,,,
,Shanxi Zhongbo Real Estate Development Company,,,,,
,Yima Coal Industry Group,,,,,
,Beijing Lirui Investment Company,,,,,
,Kailuan Group Ltd Liability Corp,,,,,
,Inner Mongolia Shengli Resource Group,,,,,
83,Erdos Chunhui Forest Company,,,,,
,Junggar Juli Cultivation Company,,,,,
,Jiangsu Yueda Group,,,,,
82,Elion Resources Group Ltd,,,,,
46,Sinopec,,,https://fr.wikipedia.org/wiki/Sinopec#/media/Fichier:Sinopec_-_Logo.svg,https://upload.wikimedia.org/wikipedia/fr/thumb/3/36/Sinopec_-_Logo.svg/langfr-110px-Sinopec_-_Logo.svg.png,
,Shenergy Group Co Ltd,,,,,
57,Manshi Group,,,,,
,Yankuang Energy,,,,,
,Valiant Resources,,,,,
97,Kolmar,https://www.kolmargroup.com/,https://www.kolmargroup.com/wp-content/themes/kolmar/images/logo.svg,,,https://media.licdn.com/dms/image/C4D0BAQECH5C-CfRefg/company-logo_200_200/0/1537520281482?e=1696464000&v=beta&t=9sCnQlzA9AreCtouP_di9puSKeh1ZE7XYfDJYF2j2k8
,Indexim Coalindo,,,,,
,Shenmu Taide Energy Investment Company,,,,,
,Inner Mongolia Kaiyuan Shiye Group,,,,,
,Shendong Tianlong Group,,,,,
,Erdos Jiuyuan Investment Company,,,,,
,Tebian Electric Apparatus,,,,,
,Xinjiang Joinworld Company,,,,,
,Jiaxing Dejian Investment Partnership,,,,,
100,Lundin Energy AB,https://www.lundin-energy.com/,http://www.lundin-energy.com/wp-content/uploads/2020/08/Lundin-220.svg,https://fr.wikipedia.org/wiki/Lundin_Energy#/media/Fichier:Lundin_Energy_Logo_RGB-high-(1236x522).png,https://upload.wikimedia.org/wikipedia/commons/thumb/8/86/Lundin_Energy_Logo_RGB-high-%281236x522%29.png/280px-Lundin_Energy_Logo_RGB-high-%281236x522%29.png,
39,Petoro AS,https://www.petoro.no/hjem,https://www.petoro.no/s/petoro2019/profile/petroro_logo_blue072.svg?w=192,,,
63,Aker,https://www.akerasa.com/,,https://en.wikipedia.org/wiki/Aker_ASA#/media/File:Aker_ASA.svg,https://upload.wikimedia.org/wikipedia/en/thumb/e/e9/Aker_ASA.svg/150px-Aker_ASA.svg.png,
,BP,,,,,
70,Bumi Resources,http://www.bumiresources.com/en#,http://www.bumiresources.com/assets/img/full-logo.png,https://en.wikipedia.org/wiki/Bumi_Resources#/media/File:Bumi_Resources_logo.svg,https://upload.wikimedia.org/wikipedia/en/thumb/4/49/Bumi_Resources_logo.svg/220px-Bumi_Resources_logo.svg.png,
36,Shell PLC,https://www.shell.com/,,https://fr.wikipedia.org/wiki/Shell_(entreprise)#/media/Fichier:Shell_logo.svg,https://upload.wikimedia.org/wikipedia/fr/thumb/e/e8/Shell_logo.svg/langfr-100px-Shell_logo.svg.png,
,Chevron Corp,,,,,
59,PJSC LUKOIL,https://www.lukoil.com/,,https://fr.wikipedia.org/wiki/Lukoil#/media/Fichier:Lukoil_company_logo.svg,https://upload.wikimedia.org/wikipedia/commons/thumb/f/ff/Lukoil_company_logo.svg/langfr-280px-Lukoil_company_logo.svg.png,
,National Bank of the Republic of Kazakhstan,,,,,
,JSC Samruk-Kazyna,,,,,
79,Cooperative KazMunayGaz,https://www.kmg.kz/,https://www.kmg.kz/local/templates/main/assets/img/animate-logo.svg,https://en.wikipedia.org/wiki/KazMunayGas#/media/File:KazMunayGas.svg,https://upload.wikimedia.org/wikipedia/en/thumb/f/ff/KazMunayGas.svg/220px-KazMunayGas.svg.png,
20,Saudi Aramco,https://www.aramco.com/,https://www.aramco.com/images/affiliateLogo.png,https://fr.wikipedia.org/wiki/Saudi_Aramco#/media/Fichier:Aramco_logo_new.jpg,https://upload.wikimedia.org/wikipedia/fr/thumb/5/5b/Aramco_logo_new.jpg/280px-Aramco_logo_new.jpg,
81,Elektroprivreda Srbije,https://www.eps.rs/cir/Pages/default.aspx,https://www.eps.rs/_catalogs/masterpage/Design/img/logo-eps-color.png,https://fr.wikipedia.org/wiki/Elektroprivreda_Srbije#/media/Fichier:Logo_of_Elektroprivreda_Srbije.svg,https://upload.wikimedia.org/wikipedia/commons/thumb/e/e6/Logo_of_Elektroprivreda_Srbije.svg/langfr-280px-Logo_of_Elektroprivreda_Srbije.svg.png,
58,Anhui Xinji Coal and Electricity Group,,,,,
,China COSCO Shipping Corp Ltd,,,,,
80,Delek Group Ltd,https://www.delek-group.com/,https://www.delek-group.com/wp-content/uploads/2017/09/delek-logo.png,https://fr.wikipedia.org/wiki/Delek_Group#/media/Fichier:Flad_of_Delek_2000.svg,https://upload.wikimedia.org/wikipedia/commons/thumb/8/8c/Flad_of_Delek_2000.svg/langfr-280px-Flad_of_Delek_2000.svg.png,
,Ratio Petroleum,,,,,
77,CNOOC Limited,https://www.cnooc.com.cn/#1,https://www.cnooc.com.cn/picture/0/1903232138094441392.png,https://fr.wikipedia.org/wiki/China_National_Offshore_Oil_Corporation#/media/Fichier:CNOOC_01.png,https://upload.wikimedia.org/wikipedia/fr/thumb/a/a6/CNOOC_01.png/280px-CNOOC_01.png,
26,Siberian Business Union-Coal,,,https://en.wikipedia.org/wiki/Siberian_Business_Union#/media/File:%D0%A1%D0%B4%D1%81.jpg,https://upload.wikimedia.org/wikipedia/commons/thumb/e/e7/%D0%A1%D0%B4%D1%81.jpg/220px-%D0%A1%D0%B4%D1%81.jpg,
17,Huayang New Material Technology Group Co Ltd,,,https://ru.wikipedia.org/wiki/Huayang_New_Material_Technology_Group#/media/%D0%A4%D0%B0%D0%B9%D0%BB:Yangquan_Coal_Industry_Group.png,https://upload.wikimedia.org/wikipedia/ru/thumb/2/2b/Yangquan_Coal_Industry_Group.png/280px-Yangquan_Coal_Industry_Group.png,
,Yangcheng County Yangtai Group Industrial Co Ltd,,,,,
,Shanxi Yujin Trading Company,,,,,
,Shanxi Juhuang Century Investment Company,,,,,
53,China Datang Corp,http://www.china-cdt.com/dtwz_site_HTML/index.html,http://www.china-cdt.com/dtwz/dtwz_site/main/images/logo.jpg,https://zh.wikipedia.org/wiki/%E4%B8%AD%E5%9B%BD%E5%A4%A7%E5%94%90%E9%9B%86%E5%9B%A2#/media/File:China_Datang_Corporation_logo.svg,https://upload.wikimedia.org/wikipedia/zh/thumb/b/bf/China_Datang_Corporation_logo.svg/220px-China_Datang_Corporation_logo.svg.png,
,Luen Mei Group,,,,,
23,Abu Dhabi National Oil Company,https://www.adnoc.ae/,https://www.adnoc.ae/-/media/Adnoc-v2/Images/Logo/adnoc-logo-updated.ashx?la=en&hash=7E6BA2973EF7B0D87F130C52C8D2FD97,https://fr.wikipedia.org/wiki/Abu_Dhabi_National_Oil_Company#/media/Fichier:ADNOC.jpg,https://upload.wikimedia.org/wikipedia/fr/thumb/0/09/ADNOC.jpg/280px-ADNOC.jpg,
,Oil and Natural Gas Corporation,,,,,
56,Inpex Corp,https://www.inpex.co.jp/english/,https://www.inpex.co.jp/english/common/img/hdr_logo01.png,https://fr.wikipedia.org/wiki/Inpex#/media/Fichier:Inpex_logo.svg,https://upload.wikimedia.org/wikipedia/commons/thumb/4/42/Inpex_logo.svg/langfr-280px-Inpex_logo.svg.png,
,AGL Energy Ltd,,,,,
,Pré-Sal Petróleo S.A.,,,,,
86,Foresight Energy,https://www.foresight.com/,https://www.foresight.com/wp-content/uploads/2015/10/foresight_energy-logo.jpg,,,
4,Jinneng Holding Group Co Ltd,,,https://en.wikipedia.org/wiki/Jinneng_Holding_Equipment_Manufacturing_Group#/media/File:Jincheng_Anthracite_Mining_Group_logo.jpg,https://upload.wikimedia.org/wikipedia/en/e/ea/Jincheng_Anthracite_Mining_Group_logo.jpg,
37,National Thermal Power Corporation,www.ntpc.co.in,,https://fr.wikipedia.org/wiki/National_Thermal_Power_Corporation#/media/Fichier:National_Thermal_Power_logo.svg,https://upload.wikimedia.org/wikipedia/commons/thumb/2/27/National_Thermal_Power_logo.svg/langfr-280px-National_Thermal_Power_logo.svg.png,
,Bulgarian Energy Holding EAD,,,,,
21,Ningxia State-Owned Capital Operation Group,,,,,
,Reliance Power Ltd,,,,,
,Integrated Energy Services Corporation,,,,,
,Inner Mongolia Boyuan Holdings Group,,,,,
,HD Mining International,,,,,
,Seriti,,,,,
,Industrial Development Corporation,,,,,
,Community Trusts,,,,,
,Yulin State-Owned Capital Operation and Management Company,,,,,
,Peabody Energy Corp,,,,,
,Pembroke Resources,,,,,
,PDVSA,,,,,
,Repsol Exploración S.A.,,,,,
,Oil and Natural Gas Corporation of India,,,,,
,PC Venezuela LTD,,,,,
94,Indian Oil Corp Ltd,https://www.iocl.com/,https://www.iocl.com/assets/images/logo.gif,https://fr.wikipedia.org/wiki/Indian_Oil_Corporation#/media/Fichier:Indian_Oil_Logo.svg,https://upload.wikimedia.org/wikipedia/commons/thumb/a/a3/Indian_Oil_Logo.svg/langfr-280px-Indian_Oil_Logo.svg.png,
95,Indonesia Asahan Aluminium Persero PT,https://www.inalum.id/id,https://www.inalum.id/themes/inalum/assets/images/Logo-Inalum-MIND-ID.png,,,
,Bayan Resources Tbk PT,,,,,
35,Shanxi Coking Coal Group Co Ltd,,,,,http://subsites.chinadaily.com.cn/shanxi/att/20180823/1535012009426088486.png
45,China Cinda Asset Management Company,https://www.cinda.com.cn/xdjt/xdjtpd/index.shtml,https://www.cinda.com.cn/resource/830/846/897/36117/36145/39057/39085/1431334955940382854857.gif,https://en.wikipedia.org/wiki/China_Cinda_Asset_Management#/media/File:China_Cinda_Asset_Management_Logo.png,https://upload.wikimedia.org/wikipedia/commons/thumb/9/92/China_Cinda_Asset_Management_Logo.png/220px-China_Cinda_Asset_Management_Logo.png,
,China Construction Bank,,,,,
,Indika Energy Tbk PT,,,,,
88,GCM Resources,http://www.gcmplc.com/,http://www.gcmplc.com/sites/default/files/inline-images/logo.jpg,,,
,Minerals Development Company Botswana,,,,,
38,ConocoPhillips,https://www.conocophillips.com/,,https://fr.wikipedia.org/wiki/ConocoPhillips#/media/Fichier:ConocoPhillips_Logo.svg,https://upload.wikimedia.org/wikipedia/commons/thumb/0/0c/ConocoPhillips_Logo.svg/langfr-280px-ConocoPhillips_Logo.svg.png,
,Guangdong Hanjian Investment Co Ltd,,,,,
,Shanghai Chengrui Investment Company,,,,,
,China Kingho Energy Group,,,,,
,ITOCHU Corp,,,,,
96,Iraqi Oil Exploration Company,https://www.oec.oil.gov.iq/en/,https://www.oec.oil.gov.iq/assets/images/en/logo.png,,,
8,QatarEnergy,www.qatargas.com,,https://fr.wikipedia.org/wiki/Qatar_Energy#/media/Fichier:Qatar_Petroleum.jpg,https://upload.wikimedia.org/wikipedia/fr/thumb/6/6d/Qatar_Petroleum.jpg/280px-Qatar_Petroleum.jpg,
84,Evraz PLC,https://www.evraz.com/en/,"data:image/svg+xml;base64,PHN2ZyB3aWR0aD0iMjA2IiBoZWlnaHQ9IjMyIiB2aWV3Qm94PSIwIDAgMjA2IDMyIiBmaWxsPSJub25lIiB4bWxucz0iaHR0cDovL3d3dy53My5vcmcvMjAwMC9zdmciPgo8ZyBjbGlwLXBhdGg9InVybCgjY2xpcDBfMjYxOV81Nzk5KSI+CjxwYXRoIGQ9Ik0zMi4xODc1IDBIMFY2LjM5Nzg1SDMyLjE4NzVWMFoiIGZpbGw9IiNGQ0I1M0IiLz4KPHBhdGggZD0iTTMyLjE4NzUgMTIuNzk1N0gwVjE5LjE5MzZIMzIuMTg3NVYxMi43OTU3WiIgZmlsbD0iI0Y1N0YyOSIvPgo8cGF0aCBkPSJNMzIuMTg3NSAyNS41OTE0SDBWMzEuOTg5MkgzMi4xODc1VjI1LjU5MTRaIiBmaWxsPSIjRTMyMjEzIi8+CjxwYXRoIGQ9Ik0xNzguODM0IDBWNi4zODcxOUgxOTYuNjIzTDE3OC44NDQgMjUuNTkxNFYzMS45ODkzSDIwNlYyNS41OTE0SDE4Ny45NTRMMjA2IDYuMzk3ODVWMEgxNzguODM0WiIgZmlsbD0iYmxhY2siLz4KPHBhdGggZD0iTTE1OC45OTYgNi4zOTc4NUwxNjQuMDgxIDE5LjE4MjlIMTUzLjg5OUwxNTguOTk2IDYuMzk3ODVaTTE1NC4wNiAwTDE0MS43IDMxLjk4OTNIMTQ5LjA4MkwxNTEuNDk2IDI1LjU4MDdMMTY2LjQ4NCAyNS41OTE0TDE2OC44OTkgMzEuOTk5OUgxNzYuMjM3TDE2My4xNjkgMEgxNTQuMDZaIiBmaWxsPSJibGFjayIvPgo8cGF0aCBkPSJNMTAwLjQwNCAwTDkwLjk2MTkgMjMuMDMyM0w4MS45NzA4IDBINzMuOTc3Nkw4Ny40OTY0IDMxLjk4OTNIOTQuNTAyNUwxMDcuOTM1IDBIMTAwLjQwNFoiIGZpbGw9ImJsYWNrIi8+CjxwYXRoIGQ9Ik00NS4wNTE4IDBWMzEuOTg5M0g3MS40NjdWMjUuNTkxNEw1MS41MTA3IDI1LjU4MDhWMTkuMTkzNkg3MS40NjdWMTIuNzg1SDUxLjUxMDdWNi40MDg1Mkw3MS40NjcgNi4zODcxOVYwSDQ1LjA1MThaIiBmaWxsPSJibGFjayIvPgo8cGF0aCBkPSJNMTMxLjQ3NSAxOC41OTY1QzEzNS40MTMgMTcuMTU3IDEzNy44NyAxMy41NzQyIDEzNy44NyA5LjUwMDg5QzEzNy44NyA0LjI5NzMgMTMzLjQ3MSAwLjAxMDc0MjIgMTI4LjI2NyAwLjAxMDc0MjJIMTIzLjMxSDExMC41MVYzMkgxMTYuOTQ4VjE5LjE2MTZIMTI0LjU0NEwxMzEuNzY1IDMxLjk2OEgxMzkuNDlMMTMxLjQ3NSAxOC41OTY1Wk0xMjcuOTY3IDEyLjgwNjRIMTE2Ljk0OFY2LjUwNDU2SDEyNy45NjdDMTI5LjcxNiA2LjUwNDU2IDEzMS4xMzIgNy45MTIwOSAxMzEuMTMyIDkuNjUwMTdDMTMxLjEzMiAxMS4zODgzIDEyOS43MTYgMTIuODA2NCAxMjcuOTY3IDEyLjgwNjRaIiBmaWxsPSJibGFjayIvPgo8L2c+CjxkZWZzPgo8Y2xpcFBhdGggaWQ9ImNsaXAwXzI2MTlfNTc5OSI+CjxyZWN0IHdpZHRoPSIyMDYiIGhlaWdodD0iMzIiIGZpbGw9IndoaXRlIi8+CjwvY2xpcFBhdGg+CjwvZGVmcz4KPC9zdmc+Cg==",https://fr.wikipedia.org/wiki/Evraz#/media/Fichier:Evraz.svg,https://upload.wikimedia.org/wikipedia/commons/thumb/a/a4/Evraz.svg/langfr-280px-Evraz.svg.png,
,Talbot Group,,,,,
,Sumitomo Metal,,,,,
,POSCO Holdings Inc,,,,,
90,Government of North Korea,,,https://en.wikipedia.org/wiki/Government_of_North_Korea#/media/File:Emblem_of_North_Korea.svg,https://upload.wikimedia.org/wikipedia/commons/thumb/3/3c/Emblem_of_North_Korea.svg/100px-Emblem_of_North_Korea.svg.png,
,Uttar Pradesh Rajya Vidyut,,,,,
,Rosneftegaz AO,,,,,
,QH Oil Investments LLC,,,,,
,Russian Federation Agency for State Property Management,,,,,
,Yildirim Holding AS,,,,,
,RioZim,,,,,
,Shaanxi Financial Holding Group,,,,,
,Yulin City Yuyang District Energy Investment Company,,,,,
,Yulin State-Owned Asset Operation and Management Company,,,,,
,Guangdong Jinma Tourism Group,,,,,
29,Lu'an Chemical Group Co Ltd,,,,,
,Tianjin Energy Investment Co Ltd,,,,,
46,Sinopec Group,,,https://fr.wikipedia.org/wiki/Sinopec#/media/Fichier:Sinopec_-_Logo.svg,https://upload.wikimedia.org/wikipedia/fr/thumb/3/36/Sinopec_-_Logo.svg/langfr-110px-Sinopec_-_Logo.svg.png,
91,Guangda Holding Company,,,,,
,Changchun Jijun Trade Company,,,,,
,Ningxia State-Owned Assets Company,,,,,
,Shanghai Huayi Group,,,,,
,Jiutai Energy,,,,,
,Jinchengtai Limited Liability Company Of Chemical Industry of Ordos City,,,,,
54,Xinjiang Energy Group,http://www.xjnyjt.cn/,http://www.xjnyjt.cn/images/logo.png,,,
,Joint Resources JSC,,,,,
,FCI Management,,,,,
45,China Cinda Asset Management Company,https://www.cinda.com.cn/xdjt/xdjtpd/index.shtml,https://www.cinda.com.cn/resource/830/846/897/36117/36145/39057/39085/1431334955940382854857.gif,https://en.wikipedia.org/wiki/China_Cinda_Asset_Management#/media/File:China_Cinda_Asset_Management_Logo.png,https://upload.wikimedia.org/wikipedia/commons/thumb/9/92/China_Cinda_Asset_Management_Logo.png/220px-China_Cinda_Asset_Management_Logo.png,
,PPL Corp,,,,,
,PPI,,,,,
,Octo Coal,,,,,
41,Inner Mongolia Yitai Investment Co Ltd,,,,,
,Shanxi Yuedian Energy,,,,,
,Beijing Jingneng Power Company,,,,,
,Imperial Oil Resources Limited,,,,,
140,Sinopec Oil Sands Partnership,,,,,
77,CNOOC Oil Sands Canada,https://www.cnooc.com.cn/#1,https://www.cnooc.com.cn/picture/0/1903232138094441392.png,https://fr.wikipedia.org/wiki/China_National_Offshore_Oil_Corporation#/media/Fichier:CNOOC_01.png,https://upload.wikimedia.org/wikipedia/fr/thumb/a/a6/CNOOC_01.png/280px-CNOOC_01.png,
,Ural Mining Metallurgical Company,,,,,
,Bazhou Dongchen Industry and Trade Company,,,,,
,PAO NOVATEK,,,,,
,Wutongshu Investment Platform Co.,,,,,
,China Investment Co,,,,,
,China Development Bank,,,,,
,China Import-Export Bank,,,,,
,Shandong First Geological and Mineral Exploration Institute,,,,,
53,China Datang Corp,http://www.china-cdt.com/dtwz_site_HTML/index.html,http://www.china-cdt.com/dtwz/dtwz_site/main/images/logo.jpg,https://zh.wikipedia.org/wiki/%E4%B8%AD%E5%9B%BD%E5%A4%A7%E5%94%90%E9%9B%86%E5%9B%A2#/media/File:China_Datang_Corporation_logo.svg,https://upload.wikimedia.org/wikipedia/zh/thumb/b/bf/China_Datang_Corporation_logo.svg/220px-China_Datang_Corporation_logo.svg.png,
,Erdenes MGL,,,,,
,Sindh Engro Coal Mining Company,,,,,
61,Adaro Energy,https://www.adaro.com/,view-source:https://www.adaro.com/web/assets/common/images/logo-adaro-head.png,,,
,Severstal-Resource,,,,,
,Russkaya Energiya,,,,,
,ao Holding Investment Company,,,,,
,Hongchuang,,,,,
,Investment Center,,,,,
,Langfang Heyuan Investment Center,,,,,
40,Hebei Weiyuan Group,,,,,
,Ningxia Wangwa Coal Industry Company,,,,,
,Stanmore Resources,,,,,
,China Securities Finance Corporation,,,,,
,Yang Quan Coal Industry Group,,,,,
,Shanxi Boda Group,,,,,
,Shanxi Provincial Coal Industry Agency Service Center,,,,,
,Beijing Sunshine Ruita Investment Consulting Company,,,,,
,Public Power Corporation of Greece S.A,,,,,
,Guizhou Panjiang Coal and Electricity Group,,,,,
7,Shandong Energy Co Ltd,http://english.shandong-energy.com/,http://www.shandong-energy.com/static/en/images/logo.png,https://en.wikipedia.org/wiki/Shandong_Energy#/media/File:Shandong_Energy_(Logo_2022).png,https://upload.wikimedia.org/wikipedia/en/thumb/9/9d/Shandong_Energy_%28Logo_2022%29.png/150px-Shandong_Energy_%28Logo_2022%29.png,
,Guizhou Coalfield Geology Bureau,,,,,
,Futura Resources,,,,,
,Sojitz Corp,,,,,
,Beijing Guotai Xinhua Industrial Company,,,,,
,Xinjiang Changyuan Water Group,,,,,
,Xinjiang Xinhua Hydropower Investment Company,,,,,
54,Xinjiang Energy Group,http://www.xjnyjt.cn/,http://www.xjnyjt.cn/images/logo.png,,,
,Zhejiang Xinhu Group Holding Company,,,,,
,Zhejiang Shenglong Industrial Company,,,,,
,Yichang Caiyuan Investment and Management Company,,,,,
,Yichang Xinfa Industry Investment Company,,,,,
93,Hubei Yihua Chemical Industry Co Ltd,http://www.yihua-chem.com/,,,,"https://res.cloudinary.com/crunchbase-production/image/upload/c_lpad,h_256,w_256,f_auto,q_auto:eco,dpr_1/yxsbwt64aq7esl54mz7h"
47,China Huadian Corp Ltd,http://www.chd.com.cn/,,https://en.wikipedia.org/wiki/China_Huadian_Corporation#/media/File:China_Huadian_Corporation(CHD)_logo.svg,https://upload.wikimedia.org/wikipedia/en/thumb/7/78/China_Huadian_Corporation%28CHD%29_logo.svg/120px-China_Huadian_Corporation%28CHD%29_logo.svg.png,
,Shanxi Tangrong Investment Company,,,,,
,Shanxi Dubao New Energy Group,,,,,
,Yuling Mining Group,,,,,
,Yulin Yuyang District Energy Investment Company,,,,,
,Xuzhou Coal Mining Group,,,,,
,Shaanxi Yanchang Petroleum Group Co Ltd,,,,,
181,Bin County Coal Company,http://www.bx-mt.com/,http://www.bx-mt.com/storage/settings/December2019/v5lBG4ZumNOSgfAVI6ku.png,,,
76,CLP Group,https://www.clpgroup.com/en/index.html,https://www.clpgroup.com/content/dam/clp-group/system/images/site/logo-clp-dark-new.png,https://fr.wikipedia.org/wiki/CLP_Holdings#/media/Fichier:CLP_logo.svg,https://upload.wikimedia.org/wikipedia/commons/thumb/3/3e/CLP_logo.svg/langfr-280px-CLP_logo.svg.png,
,Zhejiang Provincial Energy Group Co Ltd,,,,,
,Navajo Nation,,,,,
,Petróleos Mexicanos (PEMEX),,,,,
,Shenmu Coal Company,,,,,
,Yulin Yuyang Coal Company,,,,,
,Yanchang Oil and Minerals Administration Hengshan Oil Drilling and Production Company,,,,,
,Shanghua Investment Company,,,,,
,Steel Authority of India,,,,,
,Rashtriya Ispat Nigam,,,,,
,NMDC,,,,,
,NTPC Ltd,,,,,
3,Coal India Ltd,https://www.coalindia.in/,https://www.coalindia.in/static/images/logo.af6a33b31873.png,https://en.wikipedia.org/wiki/Coal_India#/media/File:Coal_India_Logo.svg,https://upload.wikimedia.org/wikipedia/en/thumb/4/49/Coal_India_Logo.svg/220px-Coal_India_Logo.svg.png,
,Yulin City Finance Investment Management Company,,,,,
