file,column,key_col,new,old
carbon_bombs_data.csv,Companies_involved_source_GEM,Austin Chalk Tight - United States,BlackBrush Oil & Gas LP (100.0%)|Zarvona III-B Plp LP (100.0%)|Zarvona III-B Plp LP (100.0%)|EOG Resources Inc (100.0%)|Verdun Oil Co LLC (100.0%)|APA Corp (100.0%)|Marathon Oil Corp (100.0%)|Repsol SA (100.0%)|Escondido Resources II LLC (100.0%)|El Toro Resources (100.0%)|SM Energy Co (100.0%)|CML Exploration (100.0%)|Zarvona III-B Plp LP (100.0%)|CML Exploration (100.0%)|Trinity Operating (USG) (100.0%)|CML Exploration (100.0%)|ConocoPhillips (100.0%)|BlackBrush Oil & Gas LP (100.0%)|Devon Energy Corp (100.0%)|Equinor ASA (100.0%)|Gulftex Energy (100.0%)|Magnolia Oil & Gas Corp (100.0%)|Murphy Oil Corp (100.0%),Blackbrush (100.0%)|Zarvona Energy (100.0%)|Zarvona Energy (100.0%)|EOG Resources Inc (100.0%)|Verdun Oil & Gas (100.0%)|APA Corp (100.0%)|Marathon Oil Corp (100.0%)|Repsol SA (100.0%)|Escondido Resources (100.0%)|El Toro Resources (100.0%)|SM Energy Co (100.0%)|CML Exploration (100.0%)|Zarvona Energy (100.0%)|CML Exploration (100.0%)|Trinity Operating (USG) (100.0%)|CML Exploration (100.0%)|ConocoPhillips (100.0%)|Blackbrush (100.0%)|Devon Energy Corp (100.0%)|Equinor ASA (100.0%)|Gulftex Energy (100.0%)|Magnolia Oil & Gas Operating (100.0%)|Murphy E&P. Company (100.0%)
carbon_bombs_data.csv,Companies_involved_source_GEM,Barnett Shale - United States,"White Knight Production (100.0%)|Oakridge Oil And Gas (100.0%)|Bedrock Production (100.0%)|BRG Lone Star (100.0%)|Eagleridge Operating (100.0%)|EOG Resources Inc (100.0%)|Faulconer, Vernon E. (100.0%)|GHA Barnett (100.0%)|Hillwood O & G Operating Co. (100.0%)|Lime Rock Partners LLC (100.0%)|Scout Energy Management (100.0%)","White Knight Production (100.0%)|Oakridge Oil And Gas (100.0%)|Bedrock Production (100.0%)|BRG Lone Star (100.0%)|Eagleridge Operating (100.0%)|EOG Resources Inc (100.0%)|Faulconer, Vernon E. (100.0%)|GHA Barnett (100.0%)|Hillwood O & G Operating Co. (100.0%)|Lime Rock Resources (100.0%)|Scout Energy Management (100.0%)"
carbon_bombs_data.csv,Companies_involved_source_GEM,Bogatyr Coal Mine - Kazakhstan,Samruk-Energo (50.0%);EN+ Group International PJSC (50.0%),Samruk-Energo (50.0%);United Company RUSAL (50.0%)
carbon_bombs_data.csv,Companies_involved_source_GEM,DJ Basin Tight Oil - United States,Bison Oil & Gas (100.0%)|Confluence (100.0%)|Chevron Corp (100.0%)|Verdad Resources (100.0%)|Kaiser Francis Oil Co (100.0%)|Bayswater Operating (100.0%)|Chevron Corp (100.0%)|Verdad Resources (100.0%)|EOG Resources Inc (100.0%)|North Silo Resources (100.0%)|Samson Resources II Midco LLC (100.0%),Bison Oil & Gas (100.0%)|Confluence (100.0%)|Chevron Corp (100.0%)|Verdad Resources (100.0%)|Kaiser Francis Oil Co (100.0%)|Bayswater Operating (100.0%)|Chevron Corp (100.0%)|Verdad Resources (100.0%)|EOG Resources Inc (100.0%)|North Silo Resources (100.0%)|Samson Exploration (100.0%)
carbon_bombs_data.csv,Companies_involved_source_GEM,Dolphin - Qatar,Mubadala Investment Co PJSC (51.0%);TotalEnergies SE (24.5%);Occidental Petroleum Corp (24.5%),Mubadala Investment Company (51.0%);TotalEnergies SE (24.5%);Occidental Petroleum Corp (24.5%)
carbon_bombs_data.csv,Companies_involved_source_GEM,Eagle Ford Shale - United States,APA Corp (100.0%)|Chesapeake Energy Corp (100.0%)|Ageron Energy (100.0%)|BlackBrush Oil & Gas LP (100.0%)|Chesapeake Energy Corp (100.0%)|SilverBow Resources Inc (100.0%)|Texas American Resources Company (100.0%)|Verdun Oil Co LLC (100.0%)|Virtex Operating Company (100.0%)|Virtex Operating Company (100.0%)|Auterra Operating (100.0%)|Chesapeake Energy Corp (100.0%)|Devon Energy Corp (100.0%)|EOG Resources Inc (100.0%)|Equinor ASA (100.0%)|Magnolia Oil & Gas Corp (100.0%)|Marathon Oil Corp (100.0%)|Recoil Resources Operating (100.0%)|BlackBrush Oil & Gas LP (100.0%)|BPX Operating (100.0%)|Earthstone Energy Inc (100.0%)|EOG Resources Inc (100.0%)|Gulftex Energy (100.0%)|Murphy Oil Corp (100.0%)|Exxon Mobil Corp (100.0%)|APA Corp (100.0%)|Chesapeake Energy Corp (100.0%)|Virtex Operating Company (100.0%)|EXCO Resources Inc (100.0%)|ConocoPhillips (100.0%),APA Corp (100.0%)|Chesapeake Energy Corp (100.0%)|Ageron Energy (100.0%)|Blackbrush (100.0%)|Chesapeake Energy Corp (100.0%)|SilverBow Resources Inc (100.0%)|Texas American Resources Company (100.0%)|Verdun Oil & Gas (100.0%)|Virtex Operating Company (100.0%)|Virtex Operating Company (100.0%)|Auterra Operating (100.0%)|Chesapeake Energy Corp (100.0%)|Devon Energy Corp (100.0%)|EOG Resources Inc (100.0%)|Equinor ASA (100.0%)|Magnolia Oil & Gas Operating (100.0%)|Marathon Oil Corp (100.0%)|Recoil Resources Operating (100.0%)|Blackbrush (100.0%)|BPX Operating (100.0%)|Earthstone Operating (100.0%)|EOG Resources Inc (100.0%)|Gulftex Energy (100.0%)|Murphy E&P. Company (100.0%)|Exxon Mobil Corp (100.0%)|APA Corp (100.0%)|Chesapeake Energy Corp (100.0%)|Virtex Operating Company (100.0%)|Exco Operating Co. (100.0%)|ConocoPhillips (100.0%)
carbon_bombs_data.csv,Companies_involved_source_GEM,Eastern Gas Program - Russia,Novatek PJSC (100.0%),Novatek (100.0%)
carbon_bombs_data.csv,Companies_involved_source_GEM,Haynesville/Bossier Shale - United States,Shelby Boswell Operator (100.0%)|KJ Energy (100.0%)|Petroquest Energy (100.0%)|R. Lacy Services (100.0%)|BP PLC (100.0%)|CCI (100.0%)|Chevron Corp (100.0%)|Comstock Resources Inc (100.0%)|Comstock Resources Inc (100.0%)|R. Lacy Services (100.0%)|Sheridan Production Company (100.0%)|Exxon Mobil Corp (100.0%)|Chevron Corp (100.0%)|BPX Operating (100.0%)|BPX Operating (100.0%)|BPX Operating (100.0%)|Blue Dome (100.0%)|BPX Operating (100.0%)|Chesapeake Energy Corp (100.0%)|EXCO Resources Inc (100.0%)|Amplify Energy Corp (100.0%)|Trinity Operating (USG) (100.0%)|Tellurian Inc (100.0%)|Aethon Energy Management LLC (100.0%)|Rockcliff Energy II LLC (100.0%)|BP PLC (100.0%),Shelby Boswell Operator (100.0%)|KJ Energy (100.0%)|Petroquest Energy (100.0%)|R. Lacy Services (100.0%)|BP PLC (100.0%)|CCI (100.0%)|Chevron Corp (100.0%)|Comstock Resources Inc (100.0%)|Comstock Resources Inc (100.0%)|R. Lacy Services (100.0%)|Sheridan Production Company (100.0%)|Exxon Mobil Corp (100.0%)|Chevron Corp (100.0%)|BPX Operating (100.0%)|BPX Operating (100.0%)|BPX Operating (100.0%)|Blue Dome (100.0%)|BPX Operating (100.0%)|Chesapeake Energy Corp (100.0%)|Exco Operating Co. (100.0%)|Amplify Energy Corp (100.0%)|Trinity Operating (USG) (100.0%)|Tellurian Operating (100.0%)|Aethon Energy (100.0%)|Rockcliff Energy Operating (100.0%)|BP PLC (100.0%)
carbon_bombs_data.csv,Companies_involved_source_GEM,Hunter Valley North Coal Mine - Australia,Shandong Energy Co Ltd (50.0%);Glencore PLC (50.0%),Yankuang Energy (50.0%);Glencore PLC (50.0%)
carbon_bombs_data.csv,Companies_involved_source_GEM,Hunter Valley South Coal Mine - Australia,Shandong Energy Co Ltd (50.0%);Glencore PLC (50.0%),Yankuang Energy (50.0%);Glencore PLC (50.0%)
carbon_bombs_data.csv,Companies_involved_source_GEM,Jiangjun Gebi No.2 Coal Mine - China,TBEA Co Ltd (86.0%);Xinjiang Joinworld Company (14.0%),Tebian Electric Apparatus (TBEA) (86.0%);Xinjiang Joinworld Company (14.0%)
carbon_bombs_data.csv,Companies_involved_source_GEM,Lower Zakum - United Arab Emirates,Abu Dhabi National Oil Company (ADNOC) (60.0%);Oil and Natural Gas Corporation Ltd (ONGC) (10.0%);Inpex Corp (10.0%);China National Petroleum Corporation (CNPC) (6.0%);Other (14.0%),Abu Dhabi National Oil Company (60.0%);Oil and Natural Gas Corporation Ltd (ONGC) (10.0%);Inpex Corp (10.0%);China National Petroleum Corporation (CNPC) (6.0%);Other (14.0%)
carbon_bombs_data.csv,Companies_involved_source_GEM,Lula (X-Tupi) - Brazil,Petróleo Brasileiro SA – Petrobras (40.2%);Petróleo Brasileiro SA – Petrobras (40.2%);Shell PLC (13.8%);Galp Energia SGPS SA (5.5%);Pré-Sal Petróleo S.A. (0.3%),Petróleo Brasileiro SA – Petrobras (40.2%);Petróleo Brasileiro SA – Petrobras (40.2%);Shell PLC (13.8%);Galp Energia SGPS S.A. (5.5%);Pré-Sal Petróleo S.A. (0.3%)
carbon_bombs_data.csv,Companies_involved_source_GEM,MC #1 Coal Mine - United States,Murray Metallurgical Coal Holdings LLC (100.0%),Foresight Energy (100.0%)
carbon_bombs_data.csv,Companies_involved_source_GEM,Marcellus Shale - United States,EQT Corp (100.0%)|Olympus Energy LLC (100.0%)|Range Resources Corp (100.0%)|Snyder Bros (100.0%)|PennEnergy Resources LLC (100.0%)|Gulfport Energy Corp (100.0%)|Gulfport Energy Corp (100.0%)|Exxon Mobil Corp (100.0%)|Southwestern Energy Co (100.0%)|EQT Corp (100.0%)|EQT Corp (100.0%)|Greylock Production (100.0%)|Antero Resources Corp (100.0%)|Arsenal Resources Development LLC (100.0%)|Chesapeake Energy Corp (100.0%)|HG Energy II Production Holdings LLC (100.0%)|EXCO Resources Inc (100.0%)|Inflection Energy (100.0%)|HG Energy II Production Holdings LLC (100.0%)|CNX Resources Corp (100.0%)|Northeast Natural Energy LLC (100.0%)|Equinor ASA (100.0%)|Jay-Bee Oil & Gas (100.0%)|CNX Resources Corp (100.0%)|EQT Corp (100.0%)|Chesapeake Energy Corp (100.0%)|BKV Operations (100.0%)|Chesapeake Energy Corp (100.0%)|Repsol SA (100.0%)|Southwestern Energy Co (100.0%)|EQT Corp (100.0%)|EQT Corp (100.0%)|EQT Corp (100.0%)|HG Energy II Production Holdings LLC (100.0%)|EQT Corp (100.0%)|Southwestern Energy Co (100.0%)|Tribune Resources (100.0%)|BKV Operations (100.0%)|Chesapeake Energy Corp (100.0%)|Southwestern Energy Co (100.0%),EQT Corp (100.0%)|Olympus Energy (100.0%)|Range Resources Appalachia (100.0%)|Snyder Bros (100.0%)|Pennenergy Resources (100.0%)|Gulfport Energy Corp (100.0%)|Gulfport Energy Corp (100.0%)|Exxon Mobil Corp (100.0%)|Southwestern Energy Co (100.0%)|EQT Corp (100.0%)|EQT Corp (100.0%)|Greylock Production (100.0%)|Antero Resources Corp (100.0%)|Arsenal Resources (100.0%)|Chesapeake Energy Corp (100.0%)|HG Energy (100.0%)|EXCO Resources Inc (100.0%)|Inflection Energy (100.0%)|HG Energy (100.0%)|CNX Gas Co. (100.0%)|Northeast Natural Energy LLC (100.0%)|Equinor ASA (100.0%)|Jay-Bee Oil & Gas (100.0%)|CNX Gas Co. (100.0%)|EQT Corp (100.0%)|Chesapeake Energy Corp (100.0%)|BKV Operations (100.0%)|Chesapeake Energy Corp (100.0%)|Repsol SA (100.0%)|Southwestern Energy Co (100.0%)|EQT Corp (100.0%)|EQT Corp (100.0%)|EQT Corp (100.0%)|HG Energy (100.0%)|EQT Corp (100.0%)|Southwestern Energy Co (100.0%)|Tribune Resources (100.0%)|BKV Operations (100.0%)|Chesapeake Energy Corp (100.0%)|Southwestern Energy Co (100.0%)
carbon_bombs_data.csv,Companies_involved_source_GEM,Orinoco Joint Ventures - Venezuela,PDVSA (60.0%);Repsol SA (11.0%);Oil and Natural Gas Corporation Ltd (ONGC) (11.0%);PC Venezuela LTD (11.0%);Indian Oil Corp Ltd (7.0%)|PDVSA (60.0%);other (40.0%),PDVSA (60.0%);Repsol SA (11.0%);Oil and Natural Gas Corporation of India (11.0%);PC Venezuela LTD (11.0%);Indian Oil Corp Ltd (7.0%)|PDVSA (60.0%);other (40.0%)
carbon_bombs_data.csv,Companies_involved_source_GEM,PRB Tight Oil - United States,Anschutz Exploration Corporation (100.0%)|EOG Resources Inc (100.0%)|Northwoods Operating (100.0%)|Ballard Petroleum Holding (100.0%)|Denbury Onshore (100.0%)|Vermilion Energy Inc (100.0%)|Continental Resources Inc/OK (100.0%)|Devon Energy Corp (100.0%)|FDL Operating (100.0%)|Ballard Petroleum Holding (100.0%)|True Oil (100.0%)|EOG Resources Inc (100.0%)|Wold Energy Partners (100.0%)|Carbon Creek Energy (100.0%)|Contango Resources (100.0%)|Denbury Onshore (100.0%)|EOG Resources Inc (100.0%)|Anschutz Exploration Corporation (100.0%)|Northwoods Operating (100.0%)|Impact Exploration and Production Partners LLC (100.0%)|Ballard Petroleum Holdings (100.0%)|Continental Resources Inc/OK (100.0%)|EOG Resources Inc (100.0%)|Navigation Powder River (100.0%)|Peak Powder River Resources (100.0%)|Petro-Hunt (100.0%)|Rebellion Energy (100.0%)|Rockies Resources Holdings (100.0%)|Titan Exploration (100.0%)|True Oil (100.0%)|Vermilion Energy Inc (100.0%)|Occidental Petroleum Corp (100.0%)|Anschutz Exploration Corporation (100.0%)|Balidor Oil & Gas (100.0%)|Bright Rock Energy (100.0%)|Chesapeake Energy Corp (100.0%)|Continental Resources Inc/OK (100.0%)|Devon Energy Corp (100.0%)|EOG Resources Inc (100.0%)|Impact Exploration and Production Partners LLC (100.0%)|Northwoods Operating (100.0%)|Renos Land & Minerals Company (100.0%)|Titan Exploration (100.0%)|Wold Energy Partners (100.0%)|EOG Resources Inc (100.0%)|Balidor Oil & Gas (100.0%)|Chesapeake Energy Corp (100.0%),Anschutz Exploration Corporation (100.0%)|EOG Resources Inc (100.0%)|Northwoods Operating (100.0%)|Ballard Petroleum Holding (100.0%)|Denbury Onshore (100.0%)|Vermilion Energy Inc (100.0%)|Continental Resources Inc/OK (100.0%)|Devon Energy Corp (100.0%)|FDL Operating (100.0%)|Ballard Petroleum Holding (100.0%)|True Oil (100.0%)|EOG Resources Inc (100.0%)|Wold Energy Partners (100.0%)|Carbon Creek Energy (100.0%)|Contango Resources (100.0%)|Denbury Onshore (100.0%)|EOG Resources Inc (100.0%)|Anschutz Exploration Corporation (100.0%)|Northwoods Operating (100.0%)|Impact Exploration & Production (100.0%)|Ballard Petroleum Holdings (100.0%)|Continental Resources Inc/OK (100.0%)|EOG Resources Inc (100.0%)|Navigation Powder River (100.0%)|Peak Powder River Resources (100.0%)|Petro-Hunt (100.0%)|Rebellion Energy (100.0%)|Rockies Resources Holdings (100.0%)|Titan Exploration (100.0%)|True Oil (100.0%)|Vermilion Energy Inc (100.0%)|Anadarko (100.0%)|Anschutz Exploration Corporation (100.0%)|Balidor Oil & Gas (100.0%)|Bright Rock Energy (100.0%)|Chesapeake Energy Corp (100.0%)|Continental Resources Inc/OK (100.0%)|Devon Energy Corp (100.0%)|EOG Resources Inc (100.0%)|Impact Exploration & Production (100.0%)|Northwoods Operating (100.0%)|Renos Land & Minerals Company (100.0%)|Titan Exploration (100.0%)|Wold Energy Partners (100.0%)|EOG Resources Inc (100.0%)|Balidor Oil & Gas (100.0%)|Chesapeake Energy Corp (100.0%)
carbon_bombs_data.csv,Companies_involved_source_GEM,Permian Delaware Tight - United States,Chevron Corp (100.0%)|Occidental Petroleum Corp (100.0%)|BTA Oil Producers (100.0%)|Devon Energy Corp (100.0%)|EOG Resources Inc (100.0%)|Matador Resources Co (100.0%)|Mewbourne Oil Company (100.0%)|Murchison Oil And Gas (100.0%)|Occidental Petroleum Corp (100.0%)|Exxon Mobil Corp (100.0%)|Capitan Energy (100.0%)|Jetta Permian (100.0%)|Diamondback Energy Inc (100.0%)|Sheridan Production Company (100.0%)|Exxon Mobil Corp (100.0%)|Ameredev Holdings II LLC (100.0%)|ConocoPhillips (100.0%)|Kaiser Francis Oil Co  (100.0%)|Legacy Reserves Inc (100.0%)|Spur Energy Partners (100.0%)|Blackbeard Operating LLC (100.0%)|Fasken Oil And Ranch (100.0%)|Abraxas Petroleum Corp (100.0%)|Point Energy Partners Petro (100.0%)|RIO Oil and Gas Holdco LLC (100.0%)|Tall City Operations (100.0%),Chevron Corp (100.0%)|Occidental Petroleum Corp (100.0%)|BTA Oil Producers (100.0%)|Devon Energy Corp (100.0%)|EOG Resources Inc (100.0%)|Matador Production Company (100.0%)|Mewbourne Oil Company (100.0%)|Murchison Oil And Gas (100.0%)|Occidental Petroleum Corp (100.0%)|Exxon Mobil Corp (100.0%)|Capitan Energy (100.0%)|Jetta Permian (100.0%)|Diamondback E&P (100.0%)|Sheridan Production Company (100.0%)|Exxon Mobil Corp (100.0%)|Ameredev (100.0%)|ConocoPhillips (100.0%)|Kaiser Francis Oil Co  (100.0%)|Legacy Reserves Operating (100.0%)|Spur Energy Partners (100.0%)|Blackbeard Operating LLC (100.0%)|Fasken Oil And Ranch (100.0%)|Abraxas (100.0%)|Point Energy Partners Petro (100.0%)|Rio Oil And Gas (Permian) (100.0%)|Tall City Operations (100.0%)
carbon_bombs_data.csv,Companies_involved_source_GEM,Permian Midland Tight - United States,Kinder Morgan Inc (100.0%)|Legacy Reserves Inc (100.0%)|Elevation Resources LLC (100.0%)|Clear Fork (100.0%)|Surge Operating (100.0%)|Chevron Corp (100.0%)|Sabinal Energy Operating LLC (100.0%)|Walsh Petroleum (100.0%)|Sheridan Production Company (100.0%)|Exxon Mobil Corp (100.0%)|Ring Energy Inc (100.0%)|Steward Energy II LLC (100.0%)|Occidental Petroleum Corp (100.0%)|Avalon TX Operating (100.0%)|APA Corp (100.0%)|Earthstone Energy Inc (100.0%)|Henry Resources (100.0%)|PrimeEnergy Resources Corp (100.0%)|TRP Operating (100.0%)|Bayswater Operating (100.0%)|Callon Petroleum Co (100.0%)|Discovery Natural Resources LLC (100.0%)|Endeavor Energy Resources LP (100.0%)|Fasken Oil And Ranch (100.0%)|HighPeak Energy Inc (100.0%)|Permian Deep Rock Oil Co. (100.0%)|Pioneer Natural Resources Co (100.0%)|Crownquest Operating (100.0%)|Ovintiv Inc (100.0%)|Diamondback Energy Inc (100.0%),Kinder Morgan Production Co. (100.0%)|Legacy Reserves Operating (100.0%)|Elevation Resources (100.0%)|Clear Fork (100.0%)|Surge Operating (100.0%)|Chevron Corp (100.0%)|Sabinal Energy Operating LLC (100.0%)|Walsh Petroleum (100.0%)|Sheridan Production Company (100.0%)|Exxon Mobil Corp (100.0%)|Ring Energy Inc (100.0%)|Steward Energy (100.0%)|Occidental Petroleum Corp (100.0%)|Avalon TX Operating (100.0%)|APA Corp (100.0%)|Earthstone Operating (100.0%)|Henry Resources (100.0%)|Prime Operating Company (100.0%)|TRP Operating (100.0%)|Bayswater Operating (100.0%)|Callon Petroleum Co (100.0%)|Discovery Natural Resources LLC (100.0%)|Endeavor Energy Resources LP (100.0%)|Fasken Oil And Ranch (100.0%)|HighPeak Energy Inc (100.0%)|Permian Deep Rock Oil Co. (100.0%)|Pioneer Natural Resources Co (100.0%)|Crownquest Operating (100.0%)|Ovintiv Inc (100.0%)|Diamondback E&P (100.0%)
carbon_bombs_data.csv,Companies_involved_source_GEM,QatarGas 1 LNG T1-T3 - Qatar,QatarEnergy (68.5%);ConocoPhillips (30.0%);Mitsui & Co Ltd (1.5%),QatarEnergy (68.5%);ConocoPhillips (30.0%);Mitsui & Co. Ltd. (1.5%)
carbon_bombs_data.csv,Companies_involved_source_GEM,QatarGas LNG T12-T13 (NFE-South) - Qatar,QatarEnergy (68.5%);ConocoPhillips (30.0%);Mitsui & Co Ltd (1.5%),QatarEnergy (68.5%);ConocoPhillips (30.0%);Mitsui & Co. Ltd. (1.5%)
carbon_bombs_data.csv,Companies_involved_source_GEM,Revuboe Coal Mine - Mozambique,Talbot Group (59.0%);Nippon Steel Corp (33.0%);POSCO Holdings Inc (8.0%),Talbot Group (59.0%);Nippon Steel & Sumitomo Metal (33.0%);POSCO Holdings Inc (8.0%)
carbon_bombs_data.csv,Companies_involved_source_GEM,Tambey Zone (Yamal Megaproject) - Russia,Novatek PJSC (50.1%);TotalEnergies SE (20.0%);China National Petroleum Corporation (CNPC) (20.0%);Wutongshu Investment Platform Co. (6.4%);China Investment Co (1.5%);China Development Bank (0.5%);China Import-Export Bank (1.5%),PAO NOVATEK (50.1%);TotalEnergies SE (20.0%);China National Petroleum Corporation (CNPC) (20.0%);Wutongshu Investment Platform Co. (6.4%);China Investment Co (1.5%);China Development Bank (0.5%);China Import-Export Bank (1.5%)
carbon_bombs_data.csv,Companies_involved_source_GEM,Umm Shaif/Nasr - United Arab Emirates,Abu Dhabi National Oil Company (ADNOC) (60.0%);Eni SpA (10.0%);TotalEnergies SE (20.0%);China National Petroleum Corporation (CNPC) (6.0%);China National Offshore Oil Corp (CNOOC) (4.0%)|Abu Dhabi National Oil Company (ADNOC) (60.0%);Eni SpA (10.0%);TotalEnergies SE (20.0%);China National Petroleum Corporation (CNPC) (6.0%);China National Offshore Oil Corp (CNOOC) (4.0%),Abu Dhabi National Oil Company (60.0%);Eni SpA (10.0%);TotalEnergies SE (20.0%);China National Petroleum Corporation (CNPC) (6.0%);China National Offshore Oil Corp (CNOOC) (4.0%)|Abu Dhabi National Oil Company (60.0%);Eni SpA (10.0%);TotalEnergies SE (20.0%);China National Petroleum Corporation (CNPC) (6.0%);China National Offshore Oil Corp (CNOOC) (4.0%)
carbon_bombs_data.csv,Companies_involved_source_GEM,Upper Zakum - United Arab Emirates,Abu Dhabi National Oil Company (ADNOC) (60.0%);Exxon Mobil Corp (28.0%);Inpex Corp (12.0%),Abu Dhabi National Oil Company (60.0%);Exxon Mobil Corp (28.0%);Inpex Corp (12.0%)
carbon_bombs_data.csv,Companies_involved_source_GEM,Utica Shale - United States,Ascent Resources LLC (100.0%)|EOG Resources Inc (100.0%)|Southwestern Energy Co (100.0%)|PennEnergy Resources LLC (100.0%)|Exxon Mobil Corp (100.0%)|National Fuel Gas Co (100.0%)|PennEnergy Resources LLC (100.0%)|Antero Resources Corp (100.0%)|EQT Corp (100.0%)|CNX Resources Corp (100.0%)|Hilcorp Energy Co (100.0%)|National Fuel Gas Co (100.0%)|Exxon Mobil Corp (100.0%)|CNX Resources Corp (100.0%)|Southwestern Energy Co (100.0%)|National Fuel Gas Co (100.0%)|CNX Resources Corp (100.0%)|Gulfport Energy Corp (100.0%)|Gulfport Energy Corp (100.0%)|Southwestern Energy Co (100.0%)|JKLM Energy (100.0%)|Southwestern Energy Co (100.0%)|Jay-Bee Oil & Gas (100.0%),Ascent Resources (100.0%)|EOG Resources Inc (100.0%)|Southwestern Energy Co (100.0%)|Pennenergy Resources (100.0%)|Exxon Mobil Corp (100.0%)|National Fuel Gas Co (100.0%)|Pennenergy Resources (100.0%)|Antero Resources Corp (100.0%)|EQT Corp (100.0%)|CNX Gas Co. (100.0%)|Hilcorp Energy Co (100.0%)|National Fuel Gas Co (100.0%)|Exxon Mobil Corp (100.0%)|CNX Gas Co. (100.0%)|Southwestern Energy Co (100.0%)|National Fuel Gas Co (100.0%)|CNX Gas Co. (100.0%)|Gulfport Energy Corp (100.0%)|Gulfport Energy Corp (100.0%)|Southwestern Energy Co (100.0%)|JKLM Energy (100.0%)|Southwestern Energy Co (100.0%)|Jay-Bee Oil & Gas (100.0%)
carbon_bombs_data.csv,Companies_involved_source_GEM,Vaca Muerta Shale - Argentina,Geopark Ltd (100.0%)|Pan American Energy Group SL (100.0%)|Pan American Energy Group SL (100.0%)|YPF SA (100.0%)|Tecpetrol International SA (100.0%)|Medanito SA (100.0%)|Wintershall Dea GmbH (100.0%)|Exxon Mobil Corp (100.0%)|TotalEnergies SE (100.0%)|TotalEnergies SE (100.0%)|Pan American Energy Group SL (100.0%)|TotalEnergies SE (100.0%)|YPF SA (100.0%)|Shell PLC (100.0%)|Vista Oil & Gas Argentina SAU (100.0%)|Exxon Mobil Corp (100.0%)|Pan American Energy Group SL (100.0%)|YPF SA (100.0%)|YPF SA (100.0%)|YPF SA (100.0%)|YPF SA (100.0%)|Pluspetrol SA (100.0%)|YPF SA (100.0%)|Pluspetrol SA (100.0%)|YPF SA (100.0%)|YPF SA (100.0%)|Vista Oil & Gas Argentina SAU (100.0%)|YPF SA (100.0%)|YPF SA (100.0%)|YPF SA (100.0%)|YPF SA (100.0%)|Shell PLC (100.0%)|Shell PLC (100.0%)|YPF SA (100.0%)|YPF SA (100.0%)|YPF SA (100.0%)|YPF SA (100.0%)|Pluspetrol SA (100.0%)|Pluspetrol SA (100.0%)|Pampa Energia SA (100.0%)|Petroleos Sudamericanos SA (100.0%)|YPF SA (100.0%)|YPF SA (100.0%)|YPF SA (100.0%)|Pluspetrol SA (100.0%)|Capex SA (100.0%)|Chevron Corp (100.0%)|YPF SA (100.0%)|YPF SA (100.0%)|TotalEnergies SE (100.0%)|TotalEnergies SE (100.0%)|Tecpetrol International SA (100.0%)|YPF SA (100.0%)|Pluspetrol SA (100.0%)|Pluspetrol SA (100.0%)|Petroquimica Comodoro Rivadavia SA (100.0%)|YPF SA (100.0%)|Pluspetrol SA (100.0%)|YPF SA (100.0%)|Capex SA (100.0%)|Tecpetrol International SA (100.0%)|YPF SA (100.0%)|Capex SA (100.0%)|YPF SA (100.0%)|TotalEnergies SE (100.0%)|YPF SA (100.0%)|Tecpetrol International SA (100.0%)|Exxon Mobil Corp (100.0%)|YPF SA (100.0%)|YPF SA (100.0%)|President Petroleum SA (100.0%)|YPF SA (100.0%)|YPF SA (100.0%)|YPF SA (100.0%)|Pluspetrol SA (100.0%)|YPF SA (100.0%)|Tecpetrol International SA (100.0%)|TotalEnergies SE (100.0%)|YPF SA (100.0%)|TotalEnergies SE (100.0%)|YPF SA (100.0%)|TotalEnergies SE (100.0%)|YPF SA (100.0%)|YPF SA (100.0%)|YPF SA (100.0%)|Pampa Energia SA (100.0%)|Shell PLC (100.0%)|YPF SA (100.0%),Geopark Ltd (100.0%)|Pan American Energy Group SL (100.0%)|Pan American Energy Group SL (100.0%)|YPF SA (100.0%)|Tecpetrol SA (100.0%)|Medanito SA (100.0%)|Wintershall Dea GmbH (100.0%)|Exxon Mobil Corp (100.0%)|TotalEnergies SE (100.0%)|TotalEnergies SE (100.0%)|Pan American Energy Group SL (100.0%)|TotalEnergies SE (100.0%)|YPF SA (100.0%)|Shell PLC (100.0%)|Vista Oil & Gas Argentina SAU (100.0%)|Exxon Mobil Corp (100.0%)|Pan American Energy Group SL (100.0%)|YPF SA (100.0%)|YPF SA (100.0%)|YPF SA (100.0%)|YPF SA (100.0%)|Pluspetrol SA (100.0%)|YPF SA (100.0%)|Pluspetrol SA (100.0%)|YPF SA (100.0%)|YPF SA (100.0%)|Vista Oil & Gas Argentina SAU (100.0%)|YPF SA (100.0%)|YPF SA (100.0%)|YPF SA (100.0%)|YPF SA (100.0%)|Shell PLC (100.0%)|Shell PLC (100.0%)|YPF SA (100.0%)|YPF SA (100.0%)|YPF SA (100.0%)|YPF SA (100.0%)|Pluspetrol SA (100.0%)|Pluspetrol SA (100.0%)|Pampa Energia SA (100.0%)|Petroleos Sudamericanos SA (100.0%)|YPF SA (100.0%)|YPF SA (100.0%)|YPF SA (100.0%)|Pluspetrol SA (100.0%)|Capex SA (100.0%)|Chevron Corp (100.0%)|YPF SA (100.0%)|YPF SA (100.0%)|TotalEnergies SE (100.0%)|TotalEnergies SE (100.0%)|Tecpetrol SA (100.0%)|YPF SA (100.0%)|Pluspetrol SA (100.0%)|Pluspetrol SA (100.0%)|Petroquimica Comodoro Rivadavia SA (100.0%)|YPF SA (100.0%)|Pluspetrol SA (100.0%)|YPF SA (100.0%)|Capex SA (100.0%)|Tecpetrol SA (100.0%)|YPF SA (100.0%)|Capex SA (100.0%)|YPF SA (100.0%)|TotalEnergies SE (100.0%)|YPF SA (100.0%)|Tecpetrol SA (100.0%)|Exxon Mobil Corp (100.0%)|YPF SA (100.0%)|YPF SA (100.0%)|President Petroleum SA (100.0%)|YPF SA (100.0%)|YPF SA (100.0%)|YPF SA (100.0%)|Pluspetrol SA (100.0%)|YPF SA (100.0%)|Tecpetrol SA (100.0%)|TotalEnergies SE (100.0%)|YPF SA (100.0%)|TotalEnergies SE (100.0%)|YPF SA (100.0%)|TotalEnergies SE (100.0%)|YPF SA (100.0%)|YPF SA (100.0%)|YPF SA (100.0%)|Pampa Energia SA (100.0%)|Shell PLC (100.0%)|YPF SA (100.0%)
carbon_bombs_data.csv,Companies_involved_source_GEM,Woodford Shale - United States,Bosque Texas Oil (100.0%)|Pioneer Natural Resources Co (100.0%),Bosque Texas Oil (100.0%)|Jagged Peak Energy (100.0%)
carbon_bombs_data.csv,Carbon_bomb_description,Shubarkol Coal Mine - Kazakhstan,"Shurbarkol Premium Coal Mine (разрез Шубарколь Премиум) is a SURFACE mine in Karaganda region, Kazakhstan.","Shurbarkol Premium Coal Mine (разрез Шубарколь Премиум) is a SURFACE mine in Karaganda region, Kazaakhstan."
company_data.csv,Address_headquarters_source_chatGPT,Shandong Energy Co Ltd,"No. 298, Fushan South Road, Zoucheng, Shandong, China","No. 66, Lishan Road, Jinan, Shandong, China"
company_data.csv,Latitude,Shandong Energy Co Ltd,35.39561,36.64586
company_data.csv,Longitude,Shandong Energy Co Ltd,116.95089,117.03614
company_data.csv,Carbon_bomb_connected,EXCO Resources Inc,"Eagle Ford Shale,Haynesville/Bossier Shale,Marcellus Shale",Marcellus Shale
company_data.csv,Carbon_bomb_connected,Occidental Petroleum Corp,"Dolphin,PRB Tight Oil,Permian Delaware Tight,Permian Midland Tight","Dolphin,Permian Delaware Tight,Permian Midland Tight"
company_data.csv,Carbon_bomb_connected,Oil and Natural Gas Corporation Ltd (ONGC),"Lower Zakum,Orinoco Joint Ventures",Lower Zakum
company_data.csv,Carbon_bomb_connected,Pioneer Natural Resources Co,"Permian Midland Tight,Woodford Shale",Permian Midland Tight
company_data.csv,Carbon_bomb_connected,Shandong Energy Co Ltd,"Changcheng No.3 Coal Mine,Gaojiabao Coal Mine,Hunter Valley North Coal Mine,Hunter Valley South Coal Mine,Jinjitan Coal Mine,Shilawusu Coal Mine,West Well of Faer Second Coal Mine,Xinwen Ili No.1 Coal Mine,Yangjiacun Coal Mine,Yili No.4 Coal Mine,Yingpanhao Coal Mine","Changcheng No.3 Coal Mine,Gaojiabao Coal Mine,Jinjitan Coal Mine,Shilawusu Coal Mine,West Well of Faer Second Coal Mine,Xinwen Ili No.1 Coal Mine,Yangjiacun Coal Mine,Yili No.4 Coal Mine,Yingpanhao Coal Mine"
