Company_name,Address_headquarters_source_chatGPT,Latitude,Longitude,Carbon_bomb_connected,Country,World_region,Logo_URL
1776 Energy,,0.0,0.0,Austin Chalk Tight,,,
1849 Energy,,0.0,0.0,Barnett Shale,,,
4P Energy,,0.0,0.0,"Anadarko Shelf_Oklahoma,Meramec Shale",,,
A-Property,"Moscow, Russia",55.755826,37.6173,"Elga Coal Mine,Sugodinsk-Ogodzhinsky Coal Mine",Russia,Europe,
AGL Energy Ltd,"200 George St, Sydney NSW 2000, Australia",-33.8625031,151.2077978,Loy Yang Coal Mine,Australia,Oceania,
Abraxas,,0.0,0.0,"Bakken Shale,Permian Delaware Tight",,,
Abu Dhabi National Oil Company,"Al Mamoura A Building, Mohammed Bin Zayed City, Abu Dhabi, UAE",24.3477446,54.55326600000001,"Lower Zakum,Umm Shaif/Nasr,Upper Zakum",United Arab Emirates,Asia,https://www.adnoc.ae/-/media/Adnoc-v2/Images/Logo/adnoc-logo-updated.ashx?la=en&hash=7E6BA2973EF7B0D87F130C52C8D2FD97
Adani Group,"Adani House, Near Mithakhali Circle, Navrangpura, Ahmedabad, Gujarat, India",23.0332566,72.566549,Carmichael Coal Project,India,Asia,
Adaro Energy,"Menara Karya, 23rd Floor, Jl. H.R. Rasuna Said, Block X-5, Kav. 1-2, Jakarta 12950, Indonesia",-6.222582999999999,106.7355118,Tutupan Coal Mine,Indonesia,Asia,view-source:https://www.adaro.com/web/assets/common/images/logo-adaro-head.png
Aethon Energy,,0.0,0.0,Haynesville/Bossier Shale,,,
Africa Energy Corp.,"1900, 885 West Georgia Street, Vancouver, BC, Canada V6C 3E8",49.2837809,-123.1195319,Collingham Shale,Canada,North America,https://africaenergycorp.com/site/templates/img/logo-home.png
Ageron Energy,,0.0,0.0,Austin Chalk Tight,,,
Aghorn,,0.0,0.0,Permian Delaware Tight,,,
Aker BP ASA,"Oksenoyveien 10, Lysaker, Norway",59.9049698,10.6252488,Johan Sverdrup,Norway,Europe,https://en.wikipedia.org/wiki/Aker_ASA#/media/File:Aker_ASA.svg
Al-Haj Group of Companies,,0.0,0.0,Sembar Shale,,,
Alliance Resource Partners LP,"1717 S Boulder Ave, Tulsa, OK 74119, USA",36.1376262,-95.9881529,Hamilton County Mine No.1,United States,North America,
Ameredev,,0.0,0.0,Permian Delaware Tight,,,
American Petroleum,,0.0,0.0,Utica Shale,,,
Amplify Energy Corp,,0.0,0.0,Haynesville/Bossier Shale,,,
Anadarko,,0.0,0.0,"PRB Tight Oil,Permian Delaware Tight",,,
Anhui Xinji Coal and Electricity Group,"Beijing, China",39.904211,116.407395,"Kouzi East Coal Mine,Liuzhuang Coal Mine",China,Asia,
Anschutz Exploration Corporation,,0.0,0.0,PRB Tight Oil,,,
Antero Resources Corp,,0.0,0.0,"Marcellus Shale,Utica Shale",,,
Apache Co.,,0.0,0.0,"Anadarko Shelf_Oklahoma,Austin Chalk Tight,Barnett Shale,Meramec Shale,Permian Delaware Tight,Permian Midland Tight",,,
Approach Operating,,0.0,0.0,Permian Delaware Tight,,,
Arcadia Operating,,0.0,0.0,"Marcellus Shale,Utica Shale",,,
Arch Resources Inc,"One City Place Drive, Suite 300, St. Louis, MO 63141, USA",38.6726015,-90.4415002,Black Thunder Coal Mine,United States,North America,
Armor Lonestar,,0.0,0.0,Austin Chalk Tight,,,
Arrowhead Productions,,0.0,0.0,Barnett Shale,,,
Arsenal Resources,,0.0,0.0,"Marcellus Shale,Utica Shale",,,
Ascent Resources,,0.0,0.0,"Marcellus Shale,Utica Shale",,,
Asian American Continental Coal Company,"Beijing, China",39.904211,116.407395,Gaohe Coal Mine,China,Asia,
Aspen Operating,,0.0,0.0,Permian Delaware Tight,,,
Atlantic Resources,,0.0,0.0,Permian Delaware Tight,,,
Atlas Oper Co.,,0.0,0.0,Austin Chalk Tight,,,
Atoka Operating,,0.0,0.0,Permian Midland Tight,,,
Auterra Operating,,0.0,0.0,Austin Chalk Tight,,,
Avalon TX Operating,,0.0,0.0,Permian Midland Tight,,,
Azerbaijan (OCC) Limited,,0.0,0.0,ACG (Azeri-Chirag-Guneshli Deep Water),,,
BBX Operating,,0.0,0.0,Austin Chalk Tight,,,
BCE-Mach,,0.0,0.0,"Anadarko Shelf_Oklahoma,Meramec Shale",,,
BHP Billiton,,0.0,0.0,"Austin Chalk Tight,Permian Delaware Tight",,,
BHP Group Ltd,"171 Collins Street, Melbourne, Victoria 3000, Australia",-37.8154778,144.9682824,"Blackwater Coal Mine,Goonyella-Riverside Coal Mine,Peak Downs Coal Mine,Red Hill Coal Project,Saraji East Coal Mine,Tannezuft Shale",Australia,Oceania,https://www.bhp.com/-/media/project/bhp1ip/bhp1ip-en/bhp-orange.png?iar=0&hash=337742FC8FA64974B77D26E658467170
BKV Operations,,0.0,0.0,"Marcellus Shale,Utica Shale",,,
BP PLC,"1 St. James's Square, London, SW1Y 4PD, United Kingdom",51.507727,-0.1346114,"ACG (Azeri-Chirag-Guneshli Deep Water),Anadarko Shelf_Oklahoma,Haynesville/Bossier Shale,Johan Sverdrup,La Luna Shale,Lensky Basin CBM,Meramec Shale,Rumaila North & South,Samotlorneftegaz (TNK-BP),Tannezuft Shale,Tunguska Basin CBM",United Kingdom,Europe,https://www.bp.com/apps/settings/wcm/designs/refresh/bp/images/navigation/bp-logo.svg
BPX (KCS Resources),,0.0,0.0,Haynesville/Bossier Shale,,,
BPX (WSF Operating),,0.0,0.0,Haynesville/Bossier Shale,,,
BPX Operating,,0.0,0.0,"Austin Chalk Tight,Haynesville/Bossier Shale",,,
BRG Lone Star,,0.0,0.0,"Barnett Shale,Haynesville/Bossier Shale",,,
BTA Oil Producers,,0.0,0.0,Permian Delaware Tight,,,
Balidor Oil & Gas,,0.0,0.0,PRB Tight Oil,,,
Ballard Petroleum,,0.0,0.0,PRB Tight Oil,,,
Ballard Petroleum Holdings,,0.0,0.0,PRB Tight Oil,,,
Banner Operating,,0.0,0.0,Permian Midland Tight,,,
Basa Resources Inc,,0.0,0.0,"Barnett Shale,Permian Midland Tight",,,
Basra Oil Company,"Basra, Iraq",30.5257657,47.77379699999999,"Basrah Gas project,Halfayah,Majnoon,Nahr bin Umar,Ratawi,Rumaila North & South,Zubair",Iraq,Asia,https://en.wikipedia.org/wiki/Basra_Oil_Company#/media/File:Coat_of_arms_of_Iraq.svg
Bayan Resources Tbk PT,"Menara Bidakara 2, Jl. Jend. Gatot Subroto Kav. 71-73, Jakarta, Indonesia",-6.240633700000001,106.8409182,Pakar North Coal Mine,Indonesia,Asia,
Bayannaoer Zhuoyue Building Materials Company,"Beijing, China",39.904211,116.407395,Baijia Haizi Coal Mine,China,Asia,
Bayswater Operating,,0.0,0.0,"DJ Basin Tight Oil,Permian Midland Tight",,,
Bazhou Dongchen Industry and Trade Company,"Beijing, China",39.904211,116.407395,Talike District No. 2 Coal Mine,China,Asia,
Bedrock Production,,0.0,0.0,Barnett Shale,,,
Beijing Energy Holding Co Ltd,"Beijing, China",39.904211,116.407395,"Gaojialiang No.1 Coal Mine,Hongqingliang Coal Mine,Shengli East No.2 Coal Mine",China,Asia,https://www.bjei.com/Uploads/image/20200916/5f61c8f1747c4.png
Beijing Guotai Xinhua Industrial Company,"Beijing, China",39.904211,116.407395,Wucaiwan No.1 Coal Mine,China,Asia,
Beijing Jingneng Power Company,"Beijing, China",39.904211,116.407395,Suancigou Coal Mine,China,Asia,
Beijing Lirui Investment Company,"Beijing, China",39.904211,116.407395,Hongshaquan No.1 Coal Mine,China,Asia,
Beijing Sunshine Ruita Investment Consulting Company,"Beijing, China",39.904211,116.407395,Wenjiazhuang Coal Mine,China,Asia,
Bharat Petroleum Corp Ltd,,0.0,0.0,Lensky Basin CBM,,,
Bin County Coal Company,"Beijing, China",39.904211,116.407395,Yadian Coal Mine,China,Asia,http://www.bx-mt.com/storage/settings/December2019/v5lBG4ZumNOSgfAVI6ku.png
Binxian Coal Company,"Beijing, China",39.904211,116.407395,Dafosi Coal Mine,China,Asia,
Bison Oil & Gas,,0.0,0.0,DJ Basin Tight Oil,,,
Blackbeard Operating LLC,,0.0,0.0,Permian Delaware Tight,,,
Blackbrush,,0.0,0.0,Austin Chalk Tight,,,
Blue Dome,,0.0,0.0,Haynesville/Bossier Shale,,,
Bluestone,,0.0,0.0,"Barnett Shale,Permian Delaware Tight",,,
Boaz Energy,,0.0,0.0,Permian Delaware Tight,,,
Bold Operating,,0.0,0.0,Permian Midland Tight,,,
Bonanza Creek Energy,,0.0,0.0,DJ Basin Tight Oil,,,
Bono Lithihi Investments Group,"Le Cap, South Africa",-33.9248685,18.4240553,Bernice-Cygnus Coal Mine,South Africa,Africa,
Bosque Texas Oil,,0.0,0.0,"Permian Delaware Tight,Woodford Shale",,,
Bracken Operating,,0.0,0.0,"Anadarko Shelf_Oklahoma,Meramec Shale",,,
Brazos River Exploration,,0.0,0.0,Barnett Shale,,,
Breitburn Operating,,0.0,0.0,"Haynesville/Bossier Shale,Permian Delaware Tight",,,
Bright Rock Energy,,0.0,0.0,PRB Tight Oil,,,
Brix Operating,,0.0,0.0,Haynesville/Bossier Shale,,,
Brooks Petroleum,,0.0,0.0,Haynesville/Bossier Shale,,,
Brookston Energy,,0.0,0.0,Haynesville/Bossier Shale,,,
"Brown, H.L. Operating",,0.0,0.0,Permian Midland Tight,,,
Bruin E&P Operating,,0.0,0.0,Bakken Shale,,,
Bulgarian Energy Holding EAD,"16 Veslets St., 1000 Sofia, Bulgaria",42.6997732,23.3257998,Maritsa Coal Mines,Bulgaria,Europe,
Bumi Resources,"Bakrie Tower, 3rd Floor, Rasuna Epicentrum, Jl. H.R. Rasuna Said, Jakarta, Indonesia",-6.219212,106.8344885,KPC Operation Coal Mine,Indonesia,Asia,http://www.bumiresources.com/assets/img/full-logo.png
Burk Royalty Co.,,0.0,0.0,Austin Chalk Tight,,,
Burlington Resources,,0.0,0.0,"Austin Chalk Tight,Bakken Shale,Eagle Ford Shale,Permian Delaware Tight",,,
Burnett Oil Co.,,0.0,0.0,Permian Delaware Tight,,,
CBP Operating,,0.0,0.0,Permian Delaware Tight,,,
CCI,,0.0,0.0,Haynesville/Bossier Shale,,,
CHI Operating,,0.0,0.0,Permian Midland Tight,,,
CKD Mines,"Ottawa, Canada",45.4215296,-75.69719309999999,Gething Coal Mine,Canada,North America,
CLP Holdings Ltd,"8/F, Devon House, Taikoo Place, 979 King's Road, Quarry Bay, Hong Kong",22.2872229,114.2110848,Yallourn,China,Asia,https://www.clpgroup.com/content/dam/clp-group/system/images/site/logo-clp-dark-new.png
CML Exploration,,0.0,0.0,Austin Chalk Tight,,,
CNOOC International,"Floor 10, CNOOC Building, 20 Chaoyangmenwai Dajie, Chaoyang District, Beijing, China",39.91807,116.43901,Greater Turbot (Stabroek),China,Asia,https://www.cnooc.com.cn/picture/0/1903232138094441392.png
CNOOC Limited,"Floor 10, CNOOC Building, 20 Chaoyangmenwai Dajie, Chaoyang District, Beijing, China",39.91807,116.43901,"Libra,Mero (Libra NW),Oil shale China,Umm Shaif/Nasr",China,Asia,https://www.cnooc.com.cn/picture/0/1903232138094441392.png
CNOOC Oil Sands Canada,"2500, 500 4 Ave SW, Calgary, AB T2P 2V6, Canada",51.04987879999999,-114.07204,"Athabasca Oil Sands Project,Syncrude Mildred Lake/Aurora",Canada,North America,https://www.cnooc.com.cn/picture/0/1903232138094441392.png
CNPC,,0.0,0.0,Changqing,,,
CNX Gas Co.,,0.0,0.0,"Marcellus Shale,Utica Shale",,,
COG Operating,,0.0,0.0,Permian Midland Tight,,,
COG Production,,0.0,0.0,Permian Delaware Tight,,,
CRD Operating,,0.0,0.0,Haynesville/Bossier Shale,,,
Cabot Oil & Gas,,0.0,0.0,"Marcellus Shale,Utica Shale",,,
Caird Operating,,0.0,0.0,Permian Delaware Tight,,,
Callon Petroleum Co,,0.0,0.0,"Austin Chalk Tight,Permian Midland Tight",,,
Cambrian Management,,0.0,0.0,Permian Delaware Tight,,,
Canadian Natural Resources Ltd (CNRL),"2100, 855 - 2 Street SW, Calgary, AB, Canada T2P 4J8",51.0452615,-114.069437,"Athabasca Oil Sands Project,Collingham Shale",Canada,North America,https://www.cnrl.com/assets/img/layout/cnrl-colour.svg
Capex SA,,0.0,0.0,Vaca Muerta Shale,,,
Capitan Energy,,0.0,0.0,Permian Delaware Tight,,,
Carbon Creek Energy,,0.0,0.0,PRB Tight Oil,,,
Carlyle Group,,0.0,0.0,Tannezuft Shale,,,
Carrizo,,0.0,0.0,"Austin Chalk Tight,Permian Delaware Tight",,,
Castlerock Operating,,0.0,0.0,Austin Chalk Tight,,,
Centennial Resource,,0.0,0.0,Permian Delaware Tight,,,
Champion Lone Star,,0.0,0.0,Permian Delaware Tight,,,
Changchun Jijun Trade Company,"Beijing, China",39.904211,116.407395,Shenhua Baorixile Surface Coal Mine,China,Asia,
Charger Shale Oil Operating,,0.0,0.0,Permian Delaware Tight,,,
Chesapeake Operating,,0.0,0.0,"Austin Chalk Tight,Haynesville/Bossier Shale,Marcellus Shale,PRB Tight Oil,Utica Shale",,,
Chevron Argentina SRL,,0.0,0.0,Vaca Muerta Shale,,,
Chevron Corp,"6001 Bollinger Canyon Rd, San Ramon, CA 94583, USA",37.7589028,-121.9598973,"Athabasca Oil Sands Project,Carboniferous Shale,Haynesville/Bossier Shale,Karachaganak,La Luna Shale,Leviathan,Longmaxi Shale,Permian Delaware Tight,Permian Midland Tight,Tengiz",United States,North America,
Cheyenne Petroleum Co LP,,0.0,0.0,Austin Chalk Tight,,,
Chief Oil & Gas,,0.0,0.0,"Marcellus Shale,Utica Shale",,,
China COSCO Shipping Corp Ltd,"No. 358, Dong Da Ming Road, Hongkou District, Shanghai, China",31.24589,121.49222,Kouzi East Coal Mine,China,Asia,
China Chengtong Holdings Group,"1 Fuxingmenwai Street, Xicheng District, Beijing, China",39.90735,116.34525,Dananhu No. 7 Coal Mine,China,Asia,http://www.cctgroup.com.cn/cctgroup/resource/cms/2017/10/logo.png
China Cinda Asset Management,"1 Financial Street, Xicheng District, Beijing, China",39.9072426,116.3565767,"Dingji Coal Mine,Guqiao Coal Mine",China,Asia,https://www.cinda.com.cn/resource/830/846/897/36117/36145/39057/39085/1431334955940382854857.gif
China Cinda Asset Management Company,"No. 8 Financial Street, Xicheng District, Beijing, China",39.9072426,116.3565767,"Pangpangta Coal Mine,Shenhua Heidaigou Surface Coal Mine,Sihe Coal Mine,Tongxin Coal Mine,Zhangji Coal Mine,Zhong Yu Coal Mine",China,Asia,https://www.cinda.com.cn/resource/830/846/897/36117/36145/39057/39085/1431334955940382854857.gif
China Coal Xinji Energy Co Ltd,"No. 130, Yulan Road, High-tech Zone, Yulin, Shaanxi Province, China",37.7301063,110.1686347,"Anjialing Open-Pit Mine,Antaibao Surface Mine,Dahaize Coal Mine,Dananhu No. 7 Coal Mine,Hongqingliang Coal Mine,Hulusu Coal Mine,Kouzi East Coal Mine,Liuzhuang Coal Mine,Menkeqing Coal Mine,Muduchaideng Coal Mine,Nalin River No.2 Coal Mine,Pingshuo East Coal Mine,Shaqu No.1 Coal Mine,Wangjialing Coal Mine",China,Asia,https://xinji.chinacoal.com/picture/0/7c2cf20011814c9dac0f444ff36e4b96.png
China Construction Bank,"No. 25, Financial Street, Xicheng District, Beijing, China",39.9072426,116.3565767,Pangpangta Coal Mine,China,Asia,
China Datang Corp,"No. 9, Fuxingmenwai Street, Xicheng District, Beijing, China",39.90735,116.34525,"Longwanggou Coal Mine,Shengli East No.2 Coal Mine,Tashan Coal Mine",China,Asia,http://www.china-cdt.com/dtwz/dtwz_site/main/images/logo.jpg
China Development Bank,"No. 17 Financial Street, Xicheng District, Beijing, China",39.9072426,116.3565767,"Hongliulin Coal Mine,Mengcun Coal Mine,Sihe Coal Mine,Tambey Zone (Yamal Megaproject),Xiaozhuang Coal Mine",China,Asia,
China Energy Investment Corp Ltd,"8 Fuxingmenwai Street, Xicheng District, Beijing, China",39.90735,116.34525,"Baode Coal Mine,Buertai Coal Mine,Chagannur No.1 Coal Mine,Chahasu Coal Mine,Daliuta Coal Mine,Dananhu No. 7 Coal Mine,Dananhu No.1 Coal Mine,Dananhu West No.2 Coal Mine,Gaotouyao Coal Mine,Guojiawan Coal Mine,Guqiao Coal Mine,Haerwusu Surface Mine,Halagou Coal Mine,Huangyuchuan Coal Mine,Huojitu Well Of Daliuta Coal Mine,Jinjie Coal Mine,Kouzi East Coal Mine,Lijiahao Coal Mine,Liuzhuang Coal Mine,Meihuajing Coal Mine,Ningxia Hongliu Coal Mine,Qingshuiying Coal Mine,Sandaogou Coal Mine,Shahaiji No.1 Coal Mine,Shajihai No.2 Coal Mine,Shangwan Coal Mine,Shengli No.1 Open-Pit Coal Mine,Shenhua Baorixile Surface Coal Mine,Shenhua Bulianta Coal Mine,Shenhua Heidaigou Surface Coal Mine,Shicaocun Coal Mine,Shigetai Coal Mine,Taran Gaole Coal Mine,Tongxin Coal Mine,Weijiamao Open Pit Mine,Wudong Coal Mine,Xiwan Surface Coal Mine,Yangchangwan No.1 Well Coal Mine,Zaoquan Coal Mine,Zhangji Coal Mine,Zhundong Surface Mine",China,Asia,https://www.ceic.com/xhtml/newchn/images/logo.png
China Huadian Corp Ltd,"6 Fuxingmenwai Street, Xicheng District, Beijing, China",39.90735,116.34525,"Buliangou Coal Mine,Changcheng No.3 Coal Mine,Xiaojiawa Coal Mine,Xiaojihan Coal Mine",China,Asia,https://en.wikipedia.org/wiki/China_Huadian_Corporation#/media/File:China_Huadian_Corporation(CHD)_logo.svg
China Huaneng Group Co Ltd,"6 Fuxingmenwai Street, Xicheng District, Beijing, China",39.90735,116.34525,"Gaotouyao Coal Mine,Hetaoyu Coal Mine,Shengli No.1 Open-Pit Coal Mine,Weijiamao Open Pit Mine,Xinzhuang Coal Mine,Yimin Surface Coal Mine,Yuwang No.1 Coal Mine",China,Asia,https://www.chng.com.cn/cms-chng-theme/images/logo.png
China Huarong Asset Management Company,"8 Financial Street, Xicheng District, Beijing, China",39.9072426,116.3565767,Chagannur No.1 Coal Mine,China,Asia,
China Import-Export Bank,"30-31F, China EXIM Building, 30 Fuxingmennei Street, Xicheng District, Beijing, China",39.9057834,116.3642259,Tambey Zone (Yamal Megaproject),China,Asia,
China Investment Co,"Beijing, China",39.904211,116.407395,Tambey Zone (Yamal Megaproject),China,Asia,
China Kingho Energy Group,"No. 1, Qiyi Street, Urumqi, Xinjiang, China",43.8266299,87.61688,Qinghua No.7 Coal Mine,China,Asia,
China National Petroleum Corporation (CNPC),"9 Dongzhimen North Street, Dongcheng District, Beijing, China",39.9448999,116.42551,"Azadegan,Carboniferous Shale,Halfayah,Libra,Longmaxi Shale,Lower Zakum,Mero (Libra NW),Qurna West,Rumaila North & South,Shenhua Baorixile Surface Coal Mine,Tambey Zone (Yamal Megaproject),Umm Shaif/Nasr",China,Asia,http://www.cnpc.com.cn/cnpc/xhtml/images/logo.png
China Reform Holdings Company,"Beijing, China",39.904211,116.407395,Dananhu No. 7 Coal Mine,China,Asia,https://www.crhc.cn/lib/template/static/images/logo.png
China Securities Finance Corporation,"12F, Bldg. A, Fufengmenwai Street, Xicheng District, Beijing, China",39.90710989999999,116.37415,Weijiamao Open Pit Mine,China,Asia,
China ZhenHua Oil Co Ltd,"28 Xuanwumenwai Street, Xicheng District, Beijing, China",39.90710989999999,116.37415,Baghdad East,China,Asia,
Chisholm Energy,,0.0,0.0,Permian Delaware Tight,,,
Cimarex Energy,,0.0,0.0,"Anadarko Shelf_Oklahoma,Meramec Shale,Permian Delaware Tight",,,
Cimarex Energy Co. of Colorado,,0.0,0.0,Permian Delaware Tight,,,
Cinco Oil & Gas,,0.0,0.0,Austin Chalk Tight,,,
Cinnabar Operating,,0.0,0.0,Permian Midland Tight,,,
Citation Oil & Gas Corp,,0.0,0.0,"Barnett Shale,Permian Midland Tight",,,
Clear Fork,,0.0,0.0,Permian Midland Tight,,,
Clearly Petroleum,,0.0,0.0,Barnett Shale,,,
Coal India Ltd,"Coal Bhawan, Premise No-04 MAR, Plot No-AF-III, Action Area-1A, Newtown, Rajarhat, Kolkata, West Bengal, India",22.5841333,88.4512901,"Balaram Coal Mine,Dipka Coal Mine,Gevra Coal Mine,Integrated Belpahar, Lakhanpur, Lilari Coal Mine,Kaniha Coal Mine,Kusmunda Coal Mine,Lakhanpur Coal Mine,Rajmahal Coal Mine,Siarmal Coal Mine,Zambezi Coal Mine",India,Asia,https://www.coalindia.in/static/images/logo.af6a33b31873.png
Cobra Oil & Gas,,0.0,0.0,Bakken Shale,,,
Colgate Operating,,0.0,0.0,Permian Delaware Tight,,,
Compass Energy,,0.0,0.0,Permian Midland Tight,,,
Comstock Oil & Gas,,0.0,0.0,"Austin Chalk Tight,Haynesville/Bossier Shale",,,
"Comstock Oil & Gas, LP",,0.0,0.0,Haynesville/Bossier Shale,,,
Confluence,,0.0,0.0,DJ Basin Tight Oil,,,
ConocoPhillips,"925 N Eldridge Pkwy, Houston, TX 77079, USA",29.7828141,-95.618465,"Austin Chalk Tight,Permian Delaware Tight,QatarGas 1 LNG T1-T3,QatarGas LNG T12-T13 (NFE-South),Sirte Shale,Troll",United States,North America,https://fr.wikipedia.org/wiki/ConocoPhillips#/media/Fichier:ConocoPhillips_Logo.svg
Contango Resources,,0.0,0.0,"PRB Tight Oil,Permian Delaware Tight",,,
Continental Resources,,0.0,0.0,"Bakken Shale,PRB Tight Oil",,,
Contura Energy,"340 Martin Luther King Jr Blvd, Bristol, TN 37620, USA",36.5910455,-82.1824523,Cumberland Coal Mine,United States,North America,https://alphametresources.com/wp-content/uploads/2022/01/Alpha_Full-Logo_RGB-1.png
Cooperative KazMunayGaz,"19 Kabanbay Batyr Ave., Nur-Sultan, Kazakhstan",51.1315976,71.4119486,"Carboniferous Shale,Kashagan",Kazakhstan,Asia,https://www.kmg.kz/local/templates/main/assets/img/animate-logo.svg
Courson Oil & Gas,,0.0,0.0,"Anadarko Shelf_Oklahoma,Meramec Shale",,,
Covey Park Operating,,0.0,0.0,"Austin Chalk Tight,Haynesville/Bossier Shale",,,
Crescent Point Energy Corp,,0.0,0.0,Bakken Shale,,,
Crestone Peak Resources,,0.0,0.0,DJ Basin Tight Oil,,,
Crimson Energy,,0.0,0.0,"Austin Chalk Tight,Permian Delaware Tight",,,
Crockett Operating,,0.0,0.0,Permian Midland Tight,,,
Crown Equipment Co.,,0.0,0.0,Barnett Shale,,,
Crownquest Operating,,0.0,0.0,Permian Midland Tight,,,
Custer & Wright Operating,,0.0,0.0,Permian Midland Tight,,,
DE3 Operating,,0.0,0.0,Permian Midland Tight,,,
Dallas Production,,0.0,0.0,Haynesville/Bossier Shale,,,
Delek Group Ltd,"18 Giborei Israel St., Netanya, Israel",32.082057,34.8434887,Leviathan,Israel,Asia,https://www.delek-group.com/wp-content/uploads/2017/09/delek-logo.png
Delta Oil & Gas,,0.0,0.0,Barnett Shale,,,
Denbury Onshore,,0.0,0.0,PRB Tight Oil,,,
Devon Energy Corp,,0.0,0.0,"Austin Chalk Tight,Barnett Shale,Eagle Ford Shale,Permian Delaware Tight",,,
Devon Energy Production Company,,0.0,0.0,PRB Tight Oil,,,
Diamondback E&P,,0.0,0.0,"Permian Delaware Tight,Permian Midland Tight",,,
Discovery Natural Resources LLC,,0.0,0.0,Permian Midland Tight,,,
Diversified Production,,0.0,0.0,"Marcellus Shale,Utica Shale",,,
Drummond Company,"PO Box 10246, Birmingham, AL 35202, USA",33.52,-86.8,"El Descanso Coal Mine,Pribbenow Coal Mine",United States,North America,https://dxh5c3.p3cdn1.secureserver.net/wp-content/themes/drummondco/assets/images/logo.png
Duncan Oil Properties,,0.0,0.0,"Anadarko Shelf_Oklahoma,Meramec Shale",,,
E R Operating Co.,,0.0,0.0,Permian Midland Tight,,,
EAP Ohio,,0.0,0.0,"Marcellus Shale,Utica Shale",,,
EGH Operating,,0.0,0.0,Haynesville/Bossier Shale,,,
EM Energy Ohio,,0.0,0.0,"Marcellus Shale,Utica Shale",,,
EOG Resources Inc,,0.0,0.0,"Anadarko Shelf_Oklahoma,Austin Chalk Tight,Bakken Shale,Barnett Shale,DJ Basin Tight Oil,Marcellus Shale,Meramec Shale,PRB Tight Oil,Permian Delaware Tight,Utica Shale",,,
EP Energy Corp,,0.0,0.0,Bakken Shale,,,
EP Energy E&P Company,,0.0,0.0,Austin Chalk Tight,,,
EQT Chap.,,0.0,0.0,"Marcellus Shale,Utica Shale",,,
EQT Production Co.,,0.0,0.0,"Marcellus Shale,Utica Shale",,,
ETX Energy,,0.0,0.0,Austin Chalk Tight,,,
EXCO Resources Inc,,0.0,0.0,"Marcellus Shale,Utica Shale",,,
Eagleridge Operating,,0.0,0.0,Barnett Shale,,,
Earthstone Operating,,0.0,0.0,"Austin Chalk Tight,Permian Midland Tight",,,
East Texas Exploration,,0.0,0.0,Haynesville/Bossier Shale,,,
Eclipse Resources,,0.0,0.0,"Marcellus Shale,Utica Shale",,,
Ecopetrol S.A.,,0.0,0.0,La Luna Shale,,,
El Toro Resources,,0.0,0.0,Austin Chalk Tight,,,
Eland Energy,,0.0,0.0,Permian Delaware Tight,,,
Electricity Generating PCL,,0.0,0.0,Afşin-Elbistan Coal Mine,,,
Elektroprivreda Srbije (EPS),,0.0,0.0,Kolubara Mine Complex,,,
Element Petroleum,,0.0,0.0,Permian Midland Tight,,,
Elevation Resources,,0.0,0.0,Permian Midland Tight,,,
Elion Resources Group Ltd,"Beijing, China",39.904211,116.407395,Huangyuchuan Coal Mine,China,Asia,
Elk Meadows Resources,,0.0,0.0,Permian Midland Tight,,,
Elk Petroleum Ltd,,0.0,0.0,Permian Midland Tight,,,
Elk River Resources,,0.0,0.0,Permian Delaware Tight,,,
Ellora Energy,,0.0,0.0,Haynesville/Bossier Shale,,,
Empresa Operating,,0.0,0.0,Haynesville/Bossier Shale,,,
Enauta Energia SA,,0.0,0.0,Candeias Shale,,,
Encana Oil & Gas,,0.0,0.0,"Austin Chalk Tight,Permian Midland Tight",,,
Endeavor Energy Resources LP,,0.0,0.0,"Austin Chalk Tight,Barnett Shale,Permian Midland Tight",,,
Enel SpA,,0.0,0.0,Tannezuft Shale,,,
Enerplus Corp,,0.0,0.0,Bakken Shale,,,
Enervest Operating,,0.0,0.0,"Anadarko Shelf_Oklahoma,Barnett Shale,Meramec Shale,Permian Delaware Tight",,,
Eni,,0.0,0.0,Sirte Shale,,,
Eni SpA,"Piazzale Enrico Mattei, 1, 00144 Rome, Italy",41.8270511,12.4715209,"Basrah Gas project,Carboniferous Shale,Karachaganak,Kashagan,Sembar Shale,South Pars (Phases 4-5) dry gas,Tannezuft Shale,Umm Shaif/Nasr,Zubair",Italy,Europe,https://fr.wikipedia.org/wiki/Eni#/media/Fichier:Eni_SpA_(logo).svg
Ensight IV Energy,,0.0,0.0,Haynesville/Bossier Shale,,,
Ensign Operating LLC,,0.0,0.0,Eagle Ford Shale,,,
Epic Permian Operating,,0.0,0.0,Permian Delaware Tight,,,
Equinor ASA,"Forusbeen 50, 4035 Stavanger, Norway",58.8904932,5.7186889,"ACG (Azeri-Chirag-Guneshli Deep Water),Johan Sverdrup,Shtokman,Sirte Shale,Tannezuft Shale,Timan - Pechora Basin Offshore,Troll",Norway,Europe,https://en.wikipedia.org/wiki/Equinor#/media/File:Equinor.svg
Equinor Energy,,0.0,0.0,"Austin Chalk Tight,Bakken Shale,Marcellus Shale,Utica Shale",,,
Erdenes MGL,"Ulaanbaatar 14240, Mongolia",47.88639879999999,106.9057439,Tavan Tolgoi Coal Mine,Mongolia,Asia,
Erdos Chunhui Forest Company,"Beijing, China",39.904211,116.407395,Hongshuliang Coal Mine,China,Asia,
Erdos Jiuyuan Investment Company,"Beijing, China",39.904211,116.407395,Inner Mongolia Erlintu Coal Mine,China,Asia,
Escondido Resources,,0.0,0.0,Austin Chalk Tight,,,
Evraz PLC,"16th Floor, 29 Ludgate Hill, London, EC4M 7NX, United Kingdom",51.5137753,-0.1017615,Raspadskaya Coal Mine,United Kingdom,Europe,"data:image/svg+xml;base64,PHN2ZyB3aWR0aD0iMjA2IiBoZWlnaHQ9IjMyIiB2aWV3Qm94PSIwIDAgMjA2IDMyIiBmaWxsPSJub25lIiB4bWxucz0iaHR0cDovL3d3dy53My5vcmcvMjAwMC9zdmciPgo8ZyBjbGlwLXBhdGg9InVybCgjY2xpcDBfMjYxOV81Nzk5KSI+CjxwYXRoIGQ9Ik0zMi4xODc1IDBIMFY2LjM5Nzg1SDMyLjE4NzVWMFoiIGZpbGw9IiNGQ0I1M0IiLz4KPHBhdGggZD0iTTMyLjE4NzUgMTIuNzk1N0gwVjE5LjE5MzZIMzIuMTg3NVYxMi43OTU3WiIgZmlsbD0iI0Y1N0YyOSIvPgo8cGF0aCBkPSJNMzIuMTg3NSAyNS41OTE0SDBWMzEuOTg5MkgzMi4xODc1VjI1LjU5MTRaIiBmaWxsPSIjRTMyMjEzIi8+CjxwYXRoIGQ9Ik0xNzguODM0IDBWNi4zODcxOUgxOTYuNjIzTDE3OC44NDQgMjUuNTkxNFYzMS45ODkzSDIwNlYyNS41OTE0SDE4Ny45NTRMMjA2IDYuMzk3ODVWMEgxNzguODM0WiIgZmlsbD0iYmxhY2siLz4KPHBhdGggZD0iTTE1OC45OTYgNi4zOTc4NUwxNjQuMDgxIDE5LjE4MjlIMTUzLjg5OUwxNTguOTk2IDYuMzk3ODVaTTE1NC4wNiAwTDE0MS43IDMxLjk4OTNIMTQ5LjA4MkwxNTEuNDk2IDI1LjU4MDdMMTY2LjQ4NCAyNS41OTE0TDE2OC44OTkgMzEuOTk5OUgxNzYuMjM3TDE2My4xNjkgMEgxNTQuMDZaIiBmaWxsPSJibGFjayIvPgo8cGF0aCBkPSJNMTAwLjQwNCAwTDkwLjk2MTkgMjMuMDMyM0w4MS45NzA4IDBINzMuOTc3Nkw4Ny40OTY0IDMxLjk4OTNIOTQuNTAyNUwxMDcuOTM1IDBIMTAwLjQwNFoiIGZpbGw9ImJsYWNrIi8+CjxwYXRoIGQ9Ik00NS4wNTE4IDBWMzEuOTg5M0g3MS40NjdWMjUuNTkxNEw1MS41MTA3IDI1LjU4MDhWMTkuMTkzNkg3MS40NjdWMTIuNzg1SDUxLjUxMDdWNi40MDg1Mkw3MS40NjcgNi4zODcxOVYwSDQ1LjA1MThaIiBmaWxsPSJibGFjayIvPgo8cGF0aCBkPSJNMTMxLjQ3NSAxOC41OTY1QzEzNS40MTMgMTcuMTU3IDEzNy44NyAxMy41NzQyIDEzNy44NyA5LjUwMDg5QzEzNy44NyA0LjI5NzMgMTMzLjQ3MSAwLjAxMDc0MjIgMTI4LjI2NyAwLjAxMDc0MjJIMTIzLjMxSDExMC41MVYzMkgxMTYuOTQ4VjE5LjE2MTZIMTI0LjU0NEwxMzEuNzY1IDMxLjk2OEgxMzkuNDlMMTMxLjQ3NSAxOC41OTY1Wk0xMjcuOTY3IDEyLjgwNjRIMTE2Ljk0OFY2LjUwNDU2SDEyNy45NjdDMTI5LjcxNiA2LjUwNDU2IDEzMS4xMzIgNy45MTIwOSAxMzEuMTMyIDkuNjUwMTdDMTMxLjEzMiAxMS4zODgzIDEyOS43MTYgMTIuODA2NCAxMjcuOTY3IDEyLjgwNjRaIiBmaWxsPSJibGFjayIvPgo8L2c+CjxkZWZzPgo8Y2xpcFBhdGggaWQ9ImNsaXAwXzI2MTlfNTc5OSI+CjxyZWN0IHdpZHRoPSIyMDYiIGhlaWdodD0iMzIiIGZpbGw9IndoaXRlIi8+CjwvY2xpcFBhdGg+CjwvZGVmcz4KPC9zdmc+Cg=="
Exco Operating Co.,,0.0,0.0,Haynesville/Bossier Shale,,,
Extraction Oil & Gas,,0.0,0.0,DJ Basin Tight Oil,,,
Exxaro Resources Ltd,"The ConneXXion, 263B, West Avenue, Die Hoewes, Centurion, South Africa",-25.8532822,28.1895192,Grootegeluk Coal Mine,South Africa,Africa,https://www.exxaro.com/img/logo_light.svg
Exxon Mobil Corp,"5959 Las Colinas Blvd, Irving, TX 75039, USA",32.889883,-96.950202,"Athabasca Oil Sands Project,Carboniferous Shale,Greater Turbot (Stabroek),Kashagan,Qatargas 2 LNG T4-T5,Qurna West,Tengiz,Upper Zakum,Vaca Muerta Shale",United States,North America,https://corporate.exxonmobil.com/-/media/global/icons/logos/exxonmobillogocolor2x.png
FDL Operating,,0.0,0.0,"Barnett Shale,PRB Tight Oil",,,
Fasken Oil And Ranch,,0.0,0.0,"Austin Chalk Tight,Permian Delaware Tight,Permian Midland Tight",,,
"Faulconer, Vernon E.",,0.0,0.0,Barnett Shale,,,
Felderhoff Production,,0.0,0.0,Barnett Shale,,,
Fletcher Operating,,0.0,0.0,Austin Chalk Tight,,,
Foreland Operating,,0.0,0.0,Permian Delaware Tight,,,
Foresight Energy,"One Metropolitan Square, Suite 2600, St. Louis, MO 63102, USA",38.6275525,-90.1900027,MC #1 Coal Mine,United States,North America,https://www.foresight.com/wp-content/uploads/2015/10/foresight_energy-logo.jpg
Former Eni Employees,,0.0,0.0,Sembar Shale,,,
Four Corners Petroleum,,0.0,0.0,Permian Delaware Tight,,,
Freedom Production,,0.0,0.0,Austin Chalk Tight,,,
Fude Life Insurance Company,"Beijing, China",39.904211,116.407395,Dalaihushuo Coal Mine,China,Asia,
Fugu State-Owned Asset Management and Operation Company,"Beijing, China",39.904211,116.407395,Guojiawan Coal Mine,China,Asia,
Fuse Energy,,0.0,0.0,Barnett Shale,,,
Futura Resources,"Canberra, Australia",-35.2809368,149.1300092,Wilton and Fairhill Coal Projects,Australia,Oceania,
GCM Resources,"7th Floor, 33 Cavendish Square, London, W1G 0PW, United Kingdom",51.5160119,-0.1441297,Phulbari Coal Mine,United Kingdom,Europe,http://www.gcmplc.com/sites/default/files/inline-images/logo.jpg
GEP Haynesville,,0.0,0.0,Haynesville/Bossier Shale,,,
GHA Barnett,,0.0,0.0,Barnett Shale,,,
GVK Group,"GVK Lounge, Terminal 2, Chhatrapati Shivaji International Airport, Mumbai, Maharashtra 400099, India",19.0965534,72.87503219999999,Alpha North Coal Mine,India,Asia,
Gadeco,,0.0,0.0,Bakken Shale,,,
Galp Energia SGPS S.A.,,0.0,0.0,Lula (X-Tupi),,,
Ganador Operating,,0.0,0.0,Permian Midland Tight,,,
Gazprom EP International,,0.0,0.0,Sirte Shale,,,
Gazprom PJSC,"16 Nametkina Street, Moscow, Russia",55.6603845,37.5588141,"Bovanenkovo Zone (Yamal Megaproject),Gazprom dobycha Nadym,Gazprom dobycha Orenburg,Gazprom dobycha Yamburg,Leningradskoye (Kara Sea),Lensky Basin CBM,SeverEnergia Project,Shtokman,South Pars (Phases 2-3) dry gas,Timan - Pechora Basin Offshore,Urengoyskoye",Russia,Europe,https://en.wikipedia.org/wiki/Gazprom#/media/File:Gazprom-Logo.svg
GeoPark Argentina Ltd (Sucursal Argentina),,0.0,0.0,Vaca Muerta Shale,,,
Geopark Ltd,,0.0,0.0,Candeias Shale,,,
Geosouthern Energy,,0.0,0.0,Austin Chalk Tight,,,
Glencore PLC,"50 Berkeley Street, London W1J 8HD, United Kingdom",51.5078621,-0.143068,"Cerrejón Coal Mine,Hunter Valley North Coal Mine,Hunter Valley South Coal Mine,Paardekop Coal Mine,Valeria Coal Mine",United Kingdom,Europe,https://www.glencore.com/.resources/gc/webresources/img/Glencore_logo.svg
Golden Energy Mines,"Sinar Mas Land Plaza Tower II, 7th floor Jl. M.H. Thamrin No. 51, Jakarta, Indonesia",-6.1900923,106.8236452,BIB Coal Mine,Indonesia,Asia,https://www.goldenenergymines.com/wp-content/themes/gems/images/gems-logo.png
Goodrich Petroleum Co.,,0.0,0.0,Haynesville/Bossier Shale,,,
Government Holdings (Private) Limited,,0.0,0.0,Sembar Shale,,,
Government of India,"New Delhi, India",28.6139391,77.2090212,"Banhardih,Kerandari BC",India,Asia,https://en.wikipedia.org/wiki/Government_of_India#/media/File:Emblem_of_India.svg
Government of North Korea,"Pyongyang, North Korea",39.0737987,125.8197642,Saebyol Coal Mining Complex,North Korea,Asia,https://en.wikipedia.org/wiki/Government_of_North_Korea#/media/File:Emblem_of_North_Korea.svg
Government of Pakistan,,0.0,0.0,Sembar Shale,,,
Gran Tierra Energy Inc.,,0.0,0.0,La Luna Shale,,,
Great Western Operating Co.,,0.0,0.0,"DJ Basin Tight Oil,Permian Midland Tight",,,
Grenadier Energy,,0.0,0.0,Permian Midland Tight,,,
Greylock Production,,0.0,0.0,"Marcellus Shale,Utica Shale",,,
Grit Oil & Gas,,0.0,0.0,Austin Chalk Tight,,,
Guangda Holding Company,"Beijing, China",39.904211,116.407395,Shenhua Baorixile Surface Coal Mine,China,Asia,
Guangdong Hanjian Investment Co Ltd,"Beijing, China",39.904211,116.407395,Qingchunta Coal Mine,China,Asia,
Guangdong Hengjian Investment Holding Co Ltd,"Beijing, China",39.904211,116.407395,"Gaotouyao Coal Mine,Weijiamao Open Pit Mine",China,Asia,https://www.gdhjtz.com/uploadfiles/2020/10/20201009102249504.png?MjAyMDA5MDPmgZLlgaXmjqfogqHmoIfor4blrprnqL8oMSkucG5n
Guangdong Jinma Tourism Group,"Beijing, China",39.904211,116.407395,Shangyuquan Coal Mine,China,Asia,
Guanghui Energy Holding Company,"No.199, Kezhu Road, Guangzhou Science City, Guangzhou, China",23.15775,113.43803,Baishihu Surface Mine,China,Asia,
Guidon Energy,,0.0,0.0,Permian Midland Tight,,,
Guindastes Brasil,,0.0,0.0,Candeias Shale,,,
Guizhou Coalfield Geology Bureau,"Beijing, China",39.904211,116.407395,West Well of Faer Second Coal Mine,China,Asia,
Guizhou Panjiang Coal and Electricity Group,"Guiyang, Guizhou, China",26.6475899,106.63019,West Well of Faer Second Coal Mine,China,Asia,
Gujarat State Electricity Corporation,"Vidyut Bhavan, Race Course, Vadodara, Gujarat, India",22.3103945,73.16358699999999,Gare Pelma Sector II,India,Asia,
Gulfport Apalachia,,0.0,0.0,"Marcellus Shale,Utica Shale",,,
Gulfport Energy Corp,,0.0,0.0,"Marcellus Shale,Utica Shale",,,
Gulftex Energy,,0.0,0.0,Austin Chalk Tight,,,
Gunn Oil Co.,,0.0,0.0,Permian Midland Tight,,,
H & L Exploration Company,,0.0,0.0,"Anadarko Shelf_Oklahoma,Meramec Shale",,,
HD Mining International,"Ottawa, Canada",45.4215296,-75.69719309999999,Murray River Coal Mine,Canada,North America,
HEXP Operating,,0.0,0.0,Permian Midland Tight,,,
HG Energy,,0.0,0.0,"Marcellus Shale,Utica Shale",,,
HKSCC Nominees Limited,"8/F, Two Exchange Square, 8 Connaught Place, Central, Hong Kong",22.2837763,114.1582256,"Anjialing Open-Pit Mine,Antaibao Surface Mine,Baode Coal Mine,Buertai Coal Mine,Daliuta Coal Mine,Haerwusu Surface Mine,Halagou Coal Mine,Huojitu Well Of Daliuta Coal Mine,Lijiahao Coal Mine,Pingshuo East Coal Mine,Shangwan Coal Mine,Shengli East No.2 Coal Mine,Shenhua Bulianta Coal Mine,Shigetai Coal Mine,Tashan Coal Mine,Wangjialing Coal Mine,Yuwang No.1 Coal Mine",China,Asia,https://www.hkex.com.hk/Market/home/media_20230505200119/logo_main.png?_20220126T073114Z
Hadaway Consult And Engineer,,0.0,0.0,"Anadarko Shelf_Oklahoma,Meramec Shale,Permian Midland Tight",,,
Halcon Operating Co.,,0.0,0.0,Permian Delaware Tight,,,
Harbour Energy,,0.0,0.0,East Natuna (x-Natuna D-Alpha),,,
Harbour Energy PLC,"60-61 Threadneedle Street, London EC2R 8HP, United Kingdom",51.5142169,-0.0865174,Sembar Shale,United Kingdom,Europe,https://www.harbourenergy.com/media/0uhaqtns/harbour-energy-logo.jpg
Harleton Oil & Gas,,0.0,0.0,Haynesville/Bossier Shale,,,
Hashoo Group,,0.0,0.0,Sembar Shale,,,
Hawkwood Energy,,0.0,0.0,Austin Chalk Tight,,,
Hebei Construction & Investment Group Co Ltd,,0.0,0.0,"Chahasu Coal Mine,Shengli East No.2 Coal Mine,Yuwang No.1 Coal Mine",,,
Hebei Weiyuan Group,"Beijing, China",39.904211,116.407395,Wangjiata Coal Mine,China,Asia,
Helis Oil & Gas Company,,0.0,0.0,DJ Basin Tight Oil,,,
Henry Resources,,0.0,0.0,Permian Midland Tight,,,
Hess Bakken Investments,,0.0,0.0,Bakken Shale,,,
Hess Corporation,"1185 Avenue of the Americas, New York, NY 10036, USA",40.7578513,-73.98233809999999,"Greater Turbot (Stabroek),Sirte Shale,Tannezuft Shale",United States,North America,
Hibernia Resources,,0.0,0.0,Permian Midland Tight,,,
HighPeak Energy Inc,,0.0,0.0,Permian Midland Tight,,,
Highmark Energy,,0.0,0.0,Haynesville/Bossier Shale,,,
Highpoint Operating Corp.,,0.0,0.0,DJ Basin Tight Oil,,,
Hilcorp Energy Co,,0.0,0.0,"Marcellus Shale,Utica Shale",,,
Hillwood O & G Operating Co.,,0.0,0.0,Barnett Shale,,,
Hongchuang (Shenzhen) Investment Center,,0.0,0.0,Wangjiata Coal Mine,,,
Huaihe Energy,"Beijing, China",39.904211,116.407395,"Dingji Coal Mine,Guqiao Coal Mine,Zhangji Coal Mine",China,Asia,http://www.wjwlg.com/uploadfiles/image/logo.png?bG9nby5wbmc=
Huayang New Material Technology Group Co Ltd,"Beijing, China",39.904211,116.407395,"Longwan Coal Mine,Qiyuan Coal Mine,Sijiazhuang Coal Mine,Yangquan No.1 Coal Mine",China,Asia,https://ru.wikipedia.org/wiki/Huayang_New_Material_Technology_Group#/media/%D0%A4%D0%B0%D0%B9%D0%BB:Yangquan_Coal_Industry_Group.png
Hub Power,,0.0,0.0,Sembar Shale,,,
Hubei Yihua Chemical Industry Co Ltd,"No. 30, Qingshan Road, Yichang, Hubei, China",31.05023,112.19398,Wucaiwan No.1 Surface Mine,China,Asia,"https://res.cloudinary.com/crunchbase-production/image/upload/c_lpad,h_256,w_256,f_auto,q_auto:eco,dpr_1/yxsbwt64aq7esl54mz7h"
Hunt Oil Company,,0.0,0.0,"Bakken Shale,Barnett Shale,Permian Midland Tight",,,
Huolinhe Coal Industry Group,"Beijing, China",39.904211,116.407395,Baiyinhua No.3 Surface Mine,China,Asia,
ITOCHU Corp,"5-1, Kita-Aoyama 2-chome, Minato-ku, Tokyo, Japan",35.6715796,139.717307,Qurna West,Japan,Asia,
Impact Exploration & Production,,0.0,0.0,PRB Tight Oil,,,
Imperial Oil Resources Limited,"505 Quarry Park Blvd SE, Calgary, AB T2C 5N1, Canada",50.95963,-114.01382,"Athabasca Oil Sands Project,Syncrude Mildred Lake/Aurora",Canada,North America,
Impetro Operating,,0.0,0.0,Permian Delaware Tight,,,
Independence Resources,,0.0,0.0,Permian Midland Tight,,,
Indexim Coalindo,"Jakarta, Indonesia",-6.2087634,106.845599,Indexim Coalindo Coal Mine,Indonesia,Asia,
Indian Oil Corp Ltd,"IndianOil Bhavan, G-9, Ali Yavar Jung Marg, Bandra (East), Mumbai, India",19.0614046,72.84749769999999,"Lensky Basin CBM,Orinoco Joint Ventures",India,Asia,https://www.iocl.com/assets/images/logo.gif
Indigo Minerals,,0.0,0.0,Haynesville/Bossier Shale,,,
Indika Energy Tbk PT,"Indika Energy Building, Jl. Jend. Sudirman Kav. 52-53, Jakarta, Indonesia",-6.2262521,106.806356,Pasir Coal Mine,Indonesia,Asia,
Indonesia Asahan Aluminium Persero PT,"Jl. MH Thamrin No. 2-4, Jakarta, Indonesia",-6.1863542,106.8238987,PTBA Coal Mines,Indonesia,Asia,https://www.inalum.id/themes/inalum/assets/images/Logo-Inalum-MIND-ID.png
Industrial Development Corporation,"19 Fredman Dr, Sandown, Sandton, Johannesburg, South Africa",-26.1027811,28.0527649,New Largo Coal Mine,South Africa,Africa,
Industrial and Commercial Bank of China,"55 Fuxingmennei Street, Xicheng District, Beijing, China",39.9073,116.36566,"Baiyinhua No.3 Surface Mine,Huangling No.2 Coal Mine",China,Asia,https://fr.wikipedia.org/wiki/Banque_industrielle_et_commerciale_de_Chine#/media/Fichier:Industrial_and_Commercial_Bank_of_China_(logo).svg
Inflection Energy,,0.0,0.0,"Marcellus Shale,Utica Shale",,,
Inner Mongolia Boyuan Holdings Group,"Beijing, China",39.904211,116.407395,"Muduchaideng Coal Mine,Nalin River No.2 Coal Mine",China,Asia,
Inner Mongolia Coal Field Geological Bureau,"Beijing, China",39.904211,116.407395,Hongqinghe Coal Mine,China,Asia,
Inner Mongolia Guanglian Minzu Economic Development Company,"Beijing, China",39.904211,116.407395,Hongqinghe Coal Mine,China,Asia,
Inner Mongolia Huineng Coal and Electricity Group,"Beijing, China",39.904211,116.407395,"Baijia Haizi Coal Mine,Inner Mongolia Erlintu Coal Mine",China,Asia,
Inner Mongolia Kaiyuan Shiye Group,"Beijing, China",39.904211,116.407395,Inner Mongolia Erlintu Coal Mine,China,Asia,
Inner Mongolia Mengtai Group Co Ltd,"Beijing, China",39.904211,116.407395,Buliangou Coal Mine,China,Asia,
Inner Mongolia Ordos Investment Holding Group,"Beijing, China",39.904211,116.407395,Baijia Haizi Coal Mine,China,Asia,
Inner Mongolia Shengli Resource Group,"Beijing, China",39.904211,116.407395,Hongshuliang Coal Mine,China,Asia,
Inner Mongolia Yitai Investment Co Ltd,"No. 1 Yitai Avenue, Yitai Industry Park, Ordos, Inner Mongolia, China",39.6084499,109.78087,"Hongqinghe Coal Mine,Suancigou Coal Mine,Talahao Coal Mine",China,Asia,
Inpex Corp,"Akasaka Biz Tower, 5-3-1 Akasaka, Minato-ku, Tokyo, Japan",35.673036,139.7363031,"ACG (Azeri-Chirag-Guneshli Deep Water),Lower Zakum,Upper Zakum",Japan,Asia,https://www.inpex.co.jp/english/common/img/hdr_logo01.png
Inpex Eagle Ford,,0.0,0.0,Austin Chalk Tight,,,
Integrated Energy Services Corporation,"Washingthon, USA",47.7510741,-120.7401386,Mount Pleasant Coal Mine,United States,North America,
Iraqi Oil Exploration Company,"Baghdad, Iraq",33.315241,44.3660671,Qurna West,Iraq,Asia,https://www.oec.oil.gov.iq/assets/images/en/logo.png
Iron Oil Operating,,0.0,0.0,Bakken Shale,,,
JFE Steel,"1-1, Uchisaiwaicho 2-chome, Chiyoda-ku, Tokyo, Japan",35.671496,139.7578606,Byerwen Coal Mine,Japan,Asia,
JKLM Energy,,0.0,0.0,"Marcellus Shale,Utica Shale",,,
JSC Samruk-Kazyna,"8, Mangilik El avenue, Nur-Sultan, Kazakhstan",51.125086,71.436193,"Carboniferous Shale,Kashagan",Kazakhstan,Asia,
Jagged Peak Energy,,0.0,0.0,"Permian Delaware Tight,Woodford Shale",,,
Jay-Bee Oil & Gas,,0.0,0.0,"Marcellus Shale,Utica Shale",,,
Jetta Permian,,0.0,0.0,Permian Delaware Tight,,,
Jiangsu Yueda Group,"Beijing, China",39.904211,116.407395,Huangling No.2 Coal Mine,China,Asia,
Jiaxing Dejian Investment Partnership,"Beijing, China",39.904211,116.407395,Jinjitan Coal Mine,China,Asia,
Jilin Province Coal Industry Group,"Beijing, China",39.904211,116.407395,Dalaihushuo Coal Mine,China,Asia,
Jinchengtai Limited Liability Company Of Chemical Industry of Ordos City,"Beijing, China",39.904211,116.407395,Shilawusu Coal Mine,China,Asia,
Jindal Group,"Jindal Centre, 12, Bhikaiji Cama Place, New Delhi, India",28.5691405,77.18643159999999,Chirodzi Coal Mine,India,Asia,
Jinneng Holding Group Co Ltd,"No. 1 Jinneng Road, Jinzhong, Shanxi, China",37.3582994,112.0082951,"Ba Leng Coal Mine,Dongzhouyao Coal Mine,Longwan Coal Mine,Madaotou Coal Mine,Majialiang Coal Mine,Sanjiao No.1 Coal Mine,Shangyuquan Coal Mine,Shanxi Dongda Coal Mine,Sihe Coal Mine,Tashan Coal Mine,Tongxin Coal Mine,Wenjiazhuang Coal Mine",China,Asia,https://en.wikipedia.org/wiki/Jinneng_Holding_Equipment_Manufacturing_Group#/media/File:Jincheng_Anthracite_Mining_Group_logo.jpg
Jiutai Energy,"Beijing, China",39.904211,116.407395,Shilawusu Coal Mine,China,Asia,
Jizhong Energy Group Co Ltd,"Hebei, China",38.0359899,114.46979,Chagannur No.1 Coal Mine,China,Asia,
Joint Resources JSC,"Astana, Kazakhstan",51.1655126,71.4272222,Shubarkol Coal Mine,Kazakhstan,Asia,
Joint-Stock Company “Sovereign Wealth Fund “Samruk Kazyna”,,0.0,0.0,"Carboniferous Shale,Karachaganak,Tengiz",,,
Jones Energy Inc,,0.0,0.0,"Anadarko Shelf_Oklahoma,Meramec Shale",,,
Joshi Technologies International Inc.,,0.0,0.0,La Luna Shale,,,
Junggar Juli Cultivation Company,"Beijing, China",39.904211,116.407395,Hongshuliang Coal Mine,China,Asia,
Juno Operating Company,,0.0,0.0,Permian Midland Tight,,,
KJ Energy,,0.0,0.0,Haynesville/Bossier Shale,,,
Kailuan Group Ltd Liability Corp,"Hebei, China",38.0359899,114.46979,Hongshuliang Coal Mine,China,Asia,
Kaiser Francis Oil Co,,0.0,0.0,DJ Basin Tight Oil,,,
Kaiser-Francis Oil Company,,0.0,0.0,Permian Delaware Tight,,,
Kazakhmys Corporation,"104a, Abay Ave., Zhezkazgan, Kazakhstan",47.7909486,67.6798538,Borly Coal Mines,Kazakhstan,Asia,
Kerr Mcgee Oil & Gas Onshore,,0.0,0.0,DJ Basin Tight Oil,,,
Kinder Morgan Production Co.,,0.0,0.0,"Barnett Shale,Permian Midland Tight",,,
Koda Resources Operating,,0.0,0.0,Bakken Shale,,,
Kolmar,"Moscow, Russia",55.755826,37.6173,Inaglinskaya-2 Mine,Russia,Europe,https://www.kolmargroup.com/wp-content/themes/kolmar/images/logo.svg
Korea Gas Corporation (KOGAS),"92, Daedong-ro, 3-gil, Seo-gu, Daegu, South Korea",35.8981553,128.6095063,"Basrah Gas project,Zubair",South Korea,Asia,https://www.kogas.or.kr:9450/user/resources/images/hd_logo.png
Kraken Development,,0.0,0.0,Bakken Shale,,,
Kraken Operating,,0.0,0.0,Bakken Shale,,,
Kuwait Petroleum Corp,"P.O. Box 26565, Safat, Kuwait City, Kuwait",29.3715596,47.9736459,"East Natuna (x-Natuna D-Alpha),Khafji,Sembar Shale",Kuwait,Asia,https://en.wikipedia.org/wiki/Kuwait_Petroleum_Corporation#/media/File:Kuwait_Petroleum_Corporation_Logo.svg
LG International,"20 Yoido-dong, Youngdungpo-gu, Seoul, South Korea",37.5278847,126.9292303,GAM Coal Mine,South Korea,Asia,https://www.lg.com/lg5-common-gp/images/common/header/logo-b2c.jpg
LUKOIL PJSC,"11 Sretensky Boulevard, Moscow, 101000, Russia",55.76664580000001,37.6359498,"Carboniferous Shale,Karachaganak,Qurna West-2,Tengiz",Russia,Europe,https://fr.wikipedia.org/wiki/Lukoil#/media/Fichier:Lukoil_company_logo.svg
LX International,"Seoul, South Korea",37.5518911,126.9917937,Ensham Coal Mine,South Korea,Asia,
Lakota Energy,,0.0,0.0,Barnett Shale,,,
Langfang Heyuan Investment Center,"Beijing, China",39.904211,116.407395,Wangjiata Coal Mine,China,Asia,
Laredo Petroleum,,0.0,0.0,Permian Midland Tight,,,
Latigo Petroleum,,0.0,0.0,"Anadarko Shelf_Oklahoma,Meramec Shale",,,
Layline Energy,,0.0,0.0,Barnett Shale,,,
Le Norman Operating,,0.0,0.0,"Anadarko Shelf_Oklahoma,Meramec Shale",,,
Legacy Reserves Operating,,0.0,0.0,"Permian Delaware Tight,Permian Midland Tight",,,
Lewis Petro Properties,,0.0,0.0,Austin Chalk Tight,,,
Liberty Resources,,0.0,0.0,Bakken Shale,,,
Lime Rock Resources,,0.0,0.0,"Bakken Shale,Barnett Shale,Haynesville/Bossier Shale",,,
Lonestar Operating,,0.0,0.0,Austin Chalk Tight,,,
Lu'an Chemical Group Co Ltd,"Beijing, China",39.904211,116.407395,"Gaohe Coal Mine,Shanxi Lu'an Gucheng Coal Mine",China,Asia,
Luen Mei Group,"Beijing, China",39.904211,116.407395,Longwanggou Coal Mine,China,Asia,
Lukoil,,0.0,0.0,Timan - Pechora Basin Onshore,,,
Lundin Energy AB,"Hovslagargatan 5, SE-111 48, Stockholm, Sweden",59.3297312,18.0779061,Johan Sverdrup,Sweden,Europe,http://www.lundin-energy.com/wp-content/uploads/2020/08/Lundin-220.svg
Luxe Operating,,0.0,0.0,Permian Delaware Tight,,,
MC Mining,"The Place, 1 Sandton Drive, Sandown, Sandton, South Africa",-26.1102192,28.0494033,Greater Soutpansberg Coal Project,South Africa,Africa,
MD America Energy,,0.0,0.0,Austin Chalk Tight,,,
MDC Texas Operator,,0.0,0.0,Permian Delaware Tight,,,
Magnolia Oil & Gas Operating,,0.0,0.0,Austin Chalk Tight,,,
Mammoth Exploration,,0.0,0.0,Permian Delaware Tight,,,
Manshi Group,"Beijing, China",39.904211,116.407395,"Hulusu Coal Mine,Menkeqing Coal Mine",China,Asia,
Marathon Oil Corp,,0.0,0.0,"Austin Chalk Tight,Bakken Shale,Permian Delaware Tight,Sirte Shale",,,
Mari Petroleum Company Limited,,0.0,0.0,Sembar Shale,,,
Matador Production Company,,0.0,0.0,"Austin Chalk Tight,Permian Delaware Tight",,,
Matrix Petroleum,,0.0,0.0,Austin Chalk Tight,,,
Mccutchin Petroleum Corporation,,0.0,0.0,Barnett Shale,,,
Meco IV,,0.0,0.0,Permian Delaware Tight,,,
Medanito SA,,0.0,0.0,Vaca Muerta Shale,,,
Mercury Operating,,0.0,0.0,Permian Delaware Tight,,,
Merit Energy Company,,0.0,0.0,"Barnett Shale,Haynesville/Bossier Shale",,,
Mewbourne Oil Co.,,0.0,0.0,Permian Delaware Tight,,,
Mewbourne Oil Company,,0.0,0.0,"Anadarko Shelf_Oklahoma,Meramec Shale",,,
Mineral Technologies,,0.0,0.0,Permian Midland Tight,,,
Mineralogy,,0.0,0.0,Galilee Coal Mine,,,
Minerals Development Company Botswana,"Private Bag 00422, Gaborone, Botswana",-24.6282079,25.9231471,Project Motheo,Botswana,Africa,
Ming Kei Energy Investment Company,"Beijing, China",39.904211,116.407395,Baiyanghe Coal Mine,China,Asia,
Ministry of Finance of Uzbekistan,"5 Mustaqillik Square, Tashkent 100008, Uzbekistan",41.3147075,69.268663,Angren Coal Mine,Uzbekistan,Asia,
Missan Oil Company,"Basra, Iraq",30.5257657,47.77379699999999,"Basrah Gas project,Zubair",Iraq,Asia,
Missouri River Resources,,0.0,0.0,Bakken Shale,,,
Mitsubishi Corp,"2-3-1 Marunouchi, Chiyoda-ku, Tokyo, Japan",35.6789184,139.7606607,"Blackwater Coal Mine,Goonyella-Riverside Coal Mine,Peak Downs Coal Mine,Red Hill Coal Project,Saraji East Coal Mine,Wards Well Coal Mine",Japan,Asia,https://www.mitsubishicorp.com/jp/en/cmn/img/st.png
Mitsui & Co. Ltd.,,0.0,0.0,"QatarGas 1 LNG T1-T3,QatarGas LNG T12-T13 (NFE-South)",,,
Mongoose Energy,,0.0,0.0,Permian Delaware Tight,,,
Moriah Operating,,0.0,0.0,Permian Midland Tight,,,
Mozambique Rovuma Venture,,0.0,0.0,Area 1 LNG (T1&T2),,,
Mubadala Investment Company,"Al Mamoura A Building, Mohammed Bin Zayed City, Abu Dhabi, UAE",24.3477446,54.55326600000001,"Dolphin,Tannezuft Shale",United Arab Emirates,Asia,
Murchison Oil And Gas,,0.0,0.0,Permian Delaware Tight,,,
Murex Petroleum Corp,,0.0,0.0,Bakken Shale,,,
Murphy E&P. Company,,0.0,0.0,Austin Chalk Tight,,,
NBX Energy,,0.0,0.0,"Barnett Shale,Permian Midland Tight",,,
NEMAKA,,0.0,0.0,La Luna Shale,,,
NMDC,"Khanij Bhavan, Masab Tank, Hyderabad - 500028, India",17.3981214,78.45001660000001,Zambezi Coal Mine,India,Asia,
NTPC Ltd,"NTPC Bhawan, SCOPE Complex, Institutional Area, Lodhi Road, New Delhi - 110003, India",28.5867138,77.23772,Zambezi Coal Mine,India,Asia,
National Bank of the Republic of Kazakhstan,"21 ""K"" Kunayev str., 050051, Almaty, Kazakhstan",43.2572612,76.949915,"Carboniferous Shale,Tengiz",Kazakhstan,Asia,
National Iranian Oil Company,"Hafez Ave, Tehran, Iran",35.7021473,51.4127537,"Agha Jari,Ahwaz Asmari,Ahwaz Bangestan,Gachsaran,Kish Gas Project,Mansouri Bangestan,Marun,Pazanan,South Pars (Phases 20-21),South Pars (Phases 4-5) dry gas,South Pars (Phases 9-10) dry gas",Iran,Asia,https://en.wikipedia.org/wiki/File:National_Iranian_Oil_Company_logo.svg
National Oil Corporation,,0.0,0.0,Sirte Shale,,,
National Oil Corporation (Libya),,0.0,0.0,"El Sharara,Sirte Shale",,,
National Thermal Power Corporation,"SCOPE Complex, Institutional Area, Lodhi Road, New Delhi, India",28.5902496,77.2255836,"Mandakini B,Talaipalli Coal Mine",India,Asia,https://fr.wikipedia.org/wiki/National_Thermal_Power_Corporation#/media/Fichier:National_Thermal_Power_logo.svg
Navajo Nation,"Window Rock, AZ, United States",35.680573,-109.0525929,Youngs Creek Coal Mine,United States,North America,
Navigation Powder River,,0.0,0.0,PRB Tight Oil,,,
New Century Exploration,,0.0,0.0,Haynesville/Bossier Shale,,,
New Largo Employee & Community Trusts,,0.0,0.0,New Largo Coal Mine,,,
Newfield Production Company,,0.0,0.0,Bakken Shale,,,
Nine Point Energy,,0.0,0.0,Bakken Shale,,,
Ningxia State-Owned Assets Company,"Beijing, China",39.904211,116.407395,Shicaocun Coal Mine,China,Asia,
Ningxia State-Owned Capital Operation Group,"Beijing, China",39.904211,116.407395,"Meihuajing Coal Mine,Ningxia Hongliu Coal Mine,Qingshuiying Coal Mine,Yangchangwan No.1 Well Coal Mine,Zaoquan Coal Mine",China,Asia,
Ningxia Wangwa Coal Industry Company,"Beijing, China",39.904211,116.407395,Wangwa Coal Mine,China,Asia,
Nippon Steel & Sumitomo Metal,,0.0,0.0,Revuboe Coal Mine,,,
Noble Energy,,0.0,0.0,DJ Basin Tight Oil,,,
North Silo Resources,,0.0,0.0,DJ Basin Tight Oil,,,
North Texas Oil & Gas,,0.0,0.0,Barnett Shale,,,
Northeast Natural Energy LLC,,0.0,0.0,"Marcellus Shale,Utica Shale",,,
Northfield Enterprises,,0.0,0.0,Austin Chalk Tight,,,
Northwoods Operating,,0.0,0.0,PRB Tight Oil,,,
Novatek,,0.0,0.0,Eastern Gas Program,,,
OMV AG,"Trabrennstraße 6-8, 1020 Vienna, Austria",48.2138016,16.4145628,"El Sharara,Sirte Shale",Austria,Europe,
ONGC-Videsh,,0.0,0.0,La Luna Shale,,,
OOO Gazprom dobycha Krasnodar,,0.0,0.0,Timan - Pechora Basin Onshore,,,
OXY USA,,0.0,0.0,"Permian Delaware Tight,Permian Midland Tight",,,
OXY USA WTP LP,,0.0,0.0,Permian Delaware Tight,,,
Oakridge Oil And Gas,,0.0,0.0,Barnett Shale,,,
Oasis Petroleum,,0.0,0.0,"Bakken Shale,Permian Delaware Tight",,,
Occidental Permian,,0.0,0.0,"Permian Delaware Tight,Permian Midland Tight",,,
Occidental Petroleum Corp,"5 Greenway Plaza, Suite 110, Houston, TX 77046, USA",29.7305814,-95.4319063,"Dolphin,La Luna Shale,Tannezuft Shale",United States,North America,
Octo Coal,"Moscow, Russia",55.755826,37.6173,Stepnoy Coal Mine,Russia,Europe,
Oil India Ltd,,0.0,0.0,"Barail Shale,Lensky Basin CBM",,,
Oil and Gas Development Company Limited,,0.0,0.0,Sembar Shale,,,
Oil and Natural Gas Corporation Ltd (ONGC),,0.0,0.0,Lower Zakum,,,
Oil and Natural Gas Corporation of India,"Plot No. 5A- 5B, Nelson Mandela Road, Vasant Kunj, New Delhi, India",28.5440561,77.1571218,Orinoco Joint Ventures,India,Asia,
Oilstone Energia SA,,0.0,0.0,Vaca Muerta Shale,,,
Olympus Energy,,0.0,0.0,"Marcellus Shale,Utica Shale",,,
Ordos Energy Investment and Development Company,"Beijing, China",39.904211,116.407395,Gaojialiang No.1 Coal Mine,China,Asia,
Orx Resources,,0.0,0.0,Austin Chalk Tight,,,
Ovintiv Inc,,0.0,0.0,Austin Chalk Tight,,,
Ovintiv Production,,0.0,0.0,Bakken Shale,,,
P.O.&G. Operating,,0.0,0.0,Permian Delaware Tight,,,
PAO NOVATEK,"16A Tverskoy Boulevard, Moscow, Russia",55.7601771,37.6014202,Tambey Zone (Yamal Megaproject),Russia,Europe,
PC Venezuela LTD,"Caracas, Venezuela",10.4805937,-66.90360629999999,Orinoco Joint Ventures,Venezuela,South America,
PDC Energy Inc,,0.0,0.0,DJ Basin Tight Oil,,,
PDVSA,"Av. Libertador, Edif. Petróleos de Venezuela, La Campiña, Caracas, Venezuela",10.4965556,-66.8724095,"La Luna Shale,Orinoco Joint Ventures",Venezuela,South America,
PKN ORLEN,,0.0,0.0,Lublin Basin Silurian Shale,,,
POSCO Holdings Inc,"6261, Donghaean-ro, Nam-gu, Pohang, Gyeongsangbuk-do, South Korea",35.9983467,129.3822685,Revuboe Coal Mine,South Korea,Asia,
PPI,,0.0,0.0,South Pars (Phases 4-5) dry gas,,,
PPL Corp,"Two North Ninth Street, Allentown, PA 18101, USA",40.6081792,-75.4787477,South Pars (Phases 4-5) dry gas,United States,North America,
PPL Employees Empowerment Trust,,0.0,0.0,Sembar Shale,,,
PT Pertamina (Persero),,0.0,0.0,Tannezuft Shale,,,
PTT PLC,"555 Vibhavadi Rangsit Road, Chatuchak, Bangkok, Thailand",13.8185632,100.5566088,"East Natuna (x-Natuna D-Alpha),Tannezuft Shale",Thailand,Asia,
Pa Gen Energy Co.,,0.0,0.0,"Marcellus Shale,Utica Shale",,,
Pacesetter Energy,,0.0,0.0,Permian Midland Tight,,,
Pakistan Petroleum Limited,,0.0,0.0,Sembar Shale,,,
Palmer Petroleum,,0.0,0.0,Haynesville/Bossier Shale,,,
Pampa Energia SA,,0.0,0.0,Vaca Muerta Shale,,,
Pan American Energy Group SL,,0.0,0.0,Vaca Muerta Shale,,,
Pantera Energy Company,,0.0,0.0,"Anadarko Shelf_Oklahoma,Meramec Shale",,,
Parallel Petroleum,,0.0,0.0,Permian Midland Tight,,,
Pardus Oil & Gas Operating,,0.0,0.0,Austin Chalk Tight,,,
Parko Services,,0.0,0.0,La Luna Shale,,,
Parsley Energy Operations,,0.0,0.0,Permian Midland Tight,,,
Payrock,,0.0,0.0,Austin Chalk Tight,,,
Pdc Permian,,0.0,0.0,Permian Delaware Tight,,,
Peabody Energy Corp,"701 Market St, St. Louis, MO 63101, USA",38.6266409,-90.1926536,North Antelope Rochelle Coal Mine,United States,North America,
Peak Powder River Resources,,0.0,0.0,PRB Tight Oil,,,
Pembroke Resources,"Level 28, 32 Turbot Street, Brisbane QLD 4000, Australia",-27.4688523,153.0205552,Olive Downs Coal Mine,Australia,Oceania,
Penn Virginia Oil & Gas,,0.0,0.0,Austin Chalk Tight,,,
Pennenergy Resources,,0.0,0.0,"Marcellus Shale,Utica Shale",,,
Permian Deep Rock Oil Co.,,0.0,0.0,Permian Midland Tight,,,
Pertamina Persero PT,"Jl. Medan Merdeka Timur No. 1A, Jakarta, Indonesia",-6.1778806,106.8324489,"East Natuna (x-Natuna D-Alpha),Qurna West,Tannezuft Shale",Indonesia,Asia,https://www.pertamina.com/landing/images/logo.png
Petco Petroleum Corp.,,0.0,0.0,Anadarko Shelf_Oklahoma,,,
Petoro AS,"Forusbeen 50, 4035 Stavanger, Norway",58.8904932,5.7186889,"Johan Sverdrup,Troll",Norway,Europe,https://www.petoro.no/s/petoro2019/profile/petroro_logo_blue072.svg?w=192
Petro Harvester Operating Company,,0.0,0.0,"Austin Chalk Tight,Bakken Shale",,,
Petro Operating Company,,0.0,0.0,DJ Basin Tight Oil,,,
Petro-Hunt,,0.0,0.0,"Bakken Shale,PRB Tight Oil",,,
PetroChina,,0.0,0.0,Tarim (CNPC),,,
PetroRio S.A.,,0.0,0.0,Candeias Shale,,,
Petrobal Omega 1,,0.0,0.0,Barnett Shale,,,
Petroedge Operating,,0.0,0.0,Austin Chalk Tight,,,
Petrolegacy Energy,,0.0,0.0,Permian Midland Tight,,,
Petroleos Sudamericanos SA,,0.0,0.0,Vaca Muerta Shale,,,
Petroliam Nasional Berhad (Petronas),"Tower 1, PETRONAS Twin Towers, Kuala Lumpur City Centre, 50088 Kuala Lumpur, Malaysia",3.1579536,101.7110771,"East Natuna (x-Natuna D-Alpha),Halfayah,South Pars (Phases 2-3) dry gas",Malaysia,Asia,https://www.petronas.com/themes/custom/petronas/images/petronas-logo-dark.svg
Petroquest Energy,,0.0,0.0,Haynesville/Bossier Shale,,,
Petroquimica Comodoro Rivadavia SA,,0.0,0.0,Vaca Muerta Shale,,,
Petroshale (US) Inc.,,0.0,0.0,Bakken Shale,,,
Petróleo Brasileiro SA – Petrobras,"Avenida República do Chile, 65 - Centro, Rio de Janeiro - RJ, Brazil",-22.9100896,-43.1785863,"Buzios (x-Franco),Candeias Shale,Libra,Lula (X-Tupi),Mero (Libra NW)",Brazil,South America,https://petrobras.com.br/lumis-theme/br/com/petrobras/website/theme/petrobras-website/assets/img/logo.svg
Petróleo Brasileiro S.A.,"Avenida República do Chile, 65 - Centro, Rio de Janeiro - RJ, Brazil",-22.9100896,-43.1785863,"Buzios (x-Franco),Candeias Shale,Libra,Lula (X-Tupi),Mero (Libra NW)",Brazil,South America,https://petrobras.com.br/lumis-theme/br/com/petrobras/website/theme/petrobras-website/assets/img/logo.svg
Petróleos Mexicanos (PEMEX),"Av. Marina Nacional 329, Col. Petróleos Mexicanos, 11311 Mexico City, Mexico",19.441126,-99.1761256,"Ku-Maloob-Zaap Project,Yucatan Platform Offshore",Mexico,North America,
Pine Wave Energy Partners Operating,,0.0,0.0,Haynesville/Bossier Shale,,,
Pinon Operating,,0.0,0.0,Permian Midland Tight,,,
Pioneer Natural Resources Co,,0.0,0.0,"Eagle Ford Shale,Permian Midland Tight",,,
Pluspetrol SA,,0.0,0.0,Vaca Muerta Shale,,,
Point Energy Partners Petro,,0.0,0.0,Permian Delaware Tight,,,
Polaris Operating,,0.0,0.0,"Anadarko Shelf_Oklahoma,Meramec Shale",,,
Polskie Górnictwo Naftowe i Gazownictwo SA (PGNiG),,0.0,0.0,"Lublin Basin Silurian Shale,Sembar Shale",,,
Ponderosa TX Operating,,0.0,0.0,Anadarko Shelf_Oklahoma,,,
President Petroleum SA,,0.0,0.0,Vaca Muerta Shale,,,
Presidio Petroleum,,0.0,0.0,"Anadarko Shelf_Oklahoma,Meramec Shale",,,
Prime Operating Company,,0.0,0.0,Permian Midland Tight,,,
PrimeEnergy Resources Corp,,0.0,0.0,Austin Chalk Tight,,,
Primexx Operating Corporation,,0.0,0.0,Permian Delaware Tight,,,
Private Investors,,0.0,0.0,Sembar Shale,,,
Private Resources Limited,,0.0,0.0,MHU Coal Mine,,,
Private individuals,,0.0,0.0,Beisky-Zapadniy Coal Mine,,,
Protege Energy,,0.0,0.0,Austin Chalk Tight,,,
Pré-Sal Petróleo S.A.,"Rua Lauro Müller, 116, Sala 2301, Rio de Janeiro, Brazil",-22.9569089,-43.1761858,Lula (X-Tupi),Brazil,South America,
Public Power Corporation of Greece S.A,"30, Halkokondyli Str., 104 32 Athens, Greece",37.9861844,23.7289647,West Macedonia Lignite Centre (WMLC),Greece,Europe,
QCoal,"Level 8, 175 Eagle Street, Brisbane, QLD 4000, Australia",-27.4657999,153.0309008,Byerwen Coal Mine,Australia,Oceania,
QH Oil Investments LLC,"Moscow, Russia",55.755826,37.6173,"Lensky Basin CBM,Samotlorneftegaz (TNK-BP),Tunguska Basin CBM",Russia,Europe,
QatarEnergy,"P.O. Box 22666, Doha, Qatar",25.2854473,51.53103979999999,"Al Khaleej Gas project,Collingham Shale,North Field C LNG,North Field E,QatarGas 1 LNG T1-T3,QatarGas LNG T12-T13 (NFE-South),QatarGas LNG T8-T11 (NFE-East),Qatargas 2 LNG T4-T5,Rasgas 2 LNG T3-T5,Rasgas 3 LNG T6-T7",Qatar,Asia,https://fr.wikipedia.org/wiki/Qatar_Energy#/media/Fichier:Qatar_Petroleum.jpg
Qatargas,,0.0,0.0,Barzan,,,
Quanah Panhandle,,0.0,0.0,Anadarko Shelf_Oklahoma,,,
R. Lacy Services,,0.0,0.0,Haynesville/Bossier Shale,,,
RFE Operating,,0.0,0.0,Haynesville/Bossier Shale,,,
RWE AG,"Opernplatz 1, 45128 Essen, Germany",51.44742979999999,7.0140311,"Garzweiler Coal Mine,Hambach Coal Mine",Germany,Europe,https://fr.wikipedia.org/wiki/RWE#/media/Fichier:RWE_Logo_2020.svg
Range Resources Appalachia,,0.0,0.0,"Marcellus Shale,Utica Shale",,,
Rashtriya Ispat Nigam (RINL),,0.0,0.0,Zambezi Coal Mine,,,
Ratio Petroleum,"18 Giborei Israel St., Netanya, Israel",32.082057,34.8434887,Leviathan,Israel,Asia,
Reatta Energy,,0.0,0.0,Permian Midland Tight,,,
Rebellion Energy,,0.0,0.0,PRB Tight Oil,,,
Recoil Resources Operating,,0.0,0.0,Austin Chalk Tight,,,
Redwood Operating,,0.0,0.0,Permian Delaware Tight,,,
Relentless Permian Operating,,0.0,0.0,Permian Midland Tight,,,
Reliance Power Ltd,"3rd Floor, Maker Chambers IV, 222, Nariman Point, Mumbai, India",18.9248307,72.8230219,Moher Amlohri Coal Mine,India,Asia,
Remnant Energy,,0.0,0.0,Anadarko Shelf_Oklahoma,,,
Remora Operating,,0.0,0.0,"Anadarko Shelf_Oklahoma,Austin Chalk Tight,Meramec Shale",,,
Renos Land & Minerals Company,,0.0,0.0,PRB Tight Oil,,,
Repsol Oil & Gas,,0.0,0.0,"Austin Chalk Tight,Marcellus Shale,Utica Shale",,,
Repsol SA,"Calle Méndez Álvaro, 44, 28045 Madrid, Spain",40.3976235,-3.6846091,"El Sharara,Orinoco Joint Ventures,Sirte Shale,Tannezuft Shale",Spain,Europe,
Resolute Natural Resources,,0.0,0.0,Permian Delaware Tight,,,
Resource Energy Can-Am,,0.0,0.0,Bakken Shale,,,
Resource Generation Australia,"Level 2, 267 St Georges Terrace, Perth, Western Australia 6000",-31.9527166,115.8491007,Boikarabelo Coal Mine,Australia,Oceania,
Rice Drilling,,0.0,0.0,"Marcellus Shale,Utica Shale",,,
Ridge Oil Company,,0.0,0.0,Barnett Shale,,,
Rimrock Oil & Gas Williston,,0.0,0.0,Bakken Shale,,,
Ring Energy Inc,,0.0,0.0,Permian Midland Tight,,,
Rio Oil And Gas (Permian),,0.0,0.0,Permian Delaware Tight,,,
RioZim,"1 Kenilworth Rd, Newlands, Harare, Zimbabwe",-17.807955,31.0758792,Sengwe Colliery,Zimbabwe,Africa,
Rki Energy Resources,,0.0,0.0,Austin Chalk Tight,,,
Rockcliff Energy Operating,,0.0,0.0,Haynesville/Bossier Shale,,,
Rockdale Marcellus,,0.0,0.0,"Marcellus Shale,Utica Shale",,,
Rocker A Operating Company,,0.0,0.0,Permian Midland Tight,,,
Rockies Resources Holdings,,0.0,0.0,PRB Tight Oil,,,
Roff Operating Company,,0.0,0.0,Permian Midland Tight,,,
Rosehill Operating Company,,0.0,0.0,Permian Delaware Tight,,,
Rosetta Resources,,0.0,0.0,"Austin Chalk Tight,Eagle Ford Shale",,,
Rosewood Resources,,0.0,0.0,Austin Chalk Tight,,,
Rosneft,,0.0,0.0,Yuganskneftegaz,,,
Rosneftegaz AO,"Sophiyskaya Embankment, 26, Moscow, Russia",55.7479451,37.619627,"Lensky Basin CBM,Samotlorneftegaz (TNK-BP),Tunguska Basin CBM",Russia,Europe,
Rothe Investments,"Le Cap, South Africa",-33.9248685,18.4240553,Greater Soutpansberg Coal Project,South Africa,Africa,
Rover Petroleum Operating,,0.0,0.0,Permian Midland Tight,,,
Russian Coal,"Moscow, Russia",55.755826,37.6173,"Erkovetskiy Coal Mine,Pereyaslovskiy Coal Mine",Russia,Europe,https://www.ruscoal.com/wp-content/themes/ruscoal-neo/img/logo-en.png
Russian Federation Agency for State Property Management,"ul. Bolshaya Tatarskaya 35, Moscow, Russia",55.7374962,37.6369929,"Lensky Basin CBM,Samotlorneftegaz (TNK-BP),Tunguska Basin CBM",Russia,Europe,
Russkaya Energiya,"Moscow, Russia",55.755826,37.6173,Usinsk-1 Coal Mine,Russia,Europe,
Rutek Alliance,Luxembourg,49.815273,6.129582999999999,Arshanovsky Coal Mine,Luxembourg,Europe,
SEM Operating Company,,0.0,0.0,"Austin Chalk Tight,Permian Midland Tight",,,
SHD Oil & Gas,,0.0,0.0,Bakken Shale,,,
SM Energy Co,,0.0,0.0,Austin Chalk Tight,,,
SN EF Maverick,,0.0,0.0,Austin Chalk Tight,,,
SN Operating,,0.0,0.0,Austin Chalk Tight,,,
SWN Production Co.,,0.0,0.0,"Marcellus Shale,Utica Shale",,,
Sabalo Operating,,0.0,0.0,Permian Midland Tight,,,
Sabinal Energy Operating LLC,,0.0,0.0,Permian Midland Tight,,,
Sabine Oil & Gas Corporation,,0.0,0.0,"Anadarko Shelf_Oklahoma,Haynesville/Bossier Shale,Meramec Shale",,,
Sable Permian Resources,,0.0,0.0,Permian Delaware Tight,,,
Saddle Operating,,0.0,0.0,Barnett Shale,,,
Sage Natural Resources,,0.0,0.0,Barnett Shale,,,
Samruk-Energo,"55/8, Kabanbay Batyr Avenue, Nur-Sultan, Kazakhstan",51.14470859999999,71.42259030000001,Bogatyr Coal Mine,Kazakhstan,Asia,
Samson Exploration,,0.0,0.0,DJ Basin Tight Oil,,,
San Jorge Petroleum SA,,0.0,0.0,Vaca Muerta Shale,,,
Sanguine Gas Exploration,,0.0,0.0,"Anadarko Shelf_Oklahoma,Meramec Shale",,,
Saudi Arabian Oil Company (Saudi Aramco),"Dhahran, Eastern Province, Saudi Arabia",26.2361248,50.0393017,"Abqaiq,Berri,Ghawar Ain Dar N,Ghawar Ain Dar S,Ghawar Haradh,Ghawar Hawiyah,Ghawar Shedgum,Ghawar Uthmaniyah,Khafji,Khurais project,Khursaniyah,Manifa (redevelop),Marjan,Qatif project,Safaniya,Safaniya YTF Concession,Shaybah,Zuluf",Saudi Arabia,Asia,https://www.aramco.com/images/affiliateLogo.png
Scala Energy,,0.0,0.0,Permian Delaware Tight,,,
Schlumberger B.V.,,0.0,0.0,La Luna Shale,,,
Scout Energy Management,,0.0,0.0,"Anadarko Shelf_Oklahoma,Barnett Shale,Meramec Shale",,,
Sea Eagle Ford,,0.0,0.0,Austin Chalk Tight,,,
Seaboard Operating Co.,,0.0,0.0,Permian Midland Tight,,,
Seek Energy,,0.0,0.0,"Anadarko Shelf_Oklahoma,Meramec Shale",,,
Seneca Resources,,0.0,0.0,"Marcellus Shale,Utica Shale",,,
Seriti,"Building 8, 90 Rivonia Rd, Sandton, Johannesburg, South Africa",-26.111623,28.053943,New Largo Coal Mine,South Africa,Africa,
Severstal-Resource,"Cherepovets, Vologda Oblast, Russia",59.132333,37.9091811,Ulug-Khem Project,Russia,Europe,
Shaanxi Coal and Chemical Industry Group Co Ltd,"No. 1, Yanta Road, Yanta District, Xi'an, Shaanxi, China",34.21824,108.94663,"Dafosi Coal Mine,Fengjiata Coal Mine,Guojiawan Coal Mine,Hongliulin Coal Mine,Huangling No.2 Coal Mine,Mengcun Coal Mine,Ningtiaota Coal Mine,Sandaogou Coal Mine,Shaanxi Caojiatan Coal Mine,Xiaobaodang No.1 Coal Mine,Xiaobaodang No.2 Coal Mine,Xiaozhuang Coal Mine,Zhangjiamao Coal Mine",China,Asia,http://www.shccig.com/images/logo.png
Shaanxi Financial Holding Group,"Beijing, China",39.904211,116.407395,Shaanxi Caojiatan Coal Mine,China,Asia,
Shaanxi Investment Group Co Ltd,"No. 1, Yanta Road, Yanta District, Xi'an, Shaanxi, China",34.21824,108.94663,"Dafosi Coal Mine,Fengjiata Coal Mine,Xiaobaodang No.1 Coal Mine,Xiaobaodang No.2 Coal Mine,Zhaoshipan Coal Mine",China,Asia,https://s3-us-west-2.amazonaws.com/cbi-image-service-prd/modified/0adffb02-b5c9-411f-b1f2-89f7b0b3c66d.png
Shaanxi Yanchang Petroleum Group Co Ltd,"No. 1, Yanta Road, Yanta District, Xi'an, Shaanxi, China",34.21824,108.94663,"Hanglaiwan Coal Mine,Jinjitan Coal Mine,Xiwan Surface Coal Mine",China,Asia,
Shaanxi Youser Group,"Beijing, China",39.904211,116.407395,Hanglaiwan Coal Mine,China,Asia,
Shaanxi Yulin Energy Group Co Ltd,"Beijing, China",39.904211,116.407395,"Guojiatan Coal Mine,Hongliulin Coal Mine,Yushuwan Coal Mine,Zhaoshipan Coal Mine",China,Asia,https://syeie.com/images/logo.jpg
Shandong Energy Co Ltd,"No. 66, Lishan Road, Jinan, Shandong, China",36.64586,117.03614,"Changcheng No.3 Coal Mine,Gaojiabao Coal Mine,Jinjitan Coal Mine,Shilawusu Coal Mine,West Well of Faer Second Coal Mine,Xinwen Ili No.1 Coal Mine,Yangjiacun Coal Mine,Yili No.4 Coal Mine,Yingpanhao Coal Mine",China,Asia,http://www.shandong-energy.com/static/en/images/logo.png
Shandong First Geological and Mineral Exploration Institute,"Beijing, China",39.904211,116.407395,Taohe Coal Mine,China,Asia,
Shandong Lutai Holding Group,"Beijing, China",39.904211,116.407395,Baiyanghe Coal Mine,China,Asia,
Shanghai Chengrui Investment Company,"Beijing, China",39.904211,116.407395,Qingchunta Coal Mine,China,Asia,
Shanghai Huayi Group,"Shanghai, China",31.230416,121.473701,Shilawusu Coal Mine,China,Asia,
Shanghua Investment Company,,0.0,0.0,Yuwang No.1 Coal Mine,,,
Shanxi Boda Group,"Beijing, China",39.904211,116.407395,Wenjiazhuang Coal Mine,China,Asia,
Shanxi Chuangrei New Energy Investment Company,"Beijing, China",39.904211,116.407395,Boli Coal Mine,China,Asia,
Shanxi Coking Coal Group Co Ltd,"Taiyuan, Shanxi, China",37.8705899,112.55067,"Pangpangta Coal Mine,Shaqu No.1 Coal Mine,Wangjialing Coal Mine,Zhong Yu Coal Mine",China,Asia,http://subsites.chinadaily.com.cn/shanxi/att/20180823/1535012009426088486.png
Shanxi Dubao New Energy Group,"Beijing, China",39.904211,116.407395,Xiaojiawa Coal Mine,China,Asia,
Shanxi Huayang Group New Energy Company,"Beijing, China",39.904211,116.407395,Boli Coal Mine,China,Asia,
Shanxi Juhuang Century Investment Company,"Beijing, China",39.904211,116.407395,Longwan Coal Mine,China,Asia,
Shanxi Provincial Coal Industry Agency Service Center,"Beijing, China",39.904211,116.407395,Wenjiazhuang Coal Mine,China,Asia,
Shanxi Tangrong Investment Company,"Beijing, China",39.904211,116.407395,Xiaojiawa Coal Mine,China,Asia,
Shanxi Yuedian Energy,"Beijing, China",39.904211,116.407395,Suancigou Coal Mine,China,Asia,
Shanxi Yujin Trading Company,"Beijing, China",39.904211,116.407395,Longwan Coal Mine,China,Asia,
Shanxi Zhongbo Real Estate Development Company,"Beijing, China",39.904211,116.407395,Hongqingliang Coal Mine,China,Asia,
Shelby Boswell Operator,,0.0,0.0,Haynesville/Bossier Shale,,,
Shell PLC,"Shell Centre, London, SE1 7NA, United Kingdom",51.5039817,-0.1168152,"Athabasca Oil Sands Project,Carboniferous Shale,Karachaganak,Kashagan,La Luna Shale,Libra,Lula (X-Tupi),Mero (Libra NW),North Field C LNG,Permian Delaware Tight,Sembar Shale,Troll,Vaca Muerta Shale",United Kingdom,Europe,https://fr.wikipedia.org/wiki/Shell_(entreprise)#/media/Fichier:Shell_logo.svg
Shendong Tianlong Group,"Beijing, China",39.904211,116.407395,Inner Mongolia Erlintu Coal Mine,China,Asia,
Shenergy Group Co Ltd,"No. 2, Lane 728, Zhangyang Road, Pudong New Area, Shanghai, China",31.2367942,121.5458768,"Hulusu Coal Mine,Menkeqing Coal Mine",China,Asia,
Shenmu City State-Owned Assets Operation Co,"Beijing, China",39.904211,116.407395,"Hongliulin Coal Mine,Ningtiaota Coal Mine,Shaanxi Caojiatan Coal Mine,Zhangjiamao Coal Mine",China,Asia,
Shenmu Coal Company,"Beijing, China",39.904211,116.407395,Yushuwan Coal Mine,China,Asia,
Shenmu Taide Energy Investment Company,"Beijing, China",39.904211,116.407395,Inner Mongolia Erlintu Coal Mine,China,Asia,
Sheridan Production Company,,0.0,0.0,"Austin Chalk Tight,Haynesville/Bossier Shale,Permian Delaware Tight,Permian Midland Tight",,,
Shougang Group Co Ltd,"1 Wenxing Street, Qian'an, Hebei, China",39.9983599,118.70073,"Gaojialiang No.1 Coal Mine,Hongqingliang Coal Mine",China,Asia,
Siberian Business Union-Coal (SBU),,0.0,0.0,"Listvianskaya Coal Mine,Pervomaisky Coal Mine,Shurapskaya Coal Mine",,,
Siltstone Resources,,0.0,0.0,Permian Delaware Tight,,,
Silver Creek Permian,,0.0,0.0,Permian Midland Tight,,,
SilverBow Resources Inc,,0.0,0.0,Austin Chalk Tight,,,
Sinclair Oil & Gas Company,,0.0,0.0,Bakken Shale,,,
Sindh Engro Coal Mining Company,"16th Floor, The Harbor Front Building, Marine Drive, Block 4, Clifton, Karachi, Pakistan",24.8024608,67.0294947,Thar Coal Mine,Pakistan,Asia,
Sinopec,"22 Chaoyangmen North Street, Chaoyang District, Beijing, China",39.925921,116.434638,"Hulusu Coal Mine,Longmaxi Shale (Sichuan/Changyu),Menkeqing Coal Mine",China,Asia,https://fr.wikipedia.org/wiki/Sinopec#/media/Fichier:Sinopec_-_Logo.svg
Sinopec Group,"No. 22 Chaoyangmen North Street, Chaoyang District, Beijing, China",39.925921,116.434638,"Carboniferous Shale,Shengli,Tannezuft Shale",China,Asia,https://fr.wikipedia.org/wiki/Sinopec#/media/Fichier:Sinopec_-_Logo.svg
Sinopec Oil Sands Partnership,"Astana, Kazakhstan",51.1655126,71.4272222,"Athabasca Oil Sands Project,Syncrude Mildred Lake/Aurora",Kazakhstan,Asia,
Sklar Exploration Company,,0.0,0.0,Haynesville/Bossier Shale,,,
Slawson Exploration Company,,0.0,0.0,Bakken Shale,,,
Smith Energy Operating Company,,0.0,0.0,Permian Midland Tight,,,
Snyder Bros,,0.0,0.0,"Marcellus Shale,Utica Shale",,,
Sojitz Corp,"1-20, Akasaka 6-chome, Minato-ku, Tokyo 107-8655, Japan",35.6689583,139.7414072,Wilton and Fairhill Coal Projects,Japan,Asia,
Sonatrach SPA,"Djenane El Malik, Hydra, Algiers, Algeria",36.7407532,3.0475889,"Hassi Messaoud,Hassi R'Mel (Domestic),Tannezuft Shale",Algeria,Africa,https://sonatrach.com/img/header/sonatrach.png
Sonerra Resources Corporation,,0.0,0.0,Haynesville/Bossier Shale,,,
Southwest Royalties,,0.0,0.0,Permian Delaware Tight,,,
Southwind Oil & Gas,,0.0,0.0,Austin Chalk Tight,,,
Spur Energy Partners,,0.0,0.0,Permian Delaware Tight,,,
Stanmore Resources,"Level 7, 333 Adelaide Street, Brisbane QLD 4000, Australia",-27.4654671,153.0292085,Wards Well Coal Mine,Australia,Oceania,
Stanolind Production,,0.0,0.0,Permian Midland Tight,,,
State Grid Corp of China,"No. 86, West Chang'an Street, Xicheng District, Beijing, China",39.9073644,116.3857362,"Changcheng No.3 Coal Mine,Jinjie Coal Mine",China,Asia,
State Power Investment Corp (SPIC),,0.0,0.0,Baiyinhua No.3 Surface Mine,,,
Steel Authority of India (SAIL),,0.0,0.0,Zambezi Coal Mine,,,
Stephens & Johnson Operating Co.,,0.0,0.0,Barnett Shale,,,
Steward Energy,,0.0,0.0,Permian Midland Tight,,,
Strand Energy,,0.0,0.0,Permian Midland Tight,,,
Strat Land Exploration Company,,0.0,0.0,"Anadarko Shelf_Oklahoma,Meramec Shale",,,
Stronghold Energy,,0.0,0.0,Permian Delaware Tight,,,
Summit Discovery Resources,,0.0,0.0,Austin Chalk Tight,,,
Suncor,,0.0,0.0,"Athabasca Oil Sands Project,Syncrude Mildred Lake/Aurora",,,
Suncor Energy Inc,"150 6 Ave SW, Calgary, AB T2P 3E3, Canada",51.047918,-114.0644613,"Athabasca Oil Sands Project,Sirte Shale",Canada,North America,
Sundown Energy,,0.0,0.0,Permian Delaware Tight,,,
Surge Operating,,0.0,0.0,Permian Midland Tight,,,
Surgutneftegas,,0.0,0.0,West Siberia Offshore,,,
Swepi LP,,0.0,0.0,"Marcellus Shale,Utica Shale",,,
TEP Barnett USA,,0.0,0.0,Barnett Shale,,,
TMR Exploration,,0.0,0.0,"Austin Chalk Tight,Haynesville/Bossier Shale",,,
TRP Operating,,0.0,0.0,Permian Midland Tight,,,
Tabula Rasa Energy,,0.0,0.0,"Anadarko Shelf_Oklahoma,Meramec Shale,Permian Midland Tight",,,
Talbot Group,"Washingthon, USA",47.7510741,-120.7401386,Revuboe Coal Mine,United States,North America,
Tall City Operations,,0.0,0.0,Permian Delaware Tight,,,
Tanos Exploration,,0.0,0.0,Haynesville/Bossier Shale,,,
Tap Rock Operating,,0.0,0.0,Permian Delaware Tight,,,
Tapstone Energy Inc,,0.0,0.0,"Anadarko Shelf_Oklahoma,Meramec Shale",,,
Tatneft,,0.0,0.0,Romashkino,,,
Teal Operating,,0.0,0.0,"Austin Chalk Tight,Eagle Ford Shale",,,
Tebian Electric Apparatus (TBEA),,0.0,0.0,Jiangjun Gebi No.2 Coal Mine,,,
Teck Resources Ltd,"Suite 3300, 550 Burrard Street, Vancouver, BC V6C 0B3, Canada",49.28582340000001,-123.118371,"Athabasca Oil Sands Project,Fording River",Canada,North America,https://www.teck.com/media/pride_RGB_Teck_web-marker_white.svg
Tecolote Energy,,0.0,0.0,"Anadarko Shelf_Oklahoma,Meramec Shale",,,
Tecpetrol SA,,0.0,0.0,Vaca Muerta Shale,,,
Tellurian Operating,,0.0,0.0,Haynesville/Bossier Shale,,,
Templar Operating,,0.0,0.0,"Anadarko Shelf_Oklahoma,Meramec Shale",,,
TerraCom Resources,"Level 3, 133 Mary Street, Brisbane, QLD 4000, Australia",-27.4712333,153.0288827,Bernice-Cygnus Coal Mine,Australia,Oceania,
Texakoma E&P,,0.0,0.0,"Anadarko Shelf_Oklahoma,Meramec Shale",,,
Texas American Resources Company,,0.0,0.0,Austin Chalk Tight,,,
Texland Petroleum,,0.0,0.0,Permian Midland Tight,,,
Texxol Operating Company,,0.0,0.0,Barnett Shale,,,
Three Sisters Petroleum,,0.0,0.0,Haynesville/Bossier Shale,,,
Thungela Resources Ltd,"Canberra, Australia",-35.2809368,149.1300092,Ensham Coal Mine,Australia,Oceania,
Tianjin Energy Investment Co Ltd,"Tianjin, China",39.0850999,117.19937,Shengli East No.2 Coal Mine,China,Asia,
Tibet Hengyisheng Investment Company,"Beijing, China",39.904211,116.407395,Dalaihushuo Coal Mine,China,Asia,
Tidal Petroleum,,0.0,0.0,Austin Chalk Tight,,,
Titan Exploration,,0.0,0.0,PRB Tight Oil,,,
Titan Infra Energy PT,"Sona Topas Tower, Level 25, Jl. Jend. Sudirman Kav. 26, Jakarta, Indonesia",-6.2070754,106.8222951,GAM Coal Mine,Indonesia,Asia,
Titan Rock E&P,,0.0,0.0,Haynesville/Bossier Shale,,,
Titus Oil & Gas Production,,0.0,0.0,Permian Delaware Tight,,,
TotalEnergies SE,"2 Place Jean Millier, 92400 Courbevoie, France",48.9214838,2.2720435,"Al Khaleej Gas project,Area-1 Future Phases,Athabasca Oil Sands Project,Collingham Shale,Dolphin,El Sharara,Halfayah,Johan Sverdrup,Libra,Mero (Libra NW),North Field C LNG,Qatargas 2 LNG T4-T5,Shtokman,Sirte Shale,South Pars (Phases 2-3) dry gas,Tambey Zone (Yamal Megaproject),Tannezuft Shale,Timan - Pechora Basin Offshore,Troll,Umm Shaif/Nasr,Vaca Muerta Shale",France,Europe,https://totalenergies.com/themes/custom/totalenergies_com/dist/img/logo_totalenergies.png
Treadstone Energy,,0.0,0.0,Austin Chalk Tight,,,
Tri-C Resources,,0.0,0.0,Austin Chalk Tight,,,
Triad Hunter,,0.0,0.0,"Marcellus Shale,Utica Shale",,,
Tribune Resources,,0.0,0.0,"Marcellus Shale,Utica Shale",,,
Trilogy Operating,,0.0,0.0,Permian Midland Tight,,,
Trinity Operating (USG),,0.0,0.0,"Austin Chalk Tight,Haynesville/Bossier Shale",,,
Trivium Operating,,0.0,0.0,Haynesville/Bossier Shale,,,
True Oil,,0.0,0.0,"Bakken Shale,PRB Tight Oil",,,
Tug Hill Operating,,0.0,0.0,"Marcellus Shale,Utica Shale",,,
Tuva Energy Industrial Company,"Moscow, Russia",55.755826,37.6173,Elegest Coal Mine,Russia,Europe,
U. S. Operating,,0.0,0.0,Austin Chalk Tight,,,
U.S. Energy Development Corp.,,0.0,0.0,Permian Delaware Tight,,,
UNIÓN TEMPORAL ISMOCOL-JOSHI-PARKO,,0.0,0.0,La Luna Shale,,,
UPP Operating,,0.0,0.0,"Barnett Shale,Permian Delaware Tight",,,
Unit Petroleum Company,,0.0,0.0,"Anadarko Shelf_Oklahoma,Meramec Shale",,,
United Company RUSAL,"44 Beregovaya Street, Krasnoyarsk, Russia",55.99538099999999,92.824648,Bogatyr Coal Mine,Russia,Europe,
United Energy Group Ltd,,0.0,0.0,Sembar Shale,,,
Upland Resources,,0.0,0.0,"Anadarko Shelf_Oklahoma,Meramec Shale",,,
Ural Mining Metallurgical Company,"Verkhnyaya Pyshma, Sverdlovsk Oblast, Russia",56.974633,60.5675988,Taldinsky Coal Mine,Russia,Europe,
Uttar Pradesh Rajya Vidyut,"Shakti Bhawan, 14 Ashok Marg, Lucknow, Uttar Pradesh, India",26.8507088,80.9490742,Saharpur Jamarpani,India,Asia,
Valence Operating Company,,0.0,0.0,"Austin Chalk Tight,Haynesville/Bossier Shale",,,
Valiant Resources,"Canberra, Australia",-35.2809368,149.1300092,Hutton Coal Mine,Australia,Oceania,
Venado Operating Company,,0.0,0.0,Austin Chalk Tight,,,
Verado Energy,,0.0,0.0,Haynesville/Bossier Shale,,,
Verdad Resources,,0.0,0.0,DJ Basin Tight Oil,,,
Verdugo-Pablo Energy,,0.0,0.0,Permian Midland Tight,,,
Verdun Oil & Gas,,0.0,0.0,Austin Chalk Tight,,,
Vermilion Energy Inc,,0.0,0.0,PRB Tight Oil,,,
Vess Oil Corporation,,0.0,0.0,Austin Chalk Tight,,,
Victerra Energy,,0.0,0.0,Permian Delaware Tight,,,
Vietnam Oil and Gas Group,,0.0,0.0,Tannezuft Shale,,,
Vine Oil & Gas,,0.0,0.0,Haynesville/Bossier Shale,,,
Virtex Operating Company,,0.0,0.0,Austin Chalk Tight,,,
Vista Oil & Gas Argentina SAU,,0.0,0.0,Vaca Muerta Shale,,,
WCS Oil & Gas Corporation,,0.0,0.0,Austin Chalk Tight,,,
WPX Energy Permian,,0.0,0.0,Permian Delaware Tight,,,
WPX Energy Williston,,0.0,0.0,Bakken Shale,,,
Wagner Oil Company,,0.0,0.0,Permian Midland Tight,,,
Walsh Petroleum,,0.0,0.0,Permian Midland Tight,,,
Weatherly Oil & Gas,,0.0,0.0,Haynesville/Bossier Shale,,,
White Knight Production,,0.0,0.0,Barnett Shale,,,
White Rock Oil & Gas,,0.0,0.0,"Bakken Shale,Permian Midland Tight",,,
Whiting Oil & Gas Corporation,,0.0,0.0,"Bakken Shale,DJ Basin Tight Oil",,,
Wildhorse Resources,,0.0,0.0,Austin Chalk Tight,,,
Williams Oil Company,,0.0,0.0,Permian Delaware Tight,,,
Willo Oil & Gas Exploration,,0.0,0.0,Permian Delaware Tight,,,
Winright Resources Operating,,0.0,0.0,"Anadarko Shelf_Oklahoma,Meramec Shale",,,
Wintershall Dea,,0.0,0.0,Sirte Shale,,,
Wintershall Dea Argentina SA,,0.0,0.0,Vaca Muerta Shale,,,
Wishbone Texas Operating Co.,,0.0,0.0,Permian Midland Tight,,,
Wold Energy Partners,,0.0,0.0,PRB Tight Oil,,,
Woodbine Production Corporation,,0.0,0.0,Austin Chalk Tight,,,
Worldview Capital Management group,,0.0,0.0,Tannezuft Shale,,,
Wutongshu Investment Platform Co.,"Beijing, China",39.904211,116.407395,Tambey Zone (Yamal Megaproject),China,Asia,
XTO Energy,,0.0,0.0,"Anadarko Shelf_Oklahoma,Austin Chalk Tight,Bakken Shale,Barnett Shale,Eagle Ford Shale,Haynesville/Bossier Shale,Marcellus Shale,Meramec Shale,Permian Delaware Tight,Permian Midland Tight,Utica Shale",,,
XTO Permian Operating,,0.0,0.0,Permian Delaware Tight,,,
Xin Jiang Guang Hui Industry Investment Group Co Ltd,"Beijing, China",39.904211,116.407395,Baishihu Surface Mine,China,Asia,
Xinjiang Changyuan Water Group,"Beijing, China",39.904211,116.407395,Wucaiwan No.1 Coal Mine,China,Asia,
Xinjiang Energy Group,"Beijing, China",39.904211,116.407395,"Shitoumei No.1 Coal Mine,Wucaiwan No.1 Coal Mine,Wucaiwan No.1 Surface Mine",China,Asia,http://www.xjnyjt.cn/images/logo.png
Xinjiang Joinworld Company,"Beijing, China",39.904211,116.407395,Jiangjun Gebi No.2 Coal Mine,China,Asia,
Xinjiang Production and Construction Corps,"Beijing, China",39.904211,116.407395,Baishihu Surface Mine,China,Asia,
Xinjiang Xinhua Hydropower Investment Company,"Beijing, China",39.904211,116.407395,Wucaiwan No.1 Coal Mine,China,Asia,
Xin’ao Holding Investment Company,,0.0,0.0,Wangjiata Coal Mine,,,
Xuzhou Coal Mining Group,"Xuzhou, Jiangsu, China",34.2043999,117.28577,Xinjiang Hongshan Coal Mine,China,Asia,
YPF SA,,0.0,0.0,Vaca Muerta Shale,,,
Yanchang Oil and Minerals Administration Hengshan Oil Drilling and Production Company,"Beijing, China",39.904211,116.407395,Yushuwan Coal Mine,China,Asia,
Yang Quan Coal Industry Group,"Yangquan, Shanxi, China",37.8566799,113.58047,Wenjiazhuang Coal Mine,China,Asia,
Yangcheng County Yangtai Group Industrial Co Ltd,"Beijing, China",39.904211,116.407395,Longwan Coal Mine,China,Asia,
Yankuang Energy,"No. 298, Fushan South Road, Zoucheng, Shandong, China",35.39561,116.95089,"Hunter Valley North Coal Mine,Hunter Valley South Coal Mine",China,Asia,
Yichang Caiyuan Investment and Management Company,"Beijing, China",39.904211,116.407395,Wucaiwan No.1 Surface Mine,China,Asia,
Yichang Xinfa Industry Investment Company,"Beijing, China",39.904211,116.407395,Wucaiwan No.1 Surface Mine,China,Asia,
Yildirim Holding AS,"Barbaros Mah. Halk Caddesi, Yıldırım Tower, No: 17, Istanbul, Turkey",40.991,29.10179,San Juan Coal Mine,Turkey,Asia,
Yima Coal Industry Group,"Beijing, China",39.904211,116.407395,Hongshaquan No.1 Coal Mine,China,Asia,
Yucca Energy,,0.0,0.0,Permian Midland Tight,,,
Yulin City Finance Investment Management Company,"Beijing, China",39.904211,116.407395,Zhaoshipan Coal Mine,China,Asia,
Yulin City Yuyang District Energy Investment Company,"Beijing, China",39.904211,116.407395,Shaanxi Caojiatan Coal Mine,China,Asia,
Yulin State-Owned Asset Operation and Management Company,"Beijing, China",39.904211,116.407395,Shaanxi Caojiatan Coal Mine,China,Asia,
Yulin State-Owned Capital Operation and Management Company,"Beijing, China",39.904211,116.407395,Ningtiaota Coal Mine,China,Asia,
Yulin Yuyang Coal Company,"Beijing, China",39.904211,116.407395,Yushuwan Coal Mine,China,Asia,
Yulin Yuyang District Energy Investment Company,"Beijing, China",39.904211,116.407395,Xiaojihan Coal Mine,China,Asia,
Yuling Mining Group,"Beijing, China",39.904211,116.407395,Xiaojihan Coal Mine,China,Asia,
Zarvona Energy,,0.0,0.0,"Austin Chalk Tight,Permian Midland Tight",,,
Zavanna,,0.0,0.0,Bakken Shale,,,
Zhejiang Provincial Energy Group Co Ltd,"No. 1, Xiaoying Road, Hangzhou, Zhejiang, China",30.08971,120.06194,Yili No.4 Coal Mine,China,Asia,
Zhejiang Shenglong Industrial Company,"Beijing, China",39.904211,116.407395,Wucaiwan No.1 Surface Mine,China,Asia,
Zhejiang Xinhu Group Holding Company,"Beijing, China",39.904211,116.407395,Wucaiwan No.1 Surface Mine,China,Asia,
