Carbon_bomb_name,Country,Company
ACG (Azeri-Chirag-Guneshli Deep Water),Azerbaijan,Azerbaijan (OCC) Limited
ACG (Azeri-Chirag-Guneshli Deep Water),Azerbaijan,BP PLC
ACG (Azeri-Chirag-Guneshli Deep Water),Azerbaijan,Equinor ASA
ACG (Azeri-Chirag-Guneshli Deep Water),Azerbaijan,Inpex Corp
Abqaiq,Saudi Arabia,Saudi Arabian Oil Company (Saudi Aramco)
Afşin-Elbistan Coal Mine,Türkiye,Electricity Generating PCL
Agha Jari,Iran,National Iranian Oil Company
Ahwaz Asmari,Iran,National Iranian Oil Company
Ahwaz Bangestan,Iran,National Iranian Oil Company
Al Khaleej Gas project,Qatar,TotalEnergies SE
Al Khaleej Gas project,Qatar,QatarEnergy
Alpha North Coal Mine,Australia,GVK Group
Anadarko Shelf_Oklahoma,United States,Anadarko
Angren Coal Mine,Uzbekistan,Ministry of Finance of Uzbekistan
Anjialing Open-Pit Mine,China,HKSCC Nominees Limited
Anjialing Open-Pit Mine,China,China Coal Xinji Energy Co Ltd
Antaibao Surface Mine,China,China Coal Xinji Energy Co Ltd
Antaibao Surface Mine,China,HKSCC Nominees Limited
Arctic LNG 2 T1-3,Russia,No informations on company
Area 1 LNG (T1&T2),Mozambique,Mozambique Rovuma Venture
Area-1 Future Phases,Mozambique,TotalEnergies SE
Arshanovsky Coal Mine,Russia,Rutek Alliance
Asab,United Arab Emirates,No informations on company
Athabasca Oil Sands Project,Canada,Exxon Mobil Corp
Athabasca Oil Sands Project,Canada,CNOOC Oil Sands Canada
Athabasca Oil Sands Project,Canada,Sinopec Oil Sands Partnership
Athabasca Oil Sands Project,Canada,Imperial Oil Resources Limited
Athabasca Oil Sands Project,Canada,Suncor
Athabasca Oil Sands Project,Canada,Shell PLC
Athabasca Oil Sands Project,Canada,Suncor Energy Inc
Athabasca Oil Sands Project,Canada,Canadian Natural Resources Ltd (CNRL)
Athabasca Oil Sands Project,Canada,Teck Resources Ltd
Athabasca Oil Sands Project,Canada,TotalEnergies SE
Athabasca Oil Sands Project,Canada,
Athabasca Oil Sands Project,Canada,Chevron Corp
Austin Chalk Tight,United States,Murphy E&P. Company
Austin Chalk Tight,United States,Ramtex Energy
Austin Chalk Tight,United States,Repsol Oil & Gas
Austin Chalk Tight,United States,Rki Energy Resources
Austin Chalk Tight,United States,Sheridan Production Company
Austin Chalk Tight,United States,SM Energy Co
Austin Chalk Tight,United States,U. S. Operating
Austin Chalk Tight,United States,Trinity Operating (USG)
Austin Chalk Tight,United States,Verdun Oil & Gas
Austin Chalk Tight,United States,WCS Oil & Gas Corporation
Austin Chalk Tight,United States,Wildhorse Resources
Austin Chalk Tight,United States,Zarvona Energy
Austin Chalk Tight,United States,Matador Production Company
Austin Chalk Tight,United States,Treadstone Energy
Austin Chalk Tight,United States,Marathon Oil Corp
Austin Chalk Tight,United States,BPX Operating
Austin Chalk Tight,United States,Inpex Eagle Ford
Austin Chalk Tight,United States,BHP Billiton
Austin Chalk Tight,United States,Blackbrush
Austin Chalk Tight,United States,Magnolia Oil & Gas Operating
Austin Chalk Tight,United States,Burlington Resources
Austin Chalk Tight,United States,Chesapeake Operating
Austin Chalk Tight,United States,CML Exploration
Austin Chalk Tight,United States,BXP Operating
Austin Chalk Tight,United States,El Toro Resources
Austin Chalk Tight,United States,Encana Oil & Gas
Austin Chalk Tight,United States,EOG Resources Inc
Austin Chalk Tight,United States,Equinor Energy
Austin Chalk Tight,United States,Geosouthern Energy
Austin Chalk Tight,United States,Gulftex Energy
Austin Chalk Tight,United States,Devon Energy Corp
Azadegan,Iran,China National Petroleum Corporation (CNPC)
BIB Coal Mine,Indonesia,Golden Energy Mines
Ba Leng Coal Mine,China,Jinneng Holding Group Co Ltd
Bab,United Arab Emirates,No informations on company
Bab (Gasco),United Arab Emirates,No informations on company
Baghdad East,Iraq,China ZhenHua Oil Co Ltd
Baijia Haizi Coal Mine,China,Inner Mongolia Ordos Investment Holding Group
Baijia Haizi Coal Mine,China,Bayannaoer Zhuoyue Building Materials Company
Baijia Haizi Coal Mine,China,Inner Mongolia Huineng Coal and Electricity Group
Baishihu Surface Mine,China,Xinjiang Production and Construction Corps
Baishihu Surface Mine,China,Guanghui Energy Holding Company
Baishihu Surface Mine,China,Xin Jiang Guang Hui Industry Investment Group Co Ltd
Baiyanghe Coal Mine,China,Shandong Lutai Holding Group
Baiyanghe Coal Mine,China,Ming Kei Energy Investment Company
Baiyinhua No.3 Surface Mine,China,State Power Investment Corp (SPIC)
Baiyinhua No.3 Surface Mine,China,Huolinhe Coal Industry Group
Baiyinhua No.3 Surface Mine,China,Industrial and Commercial Bank of China
Bakken Shale,United States,Enerplus Corp
Bakken Shale,United States,Sinclair Oil & Gas Company
Bakken Shale,United States,Murex Petroleum Corp
Bakken Shale,United States,Equinor Energy
Bakken Shale,United States,Zavanna
Bakken Shale,United States,Nine Point Energy
Bakken Shale,United States,Gadeco
Bakken Shale,United States,Burlington Resources
Bakken Shale,United States,Iron Oil Operating
Bakken Shale,United States,True Oil
Bakken Shale,United States,Kraken Development
Bakken Shale,United States,Ovintiv Production
Bakken Shale,United States,Missouri River Resources
Bakken Shale,United States,Abraxas
Bakken Shale,United States,Koda Resources Operating
Bakken Shale,United States,White Rock Oil & Gas
Bakken Shale,United States,Cobra Oil & Gas
Bakken Shale,United States,Newfield Production Company
Bakken Shale,United States,Whiting Oil & Gas Corporation
Bakken Shale,United States,Lime Rock Resources
Bakken Shale,United States,Slawson Exploration Company
Bakken Shale,United States,Hess Bakken Investments
Bakken Shale,United States,Bruin E&P Operating
Bakken Shale,United States,EOG Resources Inc
Bakken Shale,United States,Crescent Point Energy Corp
Bakken Shale,United States,XTO Energy
Bakken Shale,United States,Liberty Resources
Bakken Shale,United States,Continental Resources
Bakken Shale,United States,Petro-Hunt
Bakken Shale,United States,Oasis Petroleum
Bakken Shale,United States,Kraken Operating
Bakken Shale,United States,Hunt Oil Company
Bakken Shale,United States,Resource Energy Can-Am
Bakken Shale,United States,Rimrock Oil & Gas Williston
Bakken Shale,United States,Petroshale (US) Inc.
Bakken Shale,United States,EP Energy Corp
Bakken Shale,United States,Petro Harvester Operating Company
Bakken Shale,United States,SHD Oil & Gas
Bakken Shale,United States,Marathon Oil Corp
Bakken Shale,United States,WPX Energy Williston
Balaram Coal Mine,India,Coal India Ltd
Baltimore Canyon Offshore,United States,No informations on company
Banhardih,India,Government of India
Bankui,India,No informations on company
Baode Coal Mine,China,China Energy Investment Corp Ltd
Baode Coal Mine,China,HKSCC Nominees Limited
Barail Shale,India,Oil India Ltd
Barnett Shale,United States,Scout Energy Management
Barnett Shale,United States,Hillwood O & G Operating Co.
Barnett Shale,United States,White Knight Production
Barnett Shale,United States,Lakota Energy
Barnett Shale,United States,Merit Energy Company
Barnett Shale,United States,Texxol Operating Company
Barnett Shale,United States,Oakridge Oil And Gas
Barnett Shale,United States,Ridge Oil Company
Barnett Shale,United States,Felderhoff Production
Barnett Shale,United States,1849 Energy
Barnett Shale,United States,Mccutchin Petroleum Corporation
Barnett Shale,United States,Fuse Energy
Barnett Shale,United States,EOG Resources Inc
Barnett Shale,United States,Stephens & Johnson Operating Co.
Barnett Shale,United States,"Faulconer, Vernon E."
Barnett Shale,United States,FDL Operating
Barnett Shale,United States,Bluestone
Barnett Shale,United States,UPP Operating
Barnett Shale,United States,TEP Barnett USA
Barnett Shale,United States,Lime Rock Resources
Barnett Shale,United States,Arrowhead Productions
Barnett Shale,United States,Layline Energy
Barnett Shale,United States,Petrobal Omega 1
Barnett Shale,United States,NBX Energy
Barnett Shale,United States,Citation Oil & Gas Corp
Barnett Shale,United States,North Texas Oil & Gas
Barnett Shale,United States,Brazos River Exploration
Barnett Shale,United States,Bedrock Production
Barnett Shale,United States,Kinder Morgan Production Co.
Barnett Shale,United States,Hunt Oil Company
Barnett Shale,United States,Crown Equipment Co.
Barnett Shale,United States,GHA Barnett
Barnett Shale,United States,XTO Energy
Barnett Shale,United States,Apache Co.
Barnett Shale,United States,Delta Oil & Gas
Barnett Shale,United States,Basa Resources Inc
Barnett Shale,United States,Devon Energy Corp
Barnett Shale,United States,Eagleridge Operating
Barnett Shale,United States,Saddle Operating
Barnett Shale,United States,Endeavor Energy Resources LP
Barnett Shale,United States,BRG Lone Star
Barnett Shale,United States,Sage Natural Resources
Barnett Shale,United States,Enervest Operating
Barnett Shale,United States,Clearly Petroleum
Barzan,Qatar,Qatargas
Basrah Gas project,Iraq,Eni SpA
Basrah Gas project,Iraq,Korea Gas Corporation (KOGAS)
Basrah Gas project,Iraq,Missan Oil Company
Basrah Gas project,Iraq,Basra Oil Company
Beaufort Sea Offshore,United States,No informations on company
Beisky-Zapadniy Coal Mine,Russia,Private individuals
Bernice-Cygnus Coal Mine,South Africa,TerraCom Resources
Bernice-Cygnus Coal Mine,South Africa,Bono Lithihi Investments Group
Berri,Saudi Arabia,Saudi Arabian Oil Company (Saudi Aramco)
Black Thunder Coal Mine,United States,Arch Resources Inc
Blackwater Coal Mine,Australia,BHP Group Ltd
Blackwater Coal Mine,Australia,Mitsubishi Corp
Bogatyr Coal Mine,Kazakhstan,Samruk-Energo
Bogatyr Coal Mine,Kazakhstan,United Company RUSAL
Boikarabelo Coal Mine,South Africa,Resource Generation Australia
Boli Coal Mine,China,Shanxi Huayang Group New Energy Company
Boli Coal Mine,China,Shanxi Chuangrei New Energy Investment Company
Borly Coal Mines,Kazakhstan,Kazakhmys Corporation
Bovanenkovo Zone (Yamal Megaproject),Russia,Gazprom PJSC
Bowland Shale,United Kingdom,No informations on company
Bu Hasa,United Arab Emirates,No informations on company
Buertai Coal Mine,China,HKSCC Nominees Limited
Buertai Coal Mine,China,China Energy Investment Corp Ltd
Buliangou Coal Mine,China,Inner Mongolia Mengtai Group Co Ltd
Buliangou Coal Mine,China,China Huadian Corp Ltd
Buzios (x-Franco),Brazil,Petróleo Brasileiro SA – Petrobras
Buzios (x-Franco),Brazil,Petróleo Brasileiro S.A.
Byerwen Coal Mine,Australia,QCoal
Byerwen Coal Mine,Australia,JFE Steel
Cambrian/Silurian Marine Shale,China,No informations on company
Campos Offshore,Brazil,No informations on company
Candeias Shale,Brazil,Enauta Energia SA
Candeias Shale,Brazil,Petróleo Brasileiro SA – Petrobras
Candeias Shale,Brazil,Petróleo Brasileiro S.A.
Candeias Shale,Brazil,Geopark Ltd
Candeias Shale,Brazil,PetroRio S.A.
Candeias Shale,Brazil,Guindastes Brasil
Carboniferous Shale,Kazakhstan,Exxon Mobil Corp
Carboniferous Shale,Kazakhstan,Cooperative KazMunayGaz
Carboniferous Shale,Kazakhstan,Sinopec Group
Carboniferous Shale,Kazakhstan,National Bank of the Republic of Kazakhstan
Carboniferous Shale,Kazakhstan,
Carboniferous Shale,Kazakhstan,JSC Samruk-Kazyna
Carboniferous Shale,Kazakhstan,Joint-Stock Company “Sovereign Wealth Fund “Samruk Kazyna”
Carboniferous Shale,Kazakhstan,LUKOIL PJSC
Carboniferous Shale,Kazakhstan,Chevron Corp
Carboniferous Shale,Kazakhstan,Eni SpA
Carboniferous Shale,Kazakhstan,Shell PLC
Carboniferous Shale,Kazakhstan,China National Petroleum Corporation (CNPC)
Carmichael Coal Project,Australia,Adani Group
Central Arabian Offshore,Bahrain,No informations on company
Central Arabian Offshore,Iran,No informations on company
Central Arabian Offshore,Saudi Arabia,No informations on company
Central Arabian Onshore,Saudi Arabia,No informations on company
Central Arabian Onshore,Qatar,No informations on company
Central Arabian Onshore,Kuwait,No informations on company
Central Arabian Onshore,Iraq,No informations on company
Central Uplift Onshore Xinjiang Uygur Autonomous Region,China,No informations on company
Cerrejón Coal Mine,Colombia,Glencore PLC
Chagannur No.1 Coal Mine,China,Jizhong Energy Group Co Ltd
Chagannur No.1 Coal Mine,China,China Huarong Asset Management Company
Chagannur No.1 Coal Mine,China,China Energy Investment Corp Ltd
Chahasu Coal Mine,China,China Energy Investment Corp Ltd
Chahasu Coal Mine,China,Hebei Construction & Investment Group Co Ltd
Changcheng No.3 Coal Mine,China,State Grid Corp of China
Changcheng No.3 Coal Mine,China,Shandong Energy Co Ltd
Changcheng No.3 Coal Mine,China,China Huadian Corp Ltd
Changqing,China,CNPC
Chirodzi Coal Mine,Mozambique,Jindal Group
Christina Lake,Canada,No informations on company
Chukchi Sea Offshore,United States,No informations on company
Collingham Shale,South Africa,TotalEnergies SE
Collingham Shale,South Africa,QatarEnergy
Collingham Shale,South Africa,Canadian Natural Resources Ltd (CNRL)
Collingham Shale,South Africa,Africa Energy Corp.
Collingham Shale,South Africa,
Cumberland Coal Mine,United States,Contura Energy
DJ Basin Tight Oil,United States,Whiting Oil & Gas Corporation
DJ Basin Tight Oil,United States,Bison Oil & Gas
DJ Basin Tight Oil,United States,Bayswater Operating
DJ Basin Tight Oil,United States,PDC Energy Inc
DJ Basin Tight Oil,United States,Highpoint Operating Corp.
DJ Basin Tight Oil,United States,Noble Energy
DJ Basin Tight Oil,United States,Extraction Oil & Gas
DJ Basin Tight Oil,United States,Confluence
DJ Basin Tight Oil,United States,Great Western Operating Co.
DJ Basin Tight Oil,United States,Bonanza Creek Energy
DJ Basin Tight Oil,United States,Petro Operating Company
DJ Basin Tight Oil,United States,Verdad Resources
DJ Basin Tight Oil,United States,Crestone Peak Resources
DJ Basin Tight Oil,United States,North Silo Resources
DJ Basin Tight Oil,United States,Helis Oil & Gas Company
DJ Basin Tight Oil,United States,Kaiser Francis Oil Co
DJ Basin Tight Oil,United States,Samson Exploration
DJ Basin Tight Oil,United States,EOG Resources Inc
DJ Basin Tight Oil,United States,Kerr Mcgee Oil & Gas Onshore
Dafosi Coal Mine,China,Shaanxi Coal and Chemical Industry Group Co Ltd
Dafosi Coal Mine,China,Binxian Coal Company
Dafosi Coal Mine,China,Shaanxi Investment Group Co Ltd
Dahaize Coal Mine,China,China Coal Xinji Energy Co Ltd
Dalaihushuo Coal Mine,China,Fude Life Insurance Company
Dalaihushuo Coal Mine,China,Tibet Hengyisheng Investment Company
Dalaihushuo Coal Mine,China,Jilin Province Coal Industry Group
Daliuta Coal Mine,China,China Energy Investment Corp Ltd
Daliuta Coal Mine,China,HKSCC Nominees Limited
Dananhu No. 7 Coal Mine,China,China Reform Holdings Company
Dananhu No. 7 Coal Mine,China,China Chengtong Holdings Group
Dananhu No. 7 Coal Mine,China,China Coal Xinji Energy Co Ltd
Dananhu No. 7 Coal Mine,China,China Energy Investment Corp Ltd
Dananhu No.1 Coal Mine,China,China Energy Investment Corp Ltd
Dananhu West No.2 Coal Mine,China,China Energy Investment Corp Ltd
Daqing,China,No informations on company
Dingji Coal Mine,China,Huaihe Energy
Dingji Coal Mine,China,China Cinda Asset Management
Dipka Coal Mine,India,Coal India Ltd
Dolphin,Qatar,Occidental Petroleum Corp
Dolphin,Qatar,Mubadala Investment Company
Dolphin,Qatar,TotalEnergies SE
Dongzhouyao Coal Mine,China,Jinneng Holding Group Co Ltd
Dovletabad-Donmez,Turkmenistan,No informations on company
Duvernay,Canada,No informations on company
Eagle Ford Shale,United States,Teal Operating
Eagle Ford Shale,United States,XTO Energy
Eagle Ford Shale,United States,Pioneer Natural Resources Co
Eagle Ford Shale,United States,Rosetta Resources
Eagle Ford Shale,United States,Devon Energy Corp
Eagle Ford Shale,United States,Burlington Resources
Eagle Ford Shale,Mexico,No informations on company
Eagle Ford Shale,United States,Ensign Operating LLC
East Natuna (x-Natuna D-Alpha),Indonesia,Harbour Energy PLC
East Natuna (x-Natuna D-Alpha),Indonesia,Kuwait Petroleum Corp
East Natuna (x-Natuna D-Alpha),Indonesia,Petroliam Nasional Berhad (Petronas)
East Natuna (x-Natuna D-Alpha),Indonesia,PTT PLC
East Natuna (x-Natuna D-Alpha),Indonesia,Pertamina Persero PT
Eastern Gas Program,Russia,Novatek
El Descanso Coal Mine,Colombia,Drummond Company
El Sharara,Libya,OMV AG
El Sharara,Libya,TotalEnergies SE
El Sharara,Libya,Repsol SA
El Sharara,Libya,National Oil Corporation (Libya)
Elegest Coal Mine,Russia,Tuva Energy Industrial Company
Elga Coal Mine,Russia,A-Property
Ensham Coal Mine,Australia,Thungela Resources Ltd
Ensham Coal Mine,Australia,LX International
Erkovetskiy Coal Mine,Russia,Russian Coal
Fengjiata Coal Mine,China,Shaanxi Investment Group Co Ltd
Fengjiata Coal Mine,China,Shaanxi Coal and Chemical Industry Group Co Ltd
Fording River,Canada,Teck Resources Ltd
GAM Coal Mine,Indonesia,Titan Infra Energy PT
GAM Coal Mine,Indonesia,LG International
Gachsaran,Iran,National Iranian Oil Company
Galilee Coal Mine,Australia,Mineralogy
Gaohe Coal Mine,China,Lu'an Chemical Group Co Ltd
Gaohe Coal Mine,China,Asian American Continental Coal Company
Gaojiabao Coal Mine,China,Shandong Energy Co Ltd
Gaojialiang No.1 Coal Mine,China,Beijing Energy Holding Co Ltd
Gaojialiang No.1 Coal Mine,China,Ordos Energy Investment and Development Company
Gaojialiang No.1 Coal Mine,China,Shougang Group Co Ltd
Gaotouyao Coal Mine,China,Guangdong Hengjian Investment Holding Co Ltd
Gaotouyao Coal Mine,China,China Energy Investment Corp Ltd
Gaotouyao Coal Mine,China,China Huaneng Group Co Ltd
Gare Pelma Sector II,India,Gujarat State Electricity Corporation
Garzweiler Coal Mine,Germany,RWE AG
Gazprom dobycha Nadym,Russia,Gazprom PJSC
Gazprom dobycha Orenburg,Russia,Gazprom PJSC
Gazprom dobycha Yamburg,Russia,Gazprom PJSC
Gething Coal Mine,Canada,CKD Mines
Gevra Coal Mine,India,Coal India Ltd
Ghawar Ain Dar N,Saudi Arabia,Saudi Arabian Oil Company (Saudi Aramco)
Ghawar Ain Dar S,Saudi Arabia,Saudi Arabian Oil Company (Saudi Aramco)
Ghawar Haradh,Saudi Arabia,Saudi Arabian Oil Company (Saudi Aramco)
Ghawar Hawiyah,Saudi Arabia,Saudi Arabian Oil Company (Saudi Aramco)
Ghawar Shedgum,Saudi Arabia,Saudi Arabian Oil Company (Saudi Aramco)
Ghawar Uthmaniyah,Saudi Arabia,Saudi Arabian Oil Company (Saudi Aramco)
Goldwyer Shale,Australia,No informations on company
Goonyella-Riverside Coal Mine,Australia,BHP Group Ltd
Goonyella-Riverside Coal Mine,Australia,Mitsubishi Corp
Gorgon LNG T1-T3,Australia,No informations on company
Greater Burgan,Kuwait,No informations on company
Greater Liza (Liza),Guyana,No informations on company
Greater Soutpansberg Coal Project,South Africa,Rothe Investments
Greater Soutpansberg Coal Project,South Africa,MC Mining
Greater Turbot (Stabroek),Guyana,Exxon Mobil Corp
Greater Turbot (Stabroek),Guyana,Hess Corporation
Greater Turbot (Stabroek),Guyana,CNOOC International
Grootegeluk Coal Mine,South Africa,Exxaro Resources Ltd
Gulf Coast Centre Offshore,United States,No informations on company
Gulf Deepwater Offshore,Mexico,No informations on company
Guojiatan Coal Mine,China,Shaanxi Yulin Energy Group Co Ltd
Guojiawan Coal Mine,China,Shaanxi Coal and Chemical Industry Group Co Ltd
Guojiawan Coal Mine,China,Fugu State-Owned Asset Management and Operation Company
Guojiawan Coal Mine,China,China Energy Investment Corp Ltd
Guqiao Coal Mine,China,Huaihe Energy
Guqiao Coal Mine,China,China Cinda Asset Management
Guqiao Coal Mine,China,China Energy Investment Corp Ltd
Haerwusu Surface Mine,China,China Energy Investment Corp Ltd
Haerwusu Surface Mine,China,HKSCC Nominees Limited
Halagou Coal Mine,China,China Energy Investment Corp Ltd
Halagou Coal Mine,China,HKSCC Nominees Limited
Halfayah,Iraq,Basra Oil Company
Halfayah,Iraq,Petroliam Nasional Berhad (Petronas)
Halfayah,Iraq,TotalEnergies SE
Halfayah,Iraq,China National Petroleum Corporation (CNPC)
Hambach Coal Mine,Germany,RWE AG
Hamilton County Mine No.1,United States,Alliance Resource Partners LP
Hanglaiwan Coal Mine,China,Shaanxi Youser Group
Hanglaiwan Coal Mine,China,Shaanxi Yanchang Petroleum Group Co Ltd
Harmaliyah,Saudi Arabia,No informations on company
Hassi Messaoud,Algeria,Sonatrach SPA
Hassi R'Mel (Domestic),Algeria,Sonatrach SPA
Haynesville/Bossier Shale,United States,Vine Oil & Gas
Haynesville/Bossier Shale,United States,Sklar Exploration Company
Haynesville/Bossier Shale,United States,BPX (WSF Operating)
Haynesville/Bossier Shale,United States,Exco Operating Co.
Haynesville/Bossier Shale,United States,Indigo Minerals
Haynesville/Bossier Shale,United States,EGH Operating
Haynesville/Bossier Shale,United States,CCI
Haynesville/Bossier Shale,United States,BPX (KCS Resources)
Haynesville/Bossier Shale,United States,Goodrich Petroleum Co.
Haynesville/Bossier Shale,United States,Blue Dome
Haynesville/Bossier Shale,United States,Chesapeake Operating
Haynesville/Bossier Shale,United States,R. Lacy Services
Haynesville/Bossier Shale,United States,Petroquest Energy
Haynesville/Bossier Shale,United States,KJ Energy
Haynesville/Bossier Shale,United States,Harleton Oil & Gas
Haynesville/Bossier Shale,United States,CRD Operating
Haynesville/Bossier Shale,United States,Comstock Oil & Gas
Haynesville/Bossier Shale,United States,Weatherly Oil & Gas
Haynesville/Bossier Shale,United States,"Comstock Oil & Gas, LP"
Haynesville/Bossier Shale,United States,Tellurian Operating
Haynesville/Bossier Shale,United States,TMR Exploration
Haynesville/Bossier Shale,United States,Ellora Energy
Haynesville/Bossier Shale,United States,Shelby Boswell Operator
Haynesville/Bossier Shale,United States,Lime Rock Resources
Haynesville/Bossier Shale,United States,Sonerra Resources Corporation
Haynesville/Bossier Shale,United States,BRG Lone Star
Haynesville/Bossier Shale,United States,Chevron Corp
Haynesville/Bossier Shale,United States,East Texas Exploration
Haynesville/Bossier Shale,United States,Palmer Petroleum
Haynesville/Bossier Shale,United States,Highmark Energy
Haynesville/Bossier Shale,United States,Brooks Petroleum
Haynesville/Bossier Shale,United States,Three Sisters Petroleum
Haynesville/Bossier Shale,United States,Empresa Operating
Haynesville/Bossier Shale,United States,XTO Energy
Haynesville/Bossier Shale,United States,RFE Operating
Haynesville/Bossier Shale,United States,Covey Park Operating
Haynesville/Bossier Shale,United States,Sheridan Production Company
Haynesville/Bossier Shale,United States,Sabine Oil & Gas Corporation
Haynesville/Bossier Shale,United States,BP PLC
Haynesville/Bossier Shale,United States,Merit Energy Company
Haynesville/Bossier Shale,United States,Valence Operating Company
Haynesville/Bossier Shale,United States,New Century Exploration
Haynesville/Bossier Shale,United States,Dallas Production
Haynesville/Bossier Shale,United States,Aethon Energy
Haynesville/Bossier Shale,United States,Amplify Energy Corp
Haynesville/Bossier Shale,United States,Tanos Exploration
Haynesville/Bossier Shale,United States,Trivium Operating
Haynesville/Bossier Shale,United States,Titan Rock E&P
Haynesville/Bossier Shale,United States,GEP Haynesville
Haynesville/Bossier Shale,United States,Ensight IV Energy
Haynesville/Bossier Shale,United States,Rockcliff Energy Operating
Haynesville/Bossier Shale,United States,Verado Energy
Haynesville/Bossier Shale,United States,Brookston Energy
Haynesville/Bossier Shale,United States,Breitburn Operating
Haynesville/Bossier Shale,United States,Brix Operating
Haynesville/Bossier Shale,United States,BPX Operating
Haynesville/Bossier Shale,United States,Pine Wave Energy Partners Operating
Haynesville/Bossier Shale,United States,Trinity Operating (USG)
Hetaoyu Coal Mine,China,China Huaneng Group Co Ltd
Hongliulin Coal Mine,China,Shaanxi Yulin Energy Group Co Ltd
Hongliulin Coal Mine,China,China Development Bank
Hongliulin Coal Mine,China,Shaanxi Coal and Chemical Industry Group Co Ltd
Hongliulin Coal Mine,China,Shenmu City State-Owned Assets Operation Co
Hongqinghe Coal Mine,China,Inner Mongolia Yitai Investment Co Ltd
Hongqinghe Coal Mine,China,Inner Mongolia Guanglian Minzu Economic Development Company
Hongqinghe Coal Mine,China,Inner Mongolia Coal Field Geological Bureau
Hongqingliang Coal Mine,China,Shanxi Zhongbo Real Estate Development Company
Hongqingliang Coal Mine,China,Beijing Energy Holding Co Ltd
Hongqingliang Coal Mine,China,Shougang Group Co Ltd
Hongqingliang Coal Mine,China,China Coal Xinji Energy Co Ltd
Hongshaquan No.1 Coal Mine,China,Yima Coal Industry Group
Hongshaquan No.1 Coal Mine,China,Beijing Lirui Investment Company
Hongshuliang Coal Mine,China,Erdos Chunhui Forest Company
Hongshuliang Coal Mine,China,Junggar Juli Cultivation Company
Hongshuliang Coal Mine,China,Inner Mongolia Shengli Resource Group
Hongshuliang Coal Mine,China,Kailuan Group Ltd Liability Corp
Horizon Oil Sands Project,Canada,No informations on company
Huangling No.2 Coal Mine,China,Shaanxi Coal and Chemical Industry Group Co Ltd
Huangling No.2 Coal Mine,China,Jiangsu Yueda Group
Huangling No.2 Coal Mine,China,Industrial and Commercial Bank of China
Huangyuchuan Coal Mine,China,China Energy Investment Corp Ltd
Huangyuchuan Coal Mine,China,Elion Resources Group Ltd
Hulusu Coal Mine,China,Shenergy Group Co Ltd
Hulusu Coal Mine,China,China Coal Xinji Energy Co Ltd
Hulusu Coal Mine,China,Sinopec
Hulusu Coal Mine,China,Manshi Group
Hunter Valley North Coal Mine,Australia,Glencore PLC
Hunter Valley North Coal Mine,Australia,Yankuang Energy
Hunter Valley South Coal Mine,Australia,Yankuang Energy
Hunter Valley South Coal Mine,Australia,Glencore PLC
Huojitu Well Of Daliuta Coal Mine,China,China Energy Investment Corp Ltd
Huojitu Well Of Daliuta Coal Mine,China,HKSCC Nominees Limited
Hutton Coal Mine,Australia,Valiant Resources
Inaglinskaya-2 Mine,Russia,Kolmar
Indexim Coalindo Coal Mine,Indonesia,Indexim Coalindo
Inner Mongolia Erlintu Coal Mine,China,Shenmu Taide Energy Investment Company
Inner Mongolia Erlintu Coal Mine,China,Erdos Jiuyuan Investment Company
Inner Mongolia Erlintu Coal Mine,China,Shendong Tianlong Group
Inner Mongolia Erlintu Coal Mine,China,Inner Mongolia Huineng Coal and Electricity Group
Inner Mongolia Erlintu Coal Mine,China,Inner Mongolia Kaiyuan Shiye Group
"Integrated Belpahar, Lakhanpur, Lilari Coal Mine",India,Coal India Ltd
Irati Shale,Brazil,No informations on company
Jiangjun Gebi No.2 Coal Mine,China,Tebian Electric Apparatus (TBEA)
Jiangjun Gebi No.2 Coal Mine,China,Xinjiang Joinworld Company
Jinjie Coal Mine,China,China Energy Investment Corp Ltd
Jinjie Coal Mine,China,State Grid Corp of China
Jinjitan Coal Mine,China,Shaanxi Yanchang Petroleum Group Co Ltd
Jinjitan Coal Mine,China,Shandong Energy Co Ltd
Jinjitan Coal Mine,China,Jiaxing Dejian Investment Partnership
Johan Sverdrup,Norway,Equinor ASA
Johan Sverdrup,Norway,Lundin Energy AB
Johan Sverdrup,Norway,Petoro AS
Johan Sverdrup,Norway,Aker BP ASA
Johan Sverdrup,Norway,BP PLC
Johan Sverdrup,Norway,TotalEnergies SE
KPC Operation Coal Mine,Indonesia,Bumi Resources
Kaniha Coal Mine,India,Coal India Ltd
Karachaganak,Kazakhstan,LUKOIL PJSC
Karachaganak,Kazakhstan,Chevron Corp
Karachaganak,Kazakhstan,Joint-Stock Company “Sovereign Wealth Fund “Samruk Kazyna”
Karachaganak,Kazakhstan,Shell PLC
Karachaganak,Kazakhstan,Eni SpA
Kashagan,Kazakhstan,JSC Samruk-Kazyna
Kashagan,Kazakhstan,Cooperative KazMunayGaz
Kashagan,Kazakhstan,Eni SpA
Kashagan,Kazakhstan,Exxon Mobil Corp
Kashagan,Kazakhstan,Shell PLC
Kearl,Canada,No informations on company
Kerandari BC,India,Government of India
Khafji,Kuwait,Saudi Arabian Oil Company (Saudi Aramco)
Khafji,Kuwait,Kuwait Petroleum Corp
Khurais project,Saudi Arabia,Saudi Arabian Oil Company (Saudi Aramco)
Khursaniyah,Saudi Arabia,Saudi Arabian Oil Company (Saudi Aramco)
Kish Gas Project,Iran,National Iranian Oil Company
Kolubara Mine Complex,Serbia,Elektroprivreda Srbije (EPS)
Kouzi East Coal Mine,China,China Coal Xinji Energy Co Ltd
Kouzi East Coal Mine,China,China Energy Investment Corp Ltd
Kouzi East Coal Mine,China,Anhui Xinji Coal and Electricity Group
Kouzi East Coal Mine,China,China COSCO Shipping Corp Ltd
Kronprins Christian Offshore,Denmark,No informations on company
Ku-Maloob-Zaap Project,Mexico,No informations on company
Kusmunda Coal Mine,India,Coal India Ltd
Kuznetsk Depression (Kuzbass) CBM,Russia,No informations on company
La Luna Shale,Venezuela,
La Luna Shale,Venezuela,NEMAKA
La Luna Shale,Venezuela,Chevron Corp
La Luna Shale,Venezuela,Shell PLC
La Luna Shale,Venezuela,PDVSA
La Luna Shale,Colombia,Schlumberger B.V.
La Luna Shale,Colombia,Occidental Petroleum Corp
La Luna Shale,Colombia,ONGC-Videsh
La Luna Shale,Colombia,Parko Services
La Luna Shale,Colombia,Joshi Technologies International Inc.
La Luna Shale,Colombia,UNIÓN TEMPORAL ISMOCOL-JOSHI-PARKO
La Luna Shale,Colombia,BP PLC
La Luna Shale,Colombia,Ecopetrol S.A.
La Luna Shale,Colombia,
La Luna Shale,Colombia,Gran Tierra Energy Inc.
Lakhanpur Coal Mine,India,Coal India Ltd
Leningradskoye (Kara Sea),Russia,Gazprom PJSC
Lensky Basin CBM,Russia,Oil India Ltd
Lensky Basin CBM,Russia,Bharat Petroleum Corp Ltd
Lensky Basin CBM,Russia,Indian Oil Corp Ltd
Lensky Basin CBM,Russia,Russian Federation Agency for State Property Management
Lensky Basin CBM,Russia,Gazprom PJSC
Lensky Basin CBM,Russia,BP PLC
Lensky Basin CBM,Russia,
Lensky Basin CBM,Russia,QH Oil Investments LLC
Lensky Basin CBM,Russia,Rosneftegaz AO
Leviathan,Israel,Chevron Corp
Leviathan,Israel,Delek Group Ltd
Leviathan,Israel,Ratio Petroleum
Liard Shale,Canada,No informations on company
Libra,Brazil,Petróleo Brasileiro S.A.
Libra,Brazil,Shell PLC
Libra,Brazil,TotalEnergies SE
Libra,Brazil,CNOOC Limited
Libra,Brazil,China National Petroleum Corporation (CNPC)
Libra,Brazil,Petróleo Brasileiro SA – Petrobras
Lijiahao Coal Mine,China,China Energy Investment Corp Ltd
Lijiahao Coal Mine,China,HKSCC Nominees Limited
Listvianskaya Coal Mine,Russia,Siberian Business Union-Coal (SBU)
Liuzhuang Coal Mine,China,Anhui Xinji Coal and Electricity Group
Liuzhuang Coal Mine,China,China Energy Investment Corp Ltd
Liuzhuang Coal Mine,China,China Coal Xinji Energy Co Ltd
Llandovery Shale,Brazil,No informations on company
Longmaxi Shale,China,
Longmaxi Shale,China,Chevron Corp
Longmaxi Shale,China,China National Petroleum Corporation (CNPC)
Longmaxi Shale (Sichuan/Changyu),China,Sinopec
Longwan Coal Mine,China,Shanxi Yujin Trading Company
Longwan Coal Mine,China,Shanxi Juhuang Century Investment Company
Longwan Coal Mine,China,Yangcheng County Yangtai Group Industrial Co Ltd
Longwan Coal Mine,China,Huayang New Material Technology Group Co Ltd
Longwan Coal Mine,China,Jinneng Holding Group Co Ltd
Longwanggou Coal Mine,China,China Datang Corp
Longwanggou Coal Mine,China,Luen Mei Group
Lower Zakum,United Arab Emirates,Abu Dhabi National Oil Company
Lower Zakum,United Arab Emirates,Oil and Natural Gas Corporation Ltd (ONGC)
Lower Zakum,United Arab Emirates,Inpex Corp
Lower Zakum,United Arab Emirates,China National Petroleum Corporation (CNPC)
Loy Yang Coal Mine,Australia,AGL Energy Ltd
Lublin Basin Silurian Shale,Poland,Polskie Górnictwo Naftowe i Gazownictwo SA (PGNiG)
Lublin Basin Silurian Shale,Poland,PKN ORLEN
Lublin Basin Silurian Shale,Poland,
Lula (X-Tupi),Brazil,Petróleo Brasileiro SA – Petrobras
Lula (X-Tupi),Brazil,Petróleo Brasileiro S.A.
Lula (X-Tupi),Brazil,Shell PLC
Lula (X-Tupi),Brazil,Galp Energia SGPS S.A.
Lula (X-Tupi),Brazil,Pré-Sal Petróleo S.A.
MC #1 Coal Mine,United States,Foresight Energy
MHU Coal Mine,Indonesia,Private Resources Limited
MZLNG Joint Development (T1-T2),Mozambique,No informations on company
Madaotou Coal Mine,China,Jinneng Holding Group Co Ltd
Majialiang Coal Mine,China,Jinneng Holding Group Co Ltd
Majnoon,Iraq,Basra Oil Company
Mandakini B,India,National Thermal Power Corporation
Manifa (redevelop),Saudi Arabia,Saudi Arabian Oil Company (Saudi Aramco)
Mansouri Bangestan,Iran,National Iranian Oil Company
Marcellus Shale,United States,HG Energy
Marcellus Shale,United States,Gulfport Energy Corp
Marcellus Shale,United States,Gulfport Apalachia
Marcellus Shale,United States,Eclipse Resources
Marcellus Shale,United States,Rice Drilling
Marcellus Shale,United States,EQT Production Co.
Marcellus Shale,United States,Greylock Production
Marcellus Shale,United States,Diversified Production
Marcellus Shale,United States,EQT Chap.
Marcellus Shale,United States,Tribune Resources
Marcellus Shale,United States,Equinor Energy
Marcellus Shale,United States,EM Energy Ohio
Marcellus Shale,United States,Triad Hunter
Marcellus Shale,United States,Tug Hill Operating
Marcellus Shale,United States,Northeast Natural Energy LLC
Marcellus Shale,United States,Ascent Resources
Marcellus Shale,United States,Jay-Bee Oil & Gas
Marcellus Shale,United States,Arsenal Resources
Marcellus Shale,United States,Antero Resources Corp
Marcellus Shale,United States,CNX Gas Co.
Marcellus Shale,United States,Olympus Energy
Marcellus Shale,United States,Snyder Bros
Marcellus Shale,United States,Rockdale Marcellus
Marcellus Shale,United States,EAP Ohio
Marcellus Shale,United States,SWN Production Co.
Marcellus Shale,United States,Chesapeake Operating
Marcellus Shale,United States,BKV Operations
Marcellus Shale,United States,Chief Oil & Gas
Marcellus Shale,United States,JKLM Energy
Marcellus Shale,United States,Cabot Oil & Gas
Marcellus Shale,United States,Seneca Resources
Marcellus Shale,United States,EOG Resources Inc
Marcellus Shale,United States,Repsol Oil & Gas
Marcellus Shale,United States,Inflection Energy
Marcellus Shale,United States,Swepi LP
Marcellus Shale,United States,Range Resources Appalachia
Marcellus Shale,United States,Arcadia Operating
Marcellus Shale,United States,Pa Gen Energy Co.
Marcellus Shale,United States,Hilcorp Energy Co
Marcellus Shale,United States,XTO Energy
Marcellus Shale,United States,Pennenergy Resources
Marcellus Shale,United States,EXCO Resources Inc
Maritsa Coal Mines,Bulgaria,Bulgarian Energy Holding EAD
Marjan,Saudi Arabia,Saudi Arabian Oil Company (Saudi Aramco)
Marun,Iran,National Iranian Oil Company
Meihuajing Coal Mine,China,Ningxia State-Owned Capital Operation Group
Meihuajing Coal Mine,China,China Energy Investment Corp Ltd
Mengcun Coal Mine,China,Shaanxi Coal and Chemical Industry Group Co Ltd
Mengcun Coal Mine,China,China Development Bank
Menilite Shale,Ukraine,No informations on company
Menkeqing Coal Mine,China,China Coal Xinji Energy Co Ltd
Menkeqing Coal Mine,China,Sinopec
Menkeqing Coal Mine,China,Shenergy Group Co Ltd
Menkeqing Coal Mine,China,Manshi Group
Meramec Shale,United States,Seek Energy
Meramec Shale,United States,Strat Land Exploration Company
Meramec Shale,United States,XTO Energy
Meramec Shale,United States,Remora Operating
Meramec Shale,United States,Hadaway Consult And Engineer
Meramec Shale,United States,Scout Energy Management
Meramec Shale,United States,Cimarex Energy
Meramec Shale,United States,Duncan Oil Properties
Meramec Shale,United States,Tabula Rasa Energy
Meramec Shale,United States,Sanguine Gas Exploration
Meramec Shale,United States,Pantera Energy Company
Meramec Shale,United States,Templar Operating
Meramec Shale,United States,Tapstone Energy Inc
Meramec Shale,United States,BCE-Mach
Meramec Shale,United States,Bracken Operating
Meramec Shale,United States,Enervest Operating
Meramec Shale,United States,Latigo Petroleum
Meramec Shale,United States,Le Norman Operating
Meramec Shale,United States,Courson Oil & Gas
Meramec Shale,United States,BP PLC
Meramec Shale,United States,Winright Resources Operating
Meramec Shale,United States,Tecolote Energy
Meramec Shale,United States,Unit Petroleum Company
Meramec Shale,United States,4P Energy
Meramec Shale,United States,Sabine Oil & Gas Corporation
Meramec Shale,United States,Texakoma E&P
Meramec Shale,United States,Mewbourne Oil Company
Meramec Shale,United States,Jones Energy Inc
Meramec Shale,United States,Upland Resources
Meramec Shale,United States,EOG Resources Inc
Meramec Shale,United States,Apache Co.
Meramec Shale,United States,Presidio Petroleum
Meramec Shale,United States,H & L Exploration Company
Meramec Shale,United States,Polaris Operating
Mero (Libra NW),Brazil,China National Petroleum Corporation (CNPC)
Mero (Libra NW),Brazil,CNOOC Limited
Mero (Libra NW),Brazil,TotalEnergies SE
Mero (Libra NW),Brazil,Shell PLC
Mero (Libra NW),Brazil,Petróleo Brasileiro SA – Petrobras
Mero (Libra NW),Brazil,Petróleo Brasileiro S.A.
Moher Amlohri Coal Mine,India,Reliance Power Ltd
Montney Play,Canada,
Mount Pleasant Coal Mine,Australia,Integrated Energy Services Corporation
Muduchaideng Coal Mine,China,Inner Mongolia Boyuan Holdings Group
Muduchaideng Coal Mine,China,China Coal Xinji Energy Co Ltd
Murray River Coal Mine,Canada,HD Mining International
NLNG Base Project,Nigeria,No informations on company
Nahr bin Umar,Iraq,Basra Oil Company
Nalin River No.2 Coal Mine,China,China Coal Xinji Energy Co Ltd
Nalin River No.2 Coal Mine,China,Inner Mongolia Boyuan Holdings Group
New Largo Coal Mine,South Africa,Seriti
New Largo Coal Mine,South Africa,Industrial Development Corporation
New Largo Coal Mine,South Africa,New Largo Employee & Community Trusts
Ningtiaota Coal Mine,China,Shaanxi Coal and Chemical Industry Group Co Ltd
Ningtiaota Coal Mine,China,Yulin State-Owned Capital Operation and Management Company
Ningtiaota Coal Mine,China,Shenmu City State-Owned Assets Operation Co
Ningxia Hongliu Coal Mine,China,China Energy Investment Corp Ltd
Ningxia Hongliu Coal Mine,China,Ningxia State-Owned Capital Operation Group
North Antelope Rochelle Coal Mine,United States,Peabody Energy Corp
North Field,Qatar,No informations on company
North Field C LNG,Qatar,TotalEnergies SE
North Field C LNG,Qatar,Shell PLC
North Field C LNG,Qatar,QatarEnergy
North Field E,Qatar,QatarEnergy
North Kara Sea Offshore,Russia,No informations on company
North Slope Onshore,United States,No informations on company
Oil shale China,China,No informations on company
Olive Downs Coal Mine,Australia,Pembroke Resources
Orinoco Joint Ventures,Venezuela,PDVSA
Orinoco Joint Ventures,Venezuela,Repsol SA
Orinoco Joint Ventures,Venezuela,Oil and Natural Gas Corporation of India
Orinoco Joint Ventures,Venezuela,PC Venezuela LTD
Orinoco Joint Ventures,Venezuela,Indian Oil Corp Ltd
PRB Tight Oil,United States,No informations on company
PTBA Coal Mines,Indonesia,Indonesia Asahan Aluminium Persero PT
Paardekop Coal Mine,South Africa,Glencore PLC
Pakar North Coal Mine,Indonesia,Bayan Resources Tbk PT
Pangpangta Coal Mine,China,Shanxi Coking Coal Group Co Ltd
Pangpangta Coal Mine,China,China Cinda Asset Management Company
Pangpangta Coal Mine,China,China Construction Bank
Parnaiba Onshore,Brazil,No informations on company
Pars Southwest,Iran,No informations on company
Pasir Coal Mine,Indonesia,Indika Energy Tbk PT
Pazanan,Iran,National Iranian Oil Company
Peak Downs Coal Mine,Australia,BHP Group Ltd
Peak Downs Coal Mine,Australia,Mitsubishi Corp
Pereyaslovskiy Coal Mine,Russia,Russian Coal
Permian Conventional_Texas,United States,No informations on company
Permian Delaware Tight,United States,Williams Oil Company
Permian Delaware Tight,United States,Champion Lone Star
Permian Delaware Tight,United States,Burlington Resources
Permian Delaware Tight,United States,P.O.&G. Operating
Permian Delaware Tight,United States,CBP Operating
Permian Delaware Tight,United States,Blackbeard Operating LLC
Permian Delaware Tight,United States,Sundown Energy
Permian Delaware Tight,United States,Four Corners Petroleum
Permian Delaware Tight,United States,Abraxas
Permian Delaware Tight,United States,Point Energy Partners Petro
Permian Delaware Tight,United States,Crimson Energy
Permian Delaware Tight,United States,Bluestone
Permian Delaware Tight,United States,Elk River Resources
Permian Delaware Tight,United States,Caird Operating
Permian Delaware Tight,United States,Halcon Operating Co.
Permian Delaware Tight,United States,Burnett Oil Co.
Permian Delaware Tight,United States,Contango Resources
Permian Delaware Tight,United States,Siltstone Resources
Permian Delaware Tight,United States,Primexx Operating Corporation
Permian Delaware Tight,United States,Tall City Operations
Permian Delaware Tight,United States,Mongoose Energy
Permian Delaware Tight,United States,Stronghold Energy
Permian Delaware Tight,United States,UPP Operating
Permian Delaware Tight,United States,Boaz Energy
Permian Delaware Tight,United States,Mammoth Exploration
Permian Delaware Tight,United States,Aspen Operating
Permian Delaware Tight,United States,Aghorn
Permian Delaware Tight,United States,Rio Oil And Gas (Permian)
Permian Delaware Tight,United States,Atlantic Resources
Permian Delaware Tight,United States,Anadarko
Permian Delaware Tight,United States,Oasis Petroleum
Permian Delaware Tight,United States,Shell PLC
Permian Delaware Tight,United States,U.S. Energy Development Corp.
Permian Delaware Tight,United States,Fasken Oil And Ranch
Permian Delaware Tight,United States,Eland Energy
Permian Delaware Tight,United States,Meco IV
Permian Delaware Tight,United States,Bosque Texas Oil
Permian Delaware Tight,United States,Sable Permian Resources
Permian Delaware Tight,United States,Foreland Operating
Permian Delaware Tight,United States,Enervest Operating
Permian Delaware Tight,United States,Colgate Operating
Permian Delaware Tight,United States,Epic Permian Operating
Permian Delaware Tight,United States,Willo Oil & Gas Exploration
Permian Delaware Tight,United States,Mercury Operating
Permian Delaware Tight,United States,Jagged Peak Energy
Permian Delaware Tight,United States,MDC Texas Operator
Permian Delaware Tight,United States,Rosehill Operating Company
Permian Delaware Tight,United States,Jetta Permian
Permian Delaware Tight,United States,Marathon Oil Corp
Permian Delaware Tight,United States,Cimarex Energy Co. of Colorado
Permian Delaware Tight,United States,Devon Energy Corp
Permian Delaware Tight,United States,Mewbourne Oil Co.
Permian Delaware Tight,United States,OXY USA WTP LP
Permian Delaware Tight,United States,Murchison Oil And Gas
Permian Delaware Tight,United States,EOG Resources Inc
Permian Delaware Tight,United States,Redwood Operating
Permian Delaware Tight,United States,Spur Energy Partners
Permian Delaware Tight,United States,Matador Production Company
Permian Delaware Tight,United States,ConocoPhillips
Permian Delaware Tight,United States,Legacy Reserves Operating
Permian Delaware Tight,United States,OXY USA
Permian Delaware Tight,United States,Chevron Corp
Permian Delaware Tight,United States,Southwest Royalties
Permian Delaware Tight,United States,Diamondback E&P
Permian Delaware Tight,United States,Breitburn Operating
Permian Delaware Tight,United States,Occidental Permian
Permian Delaware Tight,United States,XTO Energy
Permian Delaware Tight,United States,Luxe Operating
Permian Delaware Tight,United States,Apache Co.
Permian Delaware Tight,United States,Tap Rock Operating
Permian Delaware Tight,United States,Sheridan Production Company
Permian Delaware Tight,United States,XTO Permian Operating
Permian Delaware Tight,United States,BTA Oil Producers
Permian Delaware Tight,United States,Resolute Natural Resources
Permian Delaware Tight,United States,Victerra Energy
Permian Delaware Tight,United States,BHP Billiton
Permian Delaware Tight,United States,Titus Oil & Gas Production
Permian Delaware Tight,United States,Capitan Energy
Permian Delaware Tight,United States,Carrizo
Permian Delaware Tight,United States,Approach Operating
Permian Delaware Tight,United States,Charger Shale Oil Operating
Permian Delaware Tight,United States,Scala Energy
Permian Delaware Tight,United States,Pdc Permian
Permian Delaware Tight,United States,Impetro Operating
Permian Delaware Tight,United States,Ameredev
Permian Delaware Tight,United States,Chisholm Energy
Permian Delaware Tight,United States,Cimarex Energy
Permian Delaware Tight,United States,Centennial Resource
Permian Delaware Tight,United States,Kaiser-Francis Oil Company
Permian Delaware Tight,United States,COG Production
Permian Delaware Tight,United States,WPX Energy Permian
Permian Delaware Tight,United States,Cambrian Management
Permian Midland Tight,United States,COG Operating
Permian Midland Tight,United States,Pioneer Natural Resources Co
Permian Midland Tight,United States,Parsley Energy Operations
Permian Midland Tight,United States,Mineral Technologies
Permian Midland Tight,United States,Atoka Operating
Permian Midland Tight,United States,Cinnabar Operating
Permian Midland Tight,United States,Strand Energy
Permian Midland Tight,United States,Trilogy Operating
Permian Midland Tight,United States,Endeavor Energy Resources LP
Permian Midland Tight,United States,Reatta Energy
Permian Midland Tight,United States,Elk Petroleum Ltd
Permian Midland Tight,United States,Sabalo Operating
Permian Midland Tight,United States,Basa Resources Inc
Permian Midland Tight,United States,Wagner Oil Company
Permian Midland Tight,United States,Pinon Operating
Permian Midland Tight,United States,Element Petroleum
Permian Midland Tight,United States,Petrolegacy Energy
Permian Midland Tight,United States,Callon Petroleum Co
Permian Midland Tight,United States,Earthstone Operating
Permian Midland Tight,United States,Crockett Operating
Permian Midland Tight,United States,Guidon Energy
Permian Midland Tight,United States,Laredo Petroleum
Permian Midland Tight,United States,DE3 Operating
Permian Midland Tight,United States,Avalon TX Operating
Permian Midland Tight,United States,Prime Operating Company
Permian Midland Tight,United States,Hibernia Resources
Permian Midland Tight,United States,Stanolind Production
Permian Midland Tight,United States,Banner Operating
Permian Midland Tight,United States,Bold Operating
Permian Midland Tight,United States,Discovery Natural Resources LLC
Permian Midland Tight,United States,SEM Operating Company
Permian Midland Tight,United States,TRP Operating
Permian Midland Tight,United States,Henry Resources
Permian Midland Tight,United States,Compass Energy
Permian Midland Tight,United States,Ganador Operating
Permian Midland Tight,United States,Elk Meadows Resources
Permian Midland Tight,United States,Elevation Resources
Permian Midland Tight,United States,Zarvona Energy
Permian Midland Tight,United States,Fasken Oil And Ranch
Permian Midland Tight,United States,Permian Deep Rock Oil Co.
Permian Midland Tight,United States,Independence Resources
Permian Midland Tight,United States,Crownquest Operating
Permian Midland Tight,United States,Encana Oil & Gas
Permian Midland Tight,United States,Legacy Reserves Operating
Permian Midland Tight,United States,Silver Creek Permian
Permian Midland Tight,United States,Seaboard Operating Co.
Permian Midland Tight,United States,Rover Petroleum Operating
Permian Midland Tight,United States,Parallel Petroleum
Permian Midland Tight,United States,Clear Fork
Permian Midland Tight,United States,Gunn Oil Co.
Permian Midland Tight,United States,NBX Energy
Permian Midland Tight,United States,Citation Oil & Gas Corp
Permian Midland Tight,United States,Kinder Morgan Production Co.
Permian Midland Tight,United States,OXY USA
Permian Midland Tight,United States,Sheridan Production Company
Permian Midland Tight,United States,Juno Operating Company
Permian Midland Tight,United States,Surge Operating
Permian Midland Tight,United States,"Brown, H.L. Operating"
Permian Midland Tight,United States,Texland Petroleum
Permian Midland Tight,United States,Walsh Petroleum
Permian Midland Tight,United States,Sabinal Energy Operating LLC
Permian Midland Tight,United States,CHI Operating
Permian Midland Tight,United States,Apache Co.
Permian Midland Tight,United States,Occidental Permian
Permian Midland Tight,United States,HEXP Operating
Permian Midland Tight,United States,Moriah Operating
Permian Midland Tight,United States,Hunt Oil Company
Permian Midland Tight,United States,HighPeak Energy Inc
Permian Midland Tight,United States,Diamondback E&P
Permian Midland Tight,United States,Yucca Energy
Permian Midland Tight,United States,White Rock Oil & Gas
Permian Midland Tight,United States,Verdugo-Pablo Energy
Permian Midland Tight,United States,Wishbone Texas Operating Co.
Permian Midland Tight,United States,Ring Energy Inc
Permian Midland Tight,United States,Custer & Wright Operating
Permian Midland Tight,United States,Hadaway Consult And Engineer
Permian Midland Tight,United States,E R Operating Co.
Permian Midland Tight,United States,Steward Energy
Permian Midland Tight,United States,XTO Energy
Permian Midland Tight,United States,Pacesetter Energy
Permian Midland Tight,United States,Great Western Operating Co.
Permian Midland Tight,United States,Tabula Rasa Energy
Permian Midland Tight,United States,Smith Energy Operating Company
Permian Midland Tight,United States,Roff Operating Company
Permian Midland Tight,United States,Relentless Permian Operating
Permian Midland Tight,United States,Chevron Corp
Permian Midland Tight,United States,Grenadier Energy
Permian Midland Tight,United States,Bayswater Operating
Permian Midland Tight,United States,Rocker A Operating Company
Pervomaisky Coal Mine,Russia,Siberian Business Union-Coal (SBU)
Phulbari Coal Mine,Bangladesh,GCM Resources
Pingshuo East Coal Mine,China,China Coal Xinji Energy Co Ltd
Pingshuo East Coal Mine,China,HKSCC Nominees Limited
Pribbenow Coal Mine,Colombia,Drummond Company
Project Kuwait,Kuwait,No informations on company
Project Motheo,Botswana,Minerals Development Company Botswana
QatarGas 1 LNG T1-T3,Qatar,QatarEnergy
QatarGas 1 LNG T1-T3,Qatar,ConocoPhillips
QatarGas 1 LNG T1-T3,Qatar,Mitsui & Co. Ltd.
QatarGas LNG T12-T13 (NFE-South),Qatar,QatarEnergy
QatarGas LNG T12-T13 (NFE-South),Qatar,ConocoPhillips
QatarGas LNG T12-T13 (NFE-South),Qatar,Mitsui & Co. Ltd.
QatarGas LNG T8-T11 (NFE-East),Qatar,QatarEnergy
Qatargas 2 LNG T4-T5,Qatar,QatarEnergy
Qatargas 2 LNG T4-T5,Qatar,Exxon Mobil Corp
Qatargas 2 LNG T4-T5,Qatar,TotalEnergies SE
Qatif project,Saudi Arabia,Saudi Arabian Oil Company (Saudi Aramco)
Qingchunta Coal Mine,China,Shanghai Chengrui Investment Company
Qingchunta Coal Mine,China,Guangdong Hanjian Investment Co Ltd
Qinghua No.7 Coal Mine,China,China Kingho Energy Group
Qingshuiying Coal Mine,China,China Energy Investment Corp Ltd
Qingshuiying Coal Mine,China,Ningxia State-Owned Capital Operation Group
Qiyuan Coal Mine,China,Huayang New Material Technology Group Co Ltd
Qurna West,Iraq,Exxon Mobil Corp
Qurna West,Iraq,China National Petroleum Corporation (CNPC)
Qurna West,Iraq,ITOCHU Corp
Qurna West,Iraq,Pertamina Persero PT
Qurna West,Iraq,Iraqi Oil Exploration Company
Qurna West-2,Iraq,LUKOIL PJSC
Rajmahal Coal Mine,India,Coal India Ltd
Rasgas 2 LNG T3-T5,Qatar,QatarEnergy
Rasgas 3 LNG T6-T7,Qatar,QatarEnergy
Raspadskaya Coal Mine,Russia,Evraz PLC
Ratawi,Iraq,Basra Oil Company
Red Hill Coal Project,Australia,Mitsubishi Corp
Red Hill Coal Project,Australia,BHP Group Ltd
Revuboe Coal Mine,Mozambique,Talbot Group
Revuboe Coal Mine,Mozambique,Nippon Steel & Sumitomo Metal
Revuboe Coal Mine,Mozambique,POSCO Holdings Inc
Romashkino,Russia,Tatneft
Rumaila North & South,Iraq,BP PLC
Rumaila North & South,Iraq,China National Petroleum Corporation (CNPC)
Rumaila North & South,Iraq,Basra Oil Company
Rusanovskoye (Kara Sea),Russia,No informations on company
Saebyol Coal Mining Complex,North Korea,Government of North Korea
Safaniya,Saudi Arabia,Saudi Arabian Oil Company (Saudi Aramco)
Safaniya YTF Concession,Saudi Arabia,Saudi Arabian Oil Company (Saudi Aramco)
Saharpur Jamarpani,India,Uttar Pradesh Rajya Vidyut
Samotlorneftegaz (TNK-BP),Russia,Russian Federation Agency for State Property Management
Samotlorneftegaz (TNK-BP),Russia,QH Oil Investments LLC
Samotlorneftegaz (TNK-BP),Russia,BP PLC
Samotlorneftegaz (TNK-BP),Russia,Rosneftegaz AO
San Juan Coal Mine,Colombia,Yildirim Holding AS
Sandaogou Coal Mine,China,China Energy Investment Corp Ltd
Sandaogou Coal Mine,China,Shaanxi Coal and Chemical Industry Group Co Ltd
Sanjiao No.1 Coal Mine,China,Jinneng Holding Group Co Ltd
Santos Offshore,Brazil,No informations on company
Saraji East Coal Mine,Australia,BHP Group Ltd
Saraji East Coal Mine,Australia,Mitsubishi Corp
Sembar Shale,Pakistan,Polskie Górnictwo Naftowe i Gazownictwo SA (PGNiG)
Sembar Shale,Pakistan,Harbour Energy PLC
Sembar Shale,Pakistan,Shell PLC
Sembar Shale,Pakistan,Mari Petroleum Company Limited
Sembar Shale,Pakistan,Eni SpA
Sembar Shale,Pakistan,Pakistan Petroleum Limited
Sembar Shale,Pakistan,Private Investors
Sembar Shale,Pakistan,PPL Employees Empowerment Trust
Sembar Shale,Pakistan,Oil and Gas Development Company Limited
Sembar Shale,Pakistan,United Energy Group Ltd
Sembar Shale,Pakistan,Kuwait Petroleum Corp
Sembar Shale,Pakistan,Former Eni Employees
Sembar Shale,Pakistan,Hub Power
Sembar Shale,Pakistan,Al-Haj Group of Companies
Sembar Shale,Pakistan,Government Holdings (Private) Limited
Sembar Shale,Pakistan,Hashoo Group
Sembar Shale,Pakistan,Government of Pakistan
Sengwe Colliery,Zimbabwe,RioZim
SeverEnergia Project,Russia,
SeverEnergia Project,Russia,Gazprom PJSC
Shaanxi Caojiatan Coal Mine,China,Shenmu City State-Owned Assets Operation Co
Shaanxi Caojiatan Coal Mine,China,Yulin State-Owned Asset Operation and Management Company
Shaanxi Caojiatan Coal Mine,China,Shaanxi Coal and Chemical Industry Group Co Ltd
Shaanxi Caojiatan Coal Mine,China,Shaanxi Financial Holding Group
Shaanxi Caojiatan Coal Mine,China,Yulin City Yuyang District Energy Investment Company
Shahaiji No.1 Coal Mine,China,China Energy Investment Corp Ltd
Shajihai No.2 Coal Mine,China,China Energy Investment Corp Ltd
Shangwan Coal Mine,China,China Energy Investment Corp Ltd
Shangwan Coal Mine,China,HKSCC Nominees Limited
Shangyuquan Coal Mine,China,Guangdong Jinma Tourism Group
Shangyuquan Coal Mine,China,Jinneng Holding Group Co Ltd
Shanxi Dongda Coal Mine,China,Jinneng Holding Group Co Ltd
Shanxi Lu'an Gucheng Coal Mine,China,Lu'an Chemical Group Co Ltd
Shaqu No.1 Coal Mine,China,Shanxi Coking Coal Group Co Ltd
Shaqu No.1 Coal Mine,China,China Coal Xinji Energy Co Ltd
Shaybah,Saudi Arabia,Saudi Arabian Oil Company (Saudi Aramco)
Shengli,China,Sinopec Group
Shengli East No.2 Coal Mine,China,China Datang Corp
Shengli East No.2 Coal Mine,China,HKSCC Nominees Limited
Shengli East No.2 Coal Mine,China,Tianjin Energy Investment Co Ltd
Shengli East No.2 Coal Mine,China,Hebei Construction & Investment Group Co Ltd
Shengli East No.2 Coal Mine,China,Beijing Energy Holding Co Ltd
Shengli No.1 Open-Pit Coal Mine,China,China Energy Investment Corp Ltd
Shengli No.1 Open-Pit Coal Mine,China,China Huaneng Group Co Ltd
Shenhua Baorixile Surface Coal Mine,China,Changchun Jijun Trade Company
Shenhua Baorixile Surface Coal Mine,China,China National Petroleum Corporation (CNPC)
Shenhua Baorixile Surface Coal Mine,China,China Energy Investment Corp Ltd
Shenhua Baorixile Surface Coal Mine,China,Guangda Holding Company
Shenhua Bulianta Coal Mine,China,China Energy Investment Corp Ltd
Shenhua Bulianta Coal Mine,China,HKSCC Nominees Limited
Shenhua Heidaigou Surface Coal Mine,China,China Energy Investment Corp Ltd
Shenhua Heidaigou Surface Coal Mine,China,China Cinda Asset Management Company
Shicaocun Coal Mine,China,China Energy Investment Corp Ltd
Shicaocun Coal Mine,China,Ningxia State-Owned Assets Company
Shigetai Coal Mine,China,HKSCC Nominees Limited
Shigetai Coal Mine,China,China Energy Investment Corp Ltd
Shilawusu Coal Mine,China,Jinchengtai Limited Liability Company Of Chemical Industry of Ordos City
Shilawusu Coal Mine,China,Jiutai Energy
Shilawusu Coal Mine,China,Shandong Energy Co Ltd
Shilawusu Coal Mine,China,Shanghai Huayi Group
Shitoumei No.1 Coal Mine,China,Xinjiang Energy Group
Shtokman,Russia,Equinor ASA
Shtokman,Russia,TotalEnergies SE
Shtokman,Russia,Gazprom PJSC
Shubarkol Coal Mine,Kazakhstan,Joint Resources JSC
Shubarkol Coal Mine,Kazakhstan,
Shurapskaya Coal Mine,Russia,Siberian Business Union-Coal (SBU)
Siarmal Coal Mine,India,Coal India Ltd
Sihe Coal Mine,China,Jinneng Holding Group Co Ltd
Sihe Coal Mine,China,China Development Bank
Sihe Coal Mine,China,China Cinda Asset Management Company
Sijiazhuang Coal Mine,China,Huayang New Material Technology Group Co Ltd
Sirte Shale,Libya,TotalEnergies SE
Sirte Shale,Libya,Repsol SA
Sirte Shale,Libya,
Sirte Shale,Libya,Suncor Energy Inc
Sirte Shale,Libya,National Oil Corporation
Sirte Shale,Libya,Wintershall Dea
Sirte Shale,Libya,Hess Corporation
Sirte Shale,Libya,OMV AG
Sirte Shale,Libya,Equinor ASA
Sirte Shale,Libya,Marathon Oil Corp
Sirte Shale,Libya,ConocoPhillips
Sirte Shale,Libya,National Oil Corporation (Libya)
Sirte Shale,Libya,Eni
Sirte Shale,Libya,Gazprom EP International
South Pars (Phases 2-3) dry gas,Iran,Gazprom PJSC
South Pars (Phases 2-3) dry gas,Iran,Petroliam Nasional Berhad (Petronas)
South Pars (Phases 2-3) dry gas,Iran,TotalEnergies SE
South Pars (Phases 20-21),Iran,National Iranian Oil Company
South Pars (Phases 22-24),Iran,No informations on company
South Pars (Phases 4-5) dry gas,Iran,Eni SpA
South Pars (Phases 4-5) dry gas,Iran,PPL Corp
South Pars (Phases 4-5) dry gas,Iran,PPI
South Pars (Phases 4-5) dry gas,Iran,National Iranian Oil Company
South Pars (Phases 9-10) dry gas,Iran,National Iranian Oil Company
Southeast Uplift Onshore Heilongjiang Province,China,No informations on company
"Spirit River (Notikewin, Falher, Wilrich)",Canada,No informations on company
Stepnoy Coal Mine,Russia,Octo Coal
Suancigou Coal Mine,China,Beijing Jingneng Power Company
Suancigou Coal Mine,China,Inner Mongolia Yitai Investment Co Ltd
Suancigou Coal Mine,China,Shanxi Yuedian Energy
Sudair Shale,Saudi Arabia,No informations on company
Sugodinsk-Ogodzhinsky Coal Mine,Russia,A-Property
Syncrude Mildred Lake/Aurora,Canada,CNOOC Oil Sands Canada
Syncrude Mildred Lake/Aurora,Canada,Suncor
Syncrude Mildred Lake/Aurora,Canada,Imperial Oil Resources Limited
Syncrude Mildred Lake/Aurora,Canada,Sinopec Oil Sands Partnership
Talahao Coal Mine,China,Inner Mongolia Yitai Investment Co Ltd
Talaipalli Coal Mine,India,National Thermal Power Corporation
Taldinsky Coal Mine,Russia,Ural Mining Metallurgical Company
Talike District No. 2 Coal Mine,China,Bazhou Dongchen Industry and Trade Company
Tambey Zone (Yamal Megaproject),Russia,PAO NOVATEK
Tambey Zone (Yamal Megaproject),Russia,TotalEnergies SE
Tambey Zone (Yamal Megaproject),Russia,China National Petroleum Corporation (CNPC)
Tambey Zone (Yamal Megaproject),Russia,Wutongshu Investment Platform Co.
Tambey Zone (Yamal Megaproject),Russia,China Investment Co
Tambey Zone (Yamal Megaproject),Russia,China Development Bank
Tambey Zone (Yamal Megaproject),Russia,China Import-Export Bank
Tanf Shale,Syria,No informations on company
Tannezuft Shale,Algeria,Mubadala Investment Company
Tannezuft Shale,Algeria,Carlyle Group
Tannezuft Shale,Algeria,Repsol SA
Tannezuft Shale,Algeria,PTT PLC
Tannezuft Shale,Algeria,Hess Corporation
Tannezuft Shale,Algeria,Vietnam Oil and Gas Group
Tannezuft Shale,Algeria,Eni SpA
Tannezuft Shale,Algeria,BHP Group Ltd
Tannezuft Shale,Algeria,Sinopec Group
Tannezuft Shale,Algeria,Pertamina Persero PT
Tannezuft Shale,Algeria,BP PLC
Tannezuft Shale,Algeria,
Tannezuft Shale,Algeria,Enel SpA
Tannezuft Shale,Algeria,Equinor ASA
Tannezuft Shale,Algeria,Worldview Capital Management group
Tannezuft Shale,Algeria,PT Pertamina (Persero)
Tannezuft Shale,Algeria,TotalEnergies SE
Tannezuft Shale,Algeria,Occidental Petroleum Corp
Tannezuft Shale,Algeria,Sonatrach SPA
Tanzanian Coastal Offshore,Tanzania,No informations on company
Taohe Coal Mine,China,Shandong First Geological and Mineral Exploration Institute
Taran Gaole Coal Mine,China,China Energy Investment Corp Ltd
Tarim (CNPC),China,PetroChina
Tashan Coal Mine,China,Jinneng Holding Group Co Ltd
Tashan Coal Mine,China,China Datang Corp
Tashan Coal Mine,China,HKSCC Nominees Limited
Tavan Tolgoi Coal Mine,Mongolia,Erdenes MGL
Taymyr Basin CBM,Russia,No informations on company
Tengiz,Kazakhstan,Joint-Stock Company “Sovereign Wealth Fund “Samruk Kazyna”
Tengiz,Kazakhstan,National Bank of the Republic of Kazakhstan
Tengiz,Kazakhstan,Chevron Corp
Tengiz,Kazakhstan,Exxon Mobil Corp
Tengiz,Kazakhstan,LUKOIL PJSC
Thar Coal Mine,Pakistan,Sindh Engro Coal Mining Company
Timan - Pechora Basin Offshore,Russia,Gazprom PJSC
Timan - Pechora Basin Offshore,Russia,Equinor ASA
Timan - Pechora Basin Offshore,Russia,TotalEnergies SE
Timan - Pechora Basin Onshore,Russia,Lukoil
Timan - Pechora Basin Onshore,Russia,OOO Gazprom dobycha Krasnodar
Tongxin Coal Mine,China,Jinneng Holding Group Co Ltd
Tongxin Coal Mine,China,China Energy Investment Corp Ltd
Tongxin Coal Mine,China,China Cinda Asset Management Company
Troll,Norway,TotalEnergies SE
Troll,Norway,Shell PLC
Troll,Norway,ConocoPhillips
Troll,Norway,Petoro AS
Troll,Norway,Equinor ASA
Tunguska Basin CBM,Russia,Rosneftegaz AO
Tunguska Basin CBM,Russia,BP PLC
Tunguska Basin CBM,Russia,QH Oil Investments LLC
Tunguska Basin CBM,Russia,Russian Federation Agency for State Property Management
Tutupan Coal Mine,Indonesia,Adaro Energy
Ulug-Khem Project,Russia,Severstal-Resource
Umm Shaif/Nasr,United Arab Emirates,No informations on company
Upper Zakum,United Arab Emirates,Exxon Mobil Corp
Upper Zakum,United Arab Emirates,Abu Dhabi National Oil Company
Upper Zakum,United Arab Emirates,Inpex Corp
Urengoyskoye,Russia,Gazprom PJSC
Usinsk-1 Coal Mine,Russia,Russkaya Energiya
Utica Shale,United States,Snyder Bros
Utica Shale,United States,Hilcorp Energy Co
Utica Shale,United States,EXCO Resources Inc
Utica Shale,United States,Inflection Energy
Utica Shale,United States,Pa Gen Energy Co.
Utica Shale,United States,Arcadia Operating
Utica Shale,United States,Seneca Resources
Utica Shale,United States,Rockdale Marcellus
Utica Shale,United States,Swepi LP
Utica Shale,United States,EOG Resources Inc
Utica Shale,United States,Tug Hill Operating
Utica Shale,United States,Arsenal Resources
Utica Shale,United States,Jay-Bee Oil & Gas
Utica Shale,United States,Triad Hunter
Utica Shale,United States,Tribune Resources
Utica Shale,United States,EM Energy Ohio
Utica Shale,United States,Northeast Natural Energy LLC
Utica Shale,United States,Equinor Energy
Utica Shale,United States,American Petroleum
Utica Shale,United States,Pennenergy Resources
Utica Shale,United States,EAP Ohio
Utica Shale,United States,Gulfport Energy Corp
Utica Shale,United States,Range Resources Appalachia
Utica Shale,United States,SWN Production Co.
Utica Shale,United States,BKV Operations
Utica Shale,United States,Chesapeake Operating
Utica Shale,United States,Chief Oil & Gas
Utica Shale,United States,Cabot Oil & Gas
Utica Shale,United States,JKLM Energy
Utica Shale,United States,Repsol Oil & Gas
Utica Shale,United States,Gulfport Apalachia
Utica Shale,United States,Antero Resources Corp
Utica Shale,United States,Olympus Energy
Utica Shale,United States,EQT Chap.
Utica Shale,United States,Ascent Resources
Utica Shale,United States,Diversified Production
Utica Shale,United States,Eclipse Resources
Utica Shale,United States,XTO Energy
Utica Shale,United States,CNX Gas Co.
Utica Shale,United States,EQT Production Co.
Utica Shale,United States,Greylock Production
Utica Shale,United States,Rice Drilling
Utica Shale,United States,HG Energy
Vaca Muerta Shale,Argentina,Shell PLC
Vaca Muerta Shale,Argentina,GeoPark Argentina Ltd (Sucursal Argentina)
Vaca Muerta Shale,Argentina,President Petroleum SA
Vaca Muerta Shale,Argentina,Capex SA
Vaca Muerta Shale,Argentina,Petroquimica Comodoro Rivadavia SA
Vaca Muerta Shale,Argentina,Petroleos Sudamericanos SA
Vaca Muerta Shale,Argentina,Tecpetrol SA
Vaca Muerta Shale,Argentina,Pampa Energia SA
Vaca Muerta Shale,Argentina,Vista Oil & Gas Argentina SAU
Vaca Muerta Shale,Argentina,Oilstone Energia SA
Vaca Muerta Shale,Argentina,Wintershall Dea Argentina SA
Vaca Muerta Shale,Argentina,TotalEnergies SE
Vaca Muerta Shale,Argentina,Exxon Mobil Corp
Vaca Muerta Shale,Argentina,Pluspetrol SA
Vaca Muerta Shale,Argentina,Medanito SA
Vaca Muerta Shale,Argentina,Chevron Argentina SRL
Vaca Muerta Shale,Argentina,Pan American Energy Group SL
Vaca Muerta Shale,Argentina,San Jorge Petroleum SA
Vaca Muerta Shale,Argentina,YPF SA
Valeria Coal Mine,Australia,Glencore PLC
Velkerri Shale,Australia,No informations on company
Volga - Urals Onshore,Russia,No informations on company
Wangjialing Coal Mine,China,Shanxi Coking Coal Group Co Ltd
Wangjialing Coal Mine,China,China Coal Xinji Energy Co Ltd
Wangjialing Coal Mine,China,HKSCC Nominees Limited
Wangjiata Coal Mine,China,Xin’ao Holding Investment Company
Wangjiata Coal Mine,China,Hongchuang (Shenzhen) Investment Center
Wangjiata Coal Mine,China,Langfang Heyuan Investment Center
Wangjiata Coal Mine,China,Hebei Weiyuan Group
Wangwa Coal Mine,China,Ningxia Wangwa Coal Industry Company
Wards Well Coal Mine,Australia,Stanmore Resources
Wards Well Coal Mine,Australia,Mitsubishi Corp
Weijiamao Open Pit Mine,China,China Huaneng Group Co Ltd
Weijiamao Open Pit Mine,China,Guangdong Hengjian Investment Holding Co Ltd
Weijiamao Open Pit Mine,China,China Energy Investment Corp Ltd
Weijiamao Open Pit Mine,China,China Securities Finance Corporation
Wenjiazhuang Coal Mine,China,Beijing Sunshine Ruita Investment Consulting Company
Wenjiazhuang Coal Mine,China,Shanxi Boda Group
Wenjiazhuang Coal Mine,China,Shanxi Provincial Coal Industry Agency Service Center
Wenjiazhuang Coal Mine,China,Yang Quan Coal Industry Group
Wenjiazhuang Coal Mine,China,Jinneng Holding Group Co Ltd
West Florida Offshore,United States,No informations on company
West Macedonia Lignite Centre (WMLC),Greece,Public Power Corporation of Greece S.A
West Siberia Offshore,Russia,Surgutneftegas
West Siberia Onshore,Russia,No informations on company
West Well of Faer Second Coal Mine,China,Guizhou Panjiang Coal and Electricity Group
West Well of Faer Second Coal Mine,China,Shandong Energy Co Ltd
West Well of Faer Second Coal Mine,China,Guizhou Coalfield Geology Bureau
Western Gulf Province_Texas,United States,No informations on company
Wilton and Fairhill Coal Projects,Australia,Futura Resources
Wilton and Fairhill Coal Projects,Australia,Sojitz Corp
Woodford Shale,United States,Bosque Texas Oil
Woodford Shale,United States,Jagged Peak Energy
Wucaiwan No.1 Coal Mine,China,Xinjiang Xinhua Hydropower Investment Company
Wucaiwan No.1 Coal Mine,China,Xinjiang Energy Group
Wucaiwan No.1 Coal Mine,China,Xinjiang Changyuan Water Group
Wucaiwan No.1 Coal Mine,China,Beijing Guotai Xinhua Industrial Company
Wucaiwan No.1 Surface Mine,China,Zhejiang Xinhu Group Holding Company
Wucaiwan No.1 Surface Mine,China,Zhejiang Shenglong Industrial Company
Wucaiwan No.1 Surface Mine,China,Yichang Caiyuan Investment and Management Company
Wucaiwan No.1 Surface Mine,China,Yichang Xinfa Industry Investment Company
Wucaiwan No.1 Surface Mine,China,Hubei Yihua Chemical Industry Co Ltd
Wucaiwan No.1 Surface Mine,China,Xinjiang Energy Group
Wudong Coal Mine,China,China Energy Investment Corp Ltd
Xiaobaodang No.1 Coal Mine,China,Shaanxi Investment Group Co Ltd
Xiaobaodang No.1 Coal Mine,China,Shaanxi Coal and Chemical Industry Group Co Ltd
Xiaobaodang No.2 Coal Mine,China,Shaanxi Coal and Chemical Industry Group Co Ltd
Xiaobaodang No.2 Coal Mine,China,Shaanxi Investment Group Co Ltd
Xiaojiawa Coal Mine,China,China Huadian Corp Ltd
Xiaojiawa Coal Mine,China,Shanxi Tangrong Investment Company
Xiaojiawa Coal Mine,China,Shanxi Dubao New Energy Group
Xiaojihan Coal Mine,China,Yulin Yuyang District Energy Investment Company
Xiaojihan Coal Mine,China,China Huadian Corp Ltd
Xiaojihan Coal Mine,China,Yuling Mining Group
Xiaozhuang Coal Mine,China,China Development Bank
Xiaozhuang Coal Mine,China,Shaanxi Coal and Chemical Industry Group Co Ltd
Xinjiang (CNPC),China,No informations on company
Xinjiang Hongshan Coal Mine,China,Xuzhou Coal Mining Group
Xinwen Ili No.1 Coal Mine,China,Shandong Energy Co Ltd
Xinzhuang Coal Mine,China,China Huaneng Group Co Ltd
Xiwan Surface Coal Mine,China,China Energy Investment Corp Ltd
Xiwan Surface Coal Mine,China,Shaanxi Yanchang Petroleum Group Co Ltd
Yadian Coal Mine,China,Bin County Coal Company
Yallourn,Australia,CLP Holdings Ltd
Yangchangwan No.1 Well Coal Mine,China,Ningxia State-Owned Capital Operation Group
Yangchangwan No.1 Well Coal Mine,China,China Energy Investment Corp Ltd
Yangjiacun Coal Mine,China,Shandong Energy Co Ltd
Yangquan No.1 Coal Mine,China,Huayang New Material Technology Group Co Ltd
Yashlar Vostochnyy (East),Turkmenistan,No informations on company
Yili No.4 Coal Mine,China,Shandong Energy Co Ltd
Yili No.4 Coal Mine,China,Zhejiang Provincial Energy Group Co Ltd
Yimin Surface Coal Mine,China,China Huaneng Group Co Ltd
Yingpanhao Coal Mine,China,Shandong Energy Co Ltd
Yolotan (Iolotan) South,Turkmenistan,No informations on company
Youngs Creek Coal Mine,United States,Navajo Nation
Yucatan Platform Offshore,Mexico,Petróleos Mexicanos (PEMEX)
Yucatan Platform Offshore,Mexico,
Yuganskneftegaz,Russia,Rosneft
Yushuwan Coal Mine,China,Shaanxi Yulin Energy Group Co Ltd
Yushuwan Coal Mine,China,Shenmu Coal Company
Yushuwan Coal Mine,China,Yulin Yuyang Coal Company
Yushuwan Coal Mine,China,Yanchang Oil and Minerals Administration Hengshan Oil Drilling and Production Company
Yuwang No.1 Coal Mine,China,Hebei Construction & Investment Group Co Ltd
Yuwang No.1 Coal Mine,China,HKSCC Nominees Limited
Yuwang No.1 Coal Mine,China,China Huaneng Group Co Ltd
Yuwang No.1 Coal Mine,China,Shanghua Investment Company
Zambezi Coal Mine,Mozambique,Coal India Ltd
Zambezi Coal Mine,Mozambique,Steel Authority of India (SAIL)
Zambezi Coal Mine,Mozambique,Rashtriya Ispat Nigam (RINL)
Zambezi Coal Mine,Mozambique,NMDC
Zambezi Coal Mine,Mozambique,NTPC Ltd
Zaoquan Coal Mine,China,Ningxia State-Owned Capital Operation Group
Zaoquan Coal Mine,China,China Energy Investment Corp Ltd
Zhangji Coal Mine,China,Huaihe Energy
Zhangji Coal Mine,China,China Cinda Asset Management Company
Zhangji Coal Mine,China,China Energy Investment Corp Ltd
Zhangjiamao Coal Mine,China,Shaanxi Coal and Chemical Industry Group Co Ltd
Zhangjiamao Coal Mine,China,Shenmu City State-Owned Assets Operation Co
Zhaoshipan Coal Mine,China,Shaanxi Investment Group Co Ltd
Zhaoshipan Coal Mine,China,Yulin City Finance Investment Management Company
Zhaoshipan Coal Mine,China,Shaanxi Yulin Energy Group Co Ltd
Zhong Yu Coal Mine,China,Shanxi Coking Coal Group Co Ltd
Zhong Yu Coal Mine,China,China Cinda Asset Management Company
Zhundong Surface Mine,China,China Energy Investment Corp Ltd
Zubair,Iraq,Eni SpA
Zubair,Iraq,Korea Gas Corporation (KOGAS)
Zubair,Iraq,Missan Oil Company
Zubair,Iraq,Basra Oil Company
Zuluf,Saudi Arabia,Saudi Arabian Oil Company (Saudi Aramco)
Zuluf (CR in field),Saudi Arabia,No informations on company
Zuluf (expansion),Saudi Arabia,No informations on company
