New_project;Carbon_Bomb_Name;Country;Potential_GtCO2;Fuel_type;GEM_ID;GEM_source;Latitude;Longitude;Operators;Owners;Parent_Company;Multiple_unit_concerned
False;Ensham Coal Mine;Australia;1.31499396;Coal;M0038;https://www.gem.wiki/Ensham_mine;-23.454464;148.497455;Sungela;Sungela (85%), Bowen Investment (15%);Thungela Resources Australia (85%), LX International (15%);
False;Hunter Valley North Coal Mine;Australia;1.734018;Coal;M0049;https://www.gem.wiki/Hunter_Valley_North_coal_mine;-32.4657844;150.9734981;Hunter Valley Operations;Yancoal (51%), Glencore (49%);Yankuang Energy (51%), Glencore (51%);
False;Byerwen Coal Mine;Australia;1.8407268;Coal;M0018;https://www.gem.wiki/Byerwen_Coal_Project;-21.242828;147.835392;Macmahon;Byerwen Coal;QCoal (85%), JFE Steel (15%);
False;Mount Pleasant Coal Mine;Australia;1.12027212;Coal;M0076;https://www.gem.wiki/Mount_Pleasant_coal_mine;-32.25591661;150.8499847;Mach Energy;Integrated Energy Services Corporation;Integrated Energy Services Corporation;
False;Hunter Valley South Coal Mine;Australia;1.1737968;Coal;M0050;https://www.gem.wiki/Hunter_Valley_South_coal_mine;-32.5245107;150.9819012;Hunter Valley Operations;Yancoal (51%), Glencore (49%);Yankuang Energy (51%), Glencore (51%);
False;Peak Downs Coal Mine;Australia;2.31824868;Coal;M0087;https://www.gem.wiki/Peak_Downs_coal_mine;-22.2548999;148.1796569;Thiess;BHP (50%), Mitsubishi Corporation (50%);BHP (50%), Mitsubishi Corporation (50%);
False;Blackwater Coal Mine;Australia;1.000395;Coal;M0011;https://www.gem.wiki/Blackwater_mine;-23.685585;148.807361;BHP Mitsubishi Alliance (BMA);BHP Mitsubishi Alliance (BMA);BHP (50%), Mitsubishi Corporation (50%);
False;Goonyella-Riverside Coal Mine;Australia;2.18219496;Coal;M0043;https://www.gem.wiki/Goonyella_Riverside_mine;-21.792321;147.962045;Queensland Coal, BHP Mitsubishi Alliance (BMA);Queensland Coal, BHP Mitsubishi Alliance (BMA);BHP (50%), Mitsubishi Corporation (50%);
False;Loy Yang Coal Mine;Australia;3.0513672;Coal;M0062;https://www.gem.wiki/Loy_Yang_mine;-38.2347;146.564;Loy Yang;Loy Yang;AGL Energy;
False;Yallourn;Australia;1.13003484;Coal;M0120;https://www.gem.wiki/Yallourn_mine;-38.195064;146.360402;Roche Thiess Linfox (RTL);EnergyAustralia;CLP Group;
True;Red Hill Coal Project;Australia;4.56446892;Coal;M0092;https://www.gem.wiki/Red_Hill_coal_project;-21.764098;148.005592;Queensland Coal, BHP Mitsubishi Alliance (BMA);BHP (50%), Mitsubishi Corporation (50%);BHP (50%), Mitsubishi Corporation (50%);
True;Wards Well Coal Mine;Australia;2.66772;Coal;M0114;https://www.gem.wiki/Wards_Well_-_Lancewood_coal_project;-21.598813;147.958654;Queensland Coal, Stanmore Resources Limited (BMA);Stanmore Resources (50%), Mitsubishi Corporation (50%);Stanmore Resources (50%), Mitsubishi Corporation (50%);
True;Alpha North Coal Mine;Australia;2.542806;Coal;M2491;https://www.gem.wiki/Alpha_West_coal_project;-23.115171;146.332751;GVK Hancock;GVK Hancock;GVK Group;
True;Carmichael Coal Project;Australia;2.1068964;Coal;M0023;https://www.gem.wiki/Carmichael_Coal_Project;-22.073611;146.329722;Adani Mining;Adani Mining;Adani Group;
True;Valeria Coal Mine;Australia;2.03280264;Coal;M0108;https://www.gem.wiki/Valeria_coal_project;-23.470142;148.033559;Valeria Coal Holdings;Glencore;Glencore;
True;Wilton and Fairhill Coal Projects;Australia;1.867404;Coal;M0118;https://www.gem.wiki/Wilton_and_Fairhill_coal_project;-23.41261;148.576971;Futura Resources, Sojitz Coal;Futura Resources (50%), Sojitz (50%);Futura Resources (50%), Sojitz (50%);
True;Galilee Coal Mine;Australia;1.81629;Coal;M0041;https://www.gem.wiki/Galilee_Coal_Project;-23.498536;145.94229;Waratah Coal;Waratah Coal;Mineralogy;
True;Hutton Coal Mine;Australia;1.68599904;Coal;M0051;https://www.gem.wiki/Hutton_coking_coal_project;-25.951645;148.961201;Valiant Resources;Valiant Resources;Valiant Resources;
True;Olive Downs Coal Mine;Australia;1.37120808;Coal;M0086;https://www.gem.wiki/Olive_Downs_coal_mine;-22.2204628;148.4033203;Pembroke Resources;Pembroke Resources;Pembroke Resources;
True;Saraji East Coal Mine;Australia;1.33919544;Coal;M0097;https://www.gem.wiki/Saraji_East_coal_mine;-22.371371;148.299848;Queensland Coal, BHP Mitsubishi Alliance (BMA);BHP (50%), Mitsubishi Corporation (50%);BHP (50%), Mitsubishi Corporation (50%);
True;Phulbari Coal Mine;Bangladesh;1.39606896;Coal;M0124;https://www.gem.wiki/Phulbari_coal_mine;25.9468733;89.5532405;Global Coal Management Resources (GCM);Global Coal Management Resources (GCM);GCM Resources;
True;Project Motheo;Botswana;2.179548;Coal;M0129;https://www.gem.wiki/Morupule_coal_mine;-22.515137;27.024339;Bothakga Burrow, Basil Read Mining;Minerals Development Company Botswana;Minerals Development Company Botswana;
False;Maritsa Coal Mines;Bulgaria;2.5191824;Coal;M3701;https://www.gem.wiki/Troyanovo_3_Coal_Mine;42.1677;26.0376;Mini Maritsa Iztok EAD;Bulgarian Energy Holding;Bulgarian Energy Holding;
False;Fording River;Canada;1.034808588;Coal;M0142;https://www.gem.wiki/Fording_River_Operations;50.19284;-114.86473;Teck Coal;Teck Resources;Teck Resources;
True;Murray River Coal Mine;Canada;8.4833496;Coal;M0152;https://www.gem.wiki/Murray_River;53.5226333;-118.8403882;HD Mining;HD Mining;HD Mining International;
True;Gething Coal Mine;Canada;2.0808216;Coal;M0144;https://www.gem.wiki/Gething_coal_mine;56.038803;-122.305087;CKD Mines;CKD Mines;CKD Mines;
False;Qingshuiying Coal Mine;China;1.82806932;Coal;M0311;https://www.gem.wiki/Qingshuiying_Coal_Mine_(Phase_1_Project);38.125694;106.728935;Shenhua Ningxia Coal Group;National Energy Investment Group (51%), Ningxia State-Owned Capital Operation Group (49%);China Energy (51%), Ningxia State-Owned Capital Operation Group (49%);
False;Sijiazhuang Coal Mine;China;1.559805723;Coal;M0348;https://www.gem.wiki/Sijiazhuang_Coal_Mine;37.585557;113.621388;Yangquan Coal Industry Group;Yangquan Coal Industry Group;Huayang New Material Technology Group;
False;Shangyuquan Coal Mine;China;1.428774072;Coal;M0327;https://www.gem.wiki/Shangyuquan_Coal_Mine;39.256901;111.22119;Shanxi Luneng Hequ Electricity & Coal Development Company;Guangdong Jinma Tourism Group (70%), Shanxi Jinneng Group (30%);Guangdong Jinma Tourism Group (70%), Jinneng Group (30%);
False;Shaqu No.1 Coal Mine;China;1.38630624;Coal;M0335;https://www.gem.wiki/Shaqu_No.1_Mine;37.411799;110.861439;Huajin Coking Coal Company;China Coal (28%), Shanxi Coking Coal Group (51%), Others (21%);China Coal (28%), Shanxi Coking Coal Group (51%), Others (21%);
False;Shahaiji No.1 Coal Mine;China;1.1959332;Coal;M0321;https://www.gem.wiki/Shahaiji_No.1_coal_mine;46.553039;86.205922;State Grid Energy Hefeng Coal Power Company;China Energy Investment Corporation;China Energy;
False;Gaojiabao Coal Mine;China;1.1471196;Coal;M0219;https://www.gem.wiki/Gaojiabao_Coal_Mine;35.268672;107.818112;Shaanxi Zhengtong Coal Industry;Shandong Energy Group;Shandong Energy;
False;Shajihai No.2 Coal Mine;China;1.1471196;Coal;M0322;https://www.gem.wiki/Shahaiji_No.1_coal_mine;46.553039;86.205922;State Grid Energy Hefeng Coal and Electricity Company;National Energy Investment Group;China Energy;
False;Yangjiacun Coal Mine;China;1.07878056;Coal;M0404;https://www.gem.wiki/Yangjiacun_Coal_Mine;39.8069;110.153087;Inner Mongolia Shuangxin Mining Company;Shandong Energy Group;Shandong Energy;
False;Kouzi East Coal Mine;China;1.01906904;Coal;M0271;https://www.gem.wiki/Kouzi_East_Coal_Mine;32.833342;116.162687;China Coal Xinji Energy;China Coal (30%), Guohua Energy Company (7%), Anhui Xinji Coal and Electricity Group (7%) China COSCO Shipping (56%);China Coal (30%), China Energy (7%), Anhui Xinji Coal and Electricity Group (7%) China COSCO Shipping (56%);
False;Wangjialing Coal Mine;China;2.72374212;Coal;M0366;https://www.gem.wiki/Wangjialing_Coal_Mine;35.702102;110.686347;Shanxi Zhongmei Huajin Energy;China Coal (29%), HKSCC Nominees Limited (15%), Shanxi Coking Coal Group (25%), Others (31%);China Coal (29%), HKSCC Nominees Limited (15%), Shanxi Coking Coal Group (25%), Others (31%);
False;Yili No.4 Coal Mine;China;2.58235296;Coal;M0408;https://www.gem.wiki/Yili_No.4_coal_mine;44.074228;81.141898;Yili New Mining and Coal Industry Company;Shandong Energy Group (55%), Zhejiang Energy Group (45%);Shandong Energy (55%), Zhejiang Energy Group (45%);
False;Hongqingliang Coal Mine;China;1.97763419;Coal;M0244;https://www.gem.wiki/Hongqingliang_mine;39.875788;109.367767;Hangjinqi West Energy Development Company;Shanxi Zhongbo Real Estate Development Company (40%), Beijing Energy Group (37%), Shougang Group (1%), China Coal (1%);Shanxi Zhongbo Real Estate Development Company (40%), Beijing Energy Group (37%), Shougang Group (1%), China Coal (1%);
False;Weijiamao Open Pit Mine;China;1.68650988;Coal;M0370;https://www.gem.wiki/Weijiamao_Surface_Mine;39.534982;111.29515;North Weijiamao Coal Power Company;China Huaneng (42%), Guangdong Hengjian Investment Holding Company, (8%) National Energy Investment Group (3%), China Securities Finance Corporation (3%), Others (44%);China Huaneng (42%), Guangdong Hengjian Investment Holding Company, (8%) China Energy (3%), China Securities Finance Corporation (3%), Others (44%);
False;Dingji Coal Mine;China;1.667325;Coal;M0208;https://www.gem.wiki/Dingji_Coal_Mine;32.871396;116.631428;Huaihu Coal and Electricity Company;Huaihe Energy Holding Group (50%), China Cinda Asset Management Company (49%), Others (1%);Huaihe Energy (50%), China Cinda Asset Management (49%), Others (1%);
False;Wudong Coal Mine;China;1.61328948;Coal;M0377;https://www.gem.wiki/Wudong_Coal_Mine;43.929294;87.745344;China Energy Xinjiang Energy Company;National Energy Investment Group;China Energy;
False;Lijiahao Coal Mine;China;1.47905208;Coal;M0276;https://www.gem.wiki/Lijiahao_Coal_Mine;39.738114;110.024669;China Energy Baotou Energy Company;National Energy Investment Group;China Energy (69%), HKSCC Nominees Limited (17%), Others (14%);
False;Shicaocun Coal Mine;China;1.456378163;Coal;M0342;https://www.gem.wiki/Shicaocun_mine;37.943405;106.696881;China Energy Ningxia Coal Industry Company;National Energy Investment Group (51%), Ningxia State-Owned Assets Company (49%);China Energy (51%), Ningxia State-Owned Assets Company (49%);
False;Qingchunta Coal Mine;China;1.423502203;Coal;M0309;https://www.gem.wiki/Qingchunta_mine;39.476108;111.32351;Inner Mongolia Pearl River Investment Company;Guangdong Hanjian Holding Company (94%), Shanghai Chengrui Investment Company (6%);Guangdong Hanjian Holding Company (94%), Shanghai Chengrui Investment Company (6%);
False;Xiaozhuang Coal Mine;China;1.41071304;Coal;M0387;https://www.gem.wiki/Xiaozhuang_Coal_Mine;35.08346;107.983823;Shaanxi Binchang Xiaozhuang Coal Company;Shaanxi Coal and Chemical Industry Group (45%), China Development Bank (6%), Others (49%);Shaanxi Coal and Chemical Industry Group (45%), China Development Bank (6%), Others (49%);
False;Talahao Coal Mine;China;1.297489895;Coal;M0353;https://www.gem.wiki/Talahao_mine;39.79013;110.156685;Inner Mongolia Yitai Coal Company;Yitai Group;Inner Mongolia Yitai Investment;
False;Baishihu Surface Mine;China;1.2935604;Coal;M0170;https://www.gem.wiki/Baishihu_Surface_Mine;43.917059;94.670358;Yiwu Gunaghui Mining Company;Guanghui Energy Holding Company (94%), Xinjiang Guanghui Industry Investment Group (5%), Xinjiang Production and Construction Corps (1%);Guanghui Energy Holding Company (94%), Xinjiang Guanghui Industry Investment Group (5%), Xinjiang Production and Construction Corps (1%);
False;Fengjiata Coal Mine;China;1.18617048;Coal;M0213;https://www.gem.wiki/Fengjiata_Coal_Mine;39.196394;111.13213;Shaanxi Qingshuichuan Energy Company;Shaanxi Investment Group (66%), Shaanxi Coal and Chemical Industry Group (34%);Shaanxi Investment Group (66%), Shaanxi Coal and Chemical Industry Group (34%);
False;Wucaiwan No.1 Surface Mine;China;1.389697968;Coal;M0376;https://www.gem.wiki/Wucaiwan_No.1_open-pit_mine;44.933507;89.184722;Xinjiang Yihua Mining;Zhejiang Xinhu Group Holding Company (34%), Zhejiang Shenglong Industrial Company (6%), Yichang Caiyuan Investment and Management Company (41%), Yichang Xinfa Industry Investment Company (10%), Hubei Yihua Chemical Company (7%), Xinjiang Energy Group (2%);Zhejiang Xinhu Group Holding Company (34%), Zhejiang Shenglong Industrial Company (6%), Yichang Caiyuan Investment and Management Company (41%), Yichang Xinfa Industry Investment Company (10%), Hubei Yihua Chemical Company (7%), Xinjiang Energy Group (2%);
False;Gaojialiang No.1 Coal Mine;China;2.012584728;Coal;M0220;https://www.gem.wiki/Gaojialiang_No.1_coal_mine;39.724671;110.065041;Ordos Haohua Fine Coal Company;Beijing Energy (50%), Ordos Energy Investment and Development Company (20%), Shougang Group (1%), Others (29%);Beijing Energy (50%), Ordos Energy Investment and Development Company (20%), Shougang Group (1%), Others (29%);
False;Gaohe Coal Mine;China;1.533939;Coal;M0218;https://www.gem.wiki/Gaohe_Coal_Mine;36.152253;112.990815;Shanxi Gaohe Energy Company;Lu'an Chemical Group (55%), Asian American Continental Coal Company (45%);Lu'an Chemical Group (55%), Asian American Continental Coal Company (45%);
False;Hongshaquan No.1 Coal Mine;China;8.97193968;Coal;M0247;https://www.gem.wiki/Hongshaquan_North_Surface_Mine;44.5192;90.3135;Zhonglian Runshi Xinjiang Coal Industry Company;Yima Coal Industry Group (60%), Beijing Lirui Investment Company (40%);Yima Coal Industry Group (60%), Beijing Lirui Investment Company (40%);
False;Ningxia Hongliu Coal Mine;China;2.899771908;Coal;M0302;https://www.gem.wiki/Ningxia_Hongliu_mine;37.883204;106.7576;China Energy Ningxia Coal Industry Company;National Energy Investment Group (51%), Ningxia State-Owned Capital Operation Group (49%);China Energy (51%), Ningxia State-Owned Capital Operation Group (49%);
False;Guojiawan Coal Mine;China;1.87688292;Coal;M1128;https://www.gem.wiki/Fugu_Guojiawan_mine;39.278743;110.39397;Yulin Shenhua Energy;National Energy Investment Group (37%), Shaanxi Coal and Chemical Group (18%), Fugu State-Owned Asset Management and Operation Company (21%), Others (24%);China Energy (37%), Shaanxi Coal and Chemical Group (18%), Fugu State-Owned Asset Management and Operation Company (21%), Others (24%);
False;Gaotouyao Coal Mine;China;1.870537152;Coal;M0222;https://www.gem.wiki/Gaotouyao_Coal_Mine;40.019808;109.639961;Inner Mongolia Beilian Power and Energy Development Company;China Huaneng (77%), Guangdong Hengjian Investment Holding Company (7%), National Energy Investment Group (4%), Others (12%);China Huaneng (77%), Guangdong Hengjian Investment Holding Company (7%), China Energy (4%), Others (12%);
False;Shanxi Lu'an Gucheng Coal Mine;China;1.811350662;Coal;M0331;https://www.gem.wiki/Shanxi_Lu'an_Gucheng_mine;36.25626;112.918649;Shanxi Lu'an Mining Group;Lu'an Chemical Group;Lu'an Chemical Group;
False;Hanglaiwan Coal Mine;China;1.780964196;Coal;M0232;https://www.gem.wiki/Hanglaiwan_Coal_Mine;38.530798;109.871886;Shaanxi Youse Yulin Coal Industry Company;Shaanxi Youser Group (63%), Shaanxi Yanchang Petroleum Group (38%);Shaanxi Youser Group (63%), Shaanxi Yanchang Petroleum Group (38%);
False;Xiaojiawa Coal Mine;China;1.769273339;Coal;M0384;https://www.gem.wiki/Xiaojiawa_mine;38.394821;111.143913;Shanxi Jinxing Energy Company;China Huadian (51%), Shanxi Tangrong Investment Company (24.5%), Shanxi Dubao New Energy Group (24.5%);China Huadian (51%), Shanxi Tangrong Investment Company (24.5%), Shanxi Dubao New Energy Group (24.5%);
False;Wangjiata Coal Mine;China;1.61328948;Coal;M0367;https://www.gem.wiki/Wangjiata_coal_mine;39.676306;110.001415;Xin Neng Ming Company;Xin’ao Holding Investment Company (31%), Hongchuang (Shenzhen) Investment Center (10%), Langfang Heyuan Investment Center (8%), Hebei Weiyuan Group (7%), Others (44%);Xin’ao Holding Investment Company (31%), Hongchuang (Shenzhen) Investment Center (10%), Langfang Heyuan Investment Center (8%), Hebei Weiyuan Group (7%), Others (44%);
False;Huangling No.2 Coal Mine;China;1.36189944;Coal;M0252;https://www.gem.wiki/Huangling_No.2_Coal_Mine;35.661062;108.91871;Shaanxi Huangling No.2 Coal Mine Company;Shaanxi Coal and Chemical Industry Group (34%), Jiangsu Yueda Group (45%), Industrial and Commercial Bank of China (21%);Shaanxi Coal and Chemical Industry Group (34%), Jiangsu Yueda Group (45%), Industrial and Commercial Bank of China (21%);
False;Dafosi Coal Mine;China;1.360020116;Coal;M0199;https://www.gem.wiki/Dafosi_Coal_Mine;35.062428;107.960069;Shaanxi Bingchang Dafosi Mining Company;Shaanxi Coal and Chemical Industry Group (56.8%), Binxian Coal Company (5%), Shaanxi Investment Group (5%), Others (33%);Shaanxi Coal and Chemical Industry Group (56.8%), Binxian Coal Company (5%), Shaanxi Investment Group (5%), Others (33%);
False;Zaoquan Coal Mine;China;1.05925512;Coal;M0424;https://www.gem.wiki/Zaoquan_Coal_Mine;37.926904;106.53365;China Energy Group Ningxia Coal Industry Co;National Energy Investment Group (51%), Ningxia State-Owned Capital Operation Group (49%);China Energy (51%), Ningxia State-Owned Capital Operation Group (49%);
False;Yangquan No.1 Coal Mine;China;1.210995054;Coal;M0405;https://www.gem.wiki/Yangquan_No.1_Coal_Mine;37.907856;113.517665;Yangquan Coal Industry Group;Yangquan Coal Industry Group;Huayang New Material Technology Group;
False;Sandaogou Coal Mine;China;2.262266292;Coal;M1191;https://www.gem.wiki/Fugu_Sandaogou_Coal_Mine;39.218384;110.774205;Shaanxi Deyuan Fugu Energy Company;National Energy Investment Group (70%), Shaanxi Coal and Chemical Industry Group (30%);China Energy (70%), Shaanxi Coal and Chemical Industry Group (30%);
False;Guqiao Coal Mine;China;2.029181352;Coal;M0229;https://www.gem.wiki/Guqiao_Coal_Mine;32.821408;116.545709;Huainan Mining Group;Huaihe Energy Holding Group (83%), China Cinda Asset Management Company (8%), National Energy Investment Group (3%), Others (6%);Huaihe Energy (83%), China Cinda Asset Management (8%), China Energy (3%), Others (6%);
False;Sihe Coal Mine;China;1.00522563;Coal;M2137;https://www.gem.wiki/Sihe_No.2_Coal_Mine;35.533277;112.651247;Jinneng Holding Equipment Manufacturing Group;Jinneng Holding Group;Jinneng Group (70.06%), China Development Bank（10.29%），China Cinda Asset Management Company (13.65%);
False;Dananhu No.1 Coal Mine;China;7.16583648;Coal;M0204;https://www.gem.wiki/Dananhu_No.1_Coal_Mine;42.382334;93.018391;State Grid Corporation of China Hami Coal & Energy Company;National Energy Investment Group;China Energy;
False;Xiaojihan Coal Mine;China;4.62142758;Coal;M0385;https://www.gem.wiki/Xiaojihan_mine;38.4378;109.5059;Shaanxi Huadian Yuheng Coal & Electricity Company;China Huadian (79%), Yuling Mining Group (16%), Yulin Yuyang District Energy Investment Company (5%);China Huadian (79%), Yuling Mining Group (16%), Yulin Yuyang District Energy Investment Company (5%);
False;Shengli East No.2 Coal Mine;China;4.5936618;Coal;M0336;https://www.gem.wiki/Shengli_East_No.2_open-pit_mine;44.06697;116.22348;Inner Mongolia Datang International Xilinhaote Mining Company;China Datang (35.34%), HKSCC NOMINEES LIMITED (32.9%), Tianjin Energy Investment Group (7%), Hebei Construction & Investment Group(6.93%), Beijing Energy Group (6.81%), Others(3.27%);China Datang (35.34%), HKSCC Nominees Limited (32.9%), Tianjin Energy Investment Group (7%), Hebei Construction & Investment Group(6.93%), Beijing Energy Group (6.81%), Others(3.27%);
False;Shengli East No.2 Coal Mine;China;4.5936618;Coal;M0336;https://www.gem.wiki/Shengli_East_No.2_open-pit_mine;44.06697;116.22348;Inner Mongolia Datang International Xilinhaote Mining Company;China Datang (35.34%), HKSCC NOMINEES LIMITED (32.9%), Tianjin Energy Investment Group (7%), Hebei Construction & Investment Group(6.93%), Beijing Energy (6.81%), Others (3.27%);China Datang (35.34%), HKSCC Nominees Limited (32.9%), Tianjin Energy Investment Group (7%), Hebei Construction & Investment Group(6.93%), Beijing Energy (6.81%), Others (3.27%);
False;Shengli East No.2 Coal Mine;China;4.5936618;Coal;M0336;https://www.gem.wiki/Shengli_East_No.2_open-pit_mine;44.06697;116.22348;Inner Mongolia Datang International Xilinhaote Mining Company;China Datang (35.34%), HKSCC NOMINEES LIMITED (32.9%), Tianjin Energy Investment Group (7%), Hebei Construction & Investment Group(6.93%), Beijing Energy (6.81%), Others (3.27%);China Datang (35.34%), HKSCC Nominees Limited (32.9%), Tianjin Energy Investment Group (7%), Hebei Construction & Investment Group(6.93%), Beijing Energy (6.81%), Others (3.27%);
False;Chahasu Coal Mine;China;4.208464524;Coal;M0190;https://www.gem.wiki/Chahasu_mine;39.302564;109.965281;Guodian & Jiantou Inner Mongolia Energy Investment Company;National Energy Investment Group (50%), Hebei Construction & Investment Group (50%);China Energy (50%), Hebei Construction & Investment Group (50%);
False;Majialiang Coal Mine;China;3.17044332;Coal;M0287;https://www.gem.wiki/Majialiang_Coal_Mine;39.179446;112.420825;Datong Coal Mining Group Xuangang Coal and Electricity;Jinneng Holding Group;Jinneng Holding Group (88%), Others (12%);
False;Yushuwan Coal Mine;China;2.82630744;Coal;M0419;https://www.gem.wiki/Yushuwan_Coal_Mine;38.557184;109.897685;Yulin Yushen Yushuwan Coal Mine Company;Shaanxi Yulin Energy Group (50%), Shenmu Coal Company (20%), Yulin Yuyang Coal Company (20%), Yanchang Oil and Minerals Administration Hengshan Oil Drilling and Production Company (10%);Shaanxi Yulin Energy Group (50%), Shenmu Coal Company (20%), Yulin Yuyang Coal Company (20%), Yanchang Oil and Minerals Administration Hengshan Oil Drilling and Production Company (10%);
False;Huangyuchuan Coal Mine;China;2.261021545;Coal;M0253;https://www.gem.wiki/Huangyuchuan_mine;39.67209;111.183497;China Energy Elion Energy Company;National Energy Investment Group (37%), Elion Group (49%), Others (14%);China Energy (37%), Elion Group (49%), Others (14%);
False;Dongzhouyao Coal Mine;China;2.152948235;Coal;M0210;https://www.gem.wiki/Dongzhouyao_mine;40.020636;112.863555;Jinneng Holding Coal Industry Group Dongzhouyao Datong Company;Jinneng Holding Group;Jinneng Group;
False;Longwanggou Coal Mine;China;1.922670077;Coal;M0282;https://www.gem.wiki/Longwanggou_mine;39.810538;111.214212;Ordos Guoyuan Mining Development Company;China Datang Corporation (51%), Luen Mei Group (49%);China Datang (51%), Luen Mei Group (49%);
False;Tongxin Coal Mine;China;1.56861936;Coal;M0363;https://www.gem.wiki/Tongxin_Coal_Mine;40.013182;113.103349;Jinneng Holding Group Tongxin Coal Mine Shanxi Company;Jinneng Holding Group Tongxin Coal Mine Shanxi Company;Jinneng Group (45.62%), China Energy (30%), China Cinda Asset Management Company (21.08%), Others(3.3%);
False;Xiwan Surface Coal Mine;China;1.529598563;Coal;M0398;https://www.gem.wiki/Xiwan_surface_mine;38.6047;110.064;Shaan Xi Shenyan Coal Company;National Energy Investment Group (51%), Shaanxi Yanchang Petroleum and Mining Company (49%);China Energy (51%), Shaanxi Yanchang Petroleum and Mining Company (49%);
False;Zhangjiamao Coal Mine;China;1.324312968;Coal;M0427;https://www.gem.wiki/Zhangjiamao_Coal_Mine;38.936832;110.402261;Shaanxi Coal Group, Shenmu Zhangjiamao Mining Company;Shaanxi Coal and Chemical Industry Group (35%), Shenmu State-Owned Assets Operation Company (45%), Others (20%);Shaanxi Coal and Chemical Industry Group (35%), Shenmu State-Owned Assets Operation Company (45%), Others (20%);
False;Liuzhuang Coal Mine;China;1.52054364;Coal;M0280;https://www.gem.wiki/Liuzhuang_Coal_Mine;32.805365;116.285412;China Coal Xinji Energy;China Coal (30%), Guohua Energy Company (7%), Anhui Xinji Coal and Electricity Group (7%), Others (55%);China Coal (30%), China Energy (7%), Anhui Xinji Coal and Electricity Group (7%), Others (55%);
False;Menkeqing Coal Mine;China;3.685914936;Coal;M0293;https://www.gem.wiki/Menkeqing_mine;38.901778;109.538887;Zhongtian Hechuang Energy Company;China Coal (38%), Sinopec (38%), Shenergy (13%), Manshi Group (10%), Others (1%);China Coal (38%), Sinopec (38%), Shenergy (13%), Manshi Group (10%), Others (1%);
False;Meihuajing Coal Mine;China;3.49749444;Coal;M0291;https://www.gem.wiki/Meihuajing_Coal_Mine;38.096785;106.718029;China Energy Group Ningxia Coal Industry Company;China Energy (51%), Ningxia State-Owned Capital Operation Group (49%);China Energy (51%), Ningxia State-Owned Capital Operation Group (49%);
False;Shigetai Coal Mine;China;1.19330253;Coal;M0343;https://www.gem.wiki/Shigetai_Coal_Mine;39.412064;110.13213;China Shenhua Energy;National Energy Investment Group (69%), HKSCC Nominees Limited (17%), Others (14%);China Energy (69%), HKSCC Nominees Limited (17%), Others (14%);
False;Yangchangwan No.1 Well Coal Mine;China;1.0738992;Coal;M0403;https://www.gem.wiki/Yangchangwan_Coal_Mine,_No.1_Well;38.08372;106.642094;China Energy Group Ningxia Coal Industry Company;Inner Mongolia Yitai Group (52%), Guangdong Energy (24%), Beijing Jingneng Power Company (24%);China Energy (51%), Ningxia State-Owned Capital Operation Group (49%);
False;Zhangji Coal Mine;China;2.193932928;Coal;M0426;https://www.gem.wiki/Zhangji_Coal_Mine;32.746348;116.515103;Huainan Mining Group;Huaihe Energy Holding Group (83%), China Cinda Asset Management Company (8%), National Energy Investment Group (3%), Others (6%);Huaihe Energy (83%), China Cinda Asset Management Company (8%), China Energy (3%), Others (6%);
False;Hulusu Coal Mine;China;3.963176184;Coal;M0255;https://www.gem.wiki/Hulusu_coal_mine;39.047968;109.500809;Zhongtian Hechuang Energy Company;China Coal (38%), Sinopec (38%), Shenergy (13%), Manshi Group (10%), Others (1%);China Coal (38%), Sinopec (38%), Shenergy (13%), Manshi Group (10%), Others (1%);
False;Baode Coal Mine;China;1.65844206;Coal;M0178;https://www.gem.wiki/Baode_Coal_Mine;38.950871;111.089441;China Shenhua Energy;National Energy Investment Group (69%), HKSCC Nominees Limited (17%), Others (14%);China Energy (69%), HKSCC Nominees Limited (17%), Others (14%);
False;Tashan Coal Mine;China;9.003555;Coal;M0358;https://www.gem.wiki/Tashan_Coal_Mine;39.924229;113.070254;Datong Datang Tashan Coal Mining Company;Jinneng Holding Group (41%), China Datang (9%), HKSCC Nominees Limited (9%), Others (41%);Jinneng Group (41%), China Datang (9%), HKSCC Nominees Limited (9%), Others (41%);
False;Hongqinghe Coal Mine;China;5.707042044;Coal;M0243;https://www.gem.wiki/Hongqinghe_coal_mine;39.292114;109.684071;Inner Mongolia Yitai Guanglian Coal Chemical Company;Inner Mongolia Yitai Group (90%), Inner Mongolia Guanglian Minzu Economic Development Company (5%), Inner Mongolia Coal Field Geological Bureau (5%);Inner Mongolia Yitai Investment (90%), Inner Mongolia Guanglian Minzu Economic Development Company (5%), Inner Mongolia Coal Field Geological Bureau (5%);
False;Xiaobaodang No.1 Coal Mine;China;3.783542136;Coal;M0382;https://www.gem.wiki/Xiaobaodang_No.1_mine;38.756195;109.893889;Shaanxi Xiaobaodang Mining Company;Shaanxi Investment Group (40%), Shaanxi Coal and Chemical Industry Group (38%), Others (22%);Shaanxi Coal and Chemical Industry Group (55%), Shaanxi Investment Group (28%), Others (17%);
False;Hongliulin Coal Mine;China;3.08990088;Coal;M0242;https://www.gem.wiki/Hongliulin_Coal_Mine;38.935223;110.400815;Shaanxi Coal Group, Shenmu Hongliulin Mining Company;Shaanxi Coal and Chemical Industry Group (32%), Shenmu County State-Owned Assets Operation Company (24%), Shaanxi Yulin Energy Group (25%), China Development Bank (19%);Shaanxi Coal and Chemical Industry Group (32%), Shenmu County State-Owned Assets Operation Company (24%), Shaanxi Yulin Energy Group (25%), China Development Bank (19%);
False;Buliangou Coal Mine;China;1.820015076;Coal;M0187;https://www.gem.wiki/Buliangou_Coal_Mine;40.012229;111.336127;Inner Mongolia Mengtai Buliangou Coal Industry Company;Inner Mongolia Mengtai Group (49%), China Huadian (35%), Others (16%);Inner Mongolia Mengtai Group (49%), China Huadian (35%), Others (16%);
False;Huojitu Well Of Daliuta Coal Mine;China;1.13336496;Coal;M0256;https://www.gem.wiki/Huojitu_Well_of_Daliuta_Coal_Mine;39.259312;110.224368;China Shenhua Energy;National Energy Investment Group (69%), HKSCC Nominees Limited (17%), Others (14%);China Energy (69%), HKSCC Nominees Limited (17%), Others (14%);
False;Shangwan Coal Mine;China;1.78657776;Coal;M0326;https://www.gem.wiki/Shangwan_Coal_Mine;39.217545;110.007346;China Shenhua Energy;National Energy Investment Group (69%), HKSCC Nominees Limited (17%), Others (14%);China Energy (69%), HKSCC Nominees Limited (17%), Others (14%);
False;Halagou Coal Mine;China;1.25939088;Coal;M0231;https://www.gem.wiki/Halagou_Coal_Mine;39.232488;110.076802;China Shenhua Energy;National Energy Investment Group (69%), HKSCC Nominees Limited (17%), Others (14%);China Energy (69%), HKSCC Nominees Limited (17%), Others (14%);
False;Ningtiaota Coal Mine;China;4.0149186;Coal;M0301;https://www.gem.wiki/Ningtiaota_coal_mine;39.030282;110.250253;Shaanxi Coal Group, Shenmu Ningtiaota Mining Company;Shaanxi Coal and Chemical Industry Group (32%), Yulin State-Owned Capital Operation and Management Company (25%), Shenmu City State-Owned Assets Operation Company (24%), Others (19%);Shaanxi Coal and Chemical Industry Group (32%), Yulin State-Owned Capital Operation and Management Company (25%), Shenmu City State-Owned Assets Operation Company (24%), Others (19%);
False;Jinjie Coal Mine;China;3.85139304;Coal;M0267;https://www.gem.wiki/Jinjie_coal_mine;38.742365;110.171171;China Energy Jinjie Energy Company;National Energy Investment Group (49%), State Grid Corporation of China (30%), Others (21%);China Energy (49%), State Grid Corporation of China (30%), Others (21%);
False;Suancigou Coal Mine;China;2.077994952;Coal;M0351;https://www.gem.wiki/Suancigou_coal_mine;39.705785;111.205624;Inner Mongolia Yitai Jingyue Suancigou Mining Company;Inner Mongolia Yitai Group (25%), Guangdong Hengjian Investment Holdings Company (15%), China Huaneng (5%), Beijing Energy (10%), Others (45%);Inner Mongolia Yitai Group (52%), Shanxi Yuedian Energy (24%), Beijing Jingneng Power Company (24%);
False;Daliuta Coal Mine;China;1.207160328;Coal;M0202;https://www.gem.wiki/Shenhua_Daliuta_coal_mine;39.263103;110.234325;China Shenhua Energy;National Energy Investment Group (69%), HKSCC Nominees Limited (17%), Others (14%);China Energy (69%), HKSCC Nominees Limited (17%), Others (14%);
False;Buertai Coal Mine;China;4.515258;Coal;M0186;https://www.gem.wiki/Buertai_Coal_Mine;39.495115;109.973302;China Shenhua Energy Company;National Energy Investment Group (69%), HKSCC Nominees Limited (17%), Others (14%);China Energy (69%), HKSCC Nominees Limited (17%), Others (14%);
False;Pingshuo East Coal Mine;China;2.64996711;Coal;M0306;https://www.gem.wiki/Pingshuo_East_open-pit_mine;39.550649;112.442337;China Coal Pingshuo Group;China Coal;China Coal (57%), HKSCC Nominees Limited (30%), Others (13%);
False;Baiyinhua No.3 Surface Mine;China;1.5792966;Coal;M0176;https://www.gem.wiki/Baiyinhua_No.3_Surface_Mine;44.897826;118.615908;Inner Mongolia Baiyinhua Mengdong Surface Coal Industry Company;State Power Investment Corporation (SPIC) (43%), Huolinhe Coal Industry Group (23%), Industrial and Commercial Bank of China (33%);State Power Investment Corporation (SPIC) (43%), Huolinhe Coal Industry Group (23%), Industrial and Commercial Bank of China (33%);
False;Yimin Surface Coal Mine;China;2.0336148;Coal;M1243;https://www.gem.wiki/Yimin_open-pit_mine;48.588717;119.757048;Huaneng Yimin Coal and Electricity Company;China Huaneng;China Huaneng;
False;Antaibao Surface Mine;China;1.19837388;Coal;M0166;https://www.gem.wiki/Antaibao_open-pit_mine;39.474754;112.311939;China Coal Pingshuo Group;China Coal;China Coal (57%), HKSCC Nominees Limited (30%), Others (13%);
False;Shenhua Bulianta Coal Mine;China;2.22313896;Coal;M0340;https://www.gem.wiki/Shenhua_Bulianta_Coal_Mine;39.354814;110.168084;China Shenhua Energy;National Energy Investment Group (69%), HKSCC Nominees Limited (17%), Others (14%);China Energy (69%), HKSCC Nominees Limited (17%), Others (14%);
False;Anjialing Open-Pit Mine;China;1.04461104;Coal;M0165;https://www.gem.wiki/Anjialing_open-pit_mine;39.449488;112.360569;China Coal Pingshuo Group;China Coal;China Coal (57%), HKSCC Nominees Limited (30%), Others (13%);
False;Shenhua Heidaigou Surface Coal Mine;China;2.72080242;Coal;M0341;https://www.gem.wiki/Shenhua_Heidaigou_Surface_Mine;39.794309;111.254573;Shenhua Junggar Energy;National Energy Investment Group (40%), China Cinda Asset Management Company (42%), Others (18%);China Energy (40%), China Cinda Asset Management Company (42%), Others (18%);
False;Haerwusu Surface Mine;China;2.0804889;Coal;M0230;https://www.gem.wiki/Haerwusu_Surface_Mine;39.731044;111.258324;China Shenhua Energy;National Energy Investment Group (69%), HKSCC Nominees Limited (17%), Others (14%);China Energy (69%), HKSCC Nominees Limited (17%), Others (14%);
False;Shenhua Baorixile Surface Coal Mine;China;1.5660757;Coal;M0339;https://www.gem.wiki/Shenhua_Baorixile_Surface_Mine;49.391925;119.746017;China Energy Baorixile Energy Company;National Energy Investment Group (39%), Guangda Holding Company (17%), China National Petroleum Corporation (9%), Changchun Jijun Trade Company (2%), Others (33%);China Energy (39%), Guangda Holding Company (17%), China National Petroleum Corporation (9%), Changchun Jijun Trade Company (2%), Others (33%);
True;Dahaize Coal Mine;China;7.993471068;Coal;M0200;https://www.gem.wiki/Dahaize_coal_mine;38.422179;109.277001;China Coal Shaanxi Yulin Energy Chemical Company;China Coal;China Coal;
True;Jiangjun Gebi No.2 Coal Mine;China;7.83946416;Coal;M0259;https://www.gem.wiki/Jiangjun_Gebi_No.2_Surface_Mine;44.650514;90.12045;Xinjiang Tianchi Energy;Tebian Electric Apparatus (TBEA) (86%), Xinjiang Joinworld Company (14%);Tebian Electric Apparatus (TBEA) (86%), Xinjiang Joinworld Company (14%);
True;Balasu Coal Mine;China;6.401171436;Coal;M0177;https://www.gem.wiki/Balasu_mine;38.265057;109.208519;Shaanxi Yanchang Petroleum and Balasu Coal Industry Company;Shaanxi Yanchang Petroleum Group;Shaanxi Yanchang Petroleum Group 84%, Others 16%;
True;Baijia Haizi Coal Mine;China;4.961658372;Coal;M0168;https://www.gem.wiki/Baijia_Haizi_coal_mine;38.356604;108.950826;Inner Mongolia Ordos Lianhai Coal Industry Company;Inner Mongolia Huineng Coal and Electricity Group (60%), Inner Mongolia Ordos Investment Holding Group (38%), Bayannaoer Zhuoyue Building Materials Company (1%);Inner Mongolia Huineng Coal and Electricity Group (60%), Inner Mongolia Ordos Investment Holding Group (38%), Bayannaoer Zhuoyue Building Materials Company (1%);
True;Xinwen Ili No.1 Coal Mine;China;4.488654588;Coal;M0396;https://www.gem.wiki/Xinwen_Ili_No.1_mine;43.546231;80.961116;Xinwen Mine Industry Group Ili Energy Development Company;Shandong Energy Group;Shandong Energy;
True;Shilawusu Coal Mine;China;3.884098152;Coal;M0344;https://www.gem.wiki/Shilawusu_mine;39.018006;109.621986;Inner Mongolia Haosheng Coal Industry Company;Yankuang Group (77%), Shanghai Huayi Group (19%), Jiutai Energy (2%), Jinchengtai Limited Liability Company Of Chemical Industry of Ordos City (1%), Others (1%);Shandong Energy (77%), Shanghai Huayi Group (19%), Jiutai Energy (2%), Jinchengtai Limited Liability Company Of Chemical Industry of Ordos City (1%), Others (1%);
True;Yingpanhao Coal Mine;China;3.75986754;Coal;M0410;https://www.gem.wiki/Yingpanhao_Coal_Mine;38.467484;108.945391;Erdos Yingpanhao Coal Industry Company;Yanzhou Coal Mining Company;Shandong Energy (82%), Other (28%);
True;Dananhu No. 7 Coal Mine;China;3.63173184;Coal;M1112;https://www.gem.wiki/Dananhu_No._7_Mine;42.383;93.0205;Guotou Hami Eenergy Development Company;China Reform Holdings Company (36%), China Chengtong Holdings Group (20%), China Coal (29%), National Energy Investment Group (15%);China Reform Holdings Company (36%), China Chengtong Holdings Group (20%), China Coal (29%), China Energy (15%);
True;Zhundong Surface Mine;China;3.53166396;Coal;M0438;https://www.gem.wiki/Zhundong_Surface_Mine_(Wucaiwan_No.3_Surface_Mine;44.836767;89.148398;China Energy Xinjiang Zhundong Energy Company;National Energy Investment Group;China Energy;
True;Qinghua No.7 Coal Mine;China;3.37546044;Coal;M0310;https://www.gem.wiki/Qinghua_No.7_coal_mine;44.004615;81.380651;Qinghua Group Yili Mining Investment Company;China Kingho Energy Group;China Kingho Energy Group;
True;Shaanxi Caojiatan Coal Mine;China;3.336897696;Coal;M0319;https://www.gem.wiki/Shaanxi_Caojiatan_coal_mine;38.556704;109.898777;Shaanxi Coal Caojiatan Mining Company;Shaanxi Coal and Chemical Industry Group (51%), Shaanxi Financial Holding Group (23%), Yulin City Yuyang District Energy Investment Company (12%), Yulin State-Owned Asset Operation and Management Company (8%), Shenmu County State-Owned Asset Management Company (5%);Shaanxi Coal and Chemical Industry Group (51%), Shaanxi Financial Holding Group (23%), Yulin City Yuyang District Energy Investment Company (12%), Yulin State-Owned Asset Operation and Management Company (8%), Shenmu County State-Owned Asset Management Company (5%);
True;Wucaiwan No.1 Coal Mine;China;3.336165492;Coal;M0375;https://www.gem.wiki/Wucaiwan_No.1_coal_mine;44.777239;89.098488;Xinjiang Guotai Xinhua Wucaiwan Mining Industry Company;Beijing Guotai Xinhua Industrial Company (19%), Xinjiang Changyuan Water Group (14%), Xinjiang Xinhua Hydropower Investment Company (14%), Xinjiang Energy Group (5%), Others (42%);Beijing Guotai Xinhua Industrial Company (19%), Xinjiang Changyuan Water Group (14%), Xinjiang Xinhua Hydropower Investment Company (14%), Xinjiang Energy Group (5%), Others (42%);
True;Hetaoyu Coal Mine;China;3.00081606;Coal;M0238;https://www.gem.wiki/Hetaoyu_mine;35.269947;107.946376;China Huaneng Gansu Energy Development Company;China Huaneng;China Huaneng;
True;Taran Gaole Coal Mine;China;2.928816;Coal;M0357;https://www.gem.wiki/Taran_Gaole_coal_mine;39.996232;109.205991;China Energy;National Energy Investment Group;China Energy;
True;Dalaihushuo Coal Mine;China;2.875609176;Coal;M0201;https://www.gem.wiki/Dalaihushuo_coal_mine;45.382698;119.486564;Inner Mongolia Jimei Mining Industry Company;Jilin Province Coal Industry Group (41%), Tibet Hengyisheng Investment Company (39%), Fude Life Insurance Company (20%);Jilin Province Coal Industry Group (41%), Tibet Hengyisheng Investment Company (39%), Fude Life Insurance Company (20%);
True;Dananhu West No.2 Coal Mine;China;2.74804677;Coal;M0206;https://www.gem.wiki/Dananhu_West_No.2_open-pit_mine;42.380815;92.96712;State Grid Corporation of China Hami Coal & Energy Company;China Energy Investment Corporation;China Energy;
True;Shitoumei No.1 Coal Mine;China;2.416834556;Coal;M0345;https://www.gem.wiki/Shitoumei_No.1_open_pit_coal_mine;44.271559;93.057426;Xinjiang Energy Group;Xinjiang Energy Group;Xinjiang Energy Group;
True;Xinzhuang Coal Mine;China;2.299511069;Coal;M0397;https://www.gem.wiki/Xinzhuang_mine;35.265896;107.912029;Qingyang Xinzhuang Coal Industry Company;China Huaneng;China Huaneng;
True;Inner Mongolia Erlintu Coal Mine;China;2.228926603;Coal;M0258;https://www.gem.wiki/Inner_Mongolia_Erlintu_mine;39.217439;110.006028;Inner Mongolia Huineng Group Er Lin Tu Coal Company;Inner Mongolia Huineng Coal and Electricity Group (55%), Shenmu Taide Energy Investment Company (17%), Inner Mongolia Kaiyuan Shiye Group (10%), Shendong Tianlong Group (9%), Erdos Jiuyuan Investment Company (2%), Others (7%);Inner Mongolia Huineng Coal and Electricity Group (55%), Shenmu Taide Energy Investment Company (17%), Inner Mongolia Kaiyuan Shiye Group (10%), Shendong Tianlong Group (9%), Erdos Jiuyuan Investment Company (2%), Others (7%);
True;Jinjitan Coal Mine;China;2.192462844;Coal;M0268;https://www.gem.wiki/Jinjitan_Coal_Mine;38.506707;109.819371;Shaanxi Future Energy Chemical Company;Yankuang Group (62%), Shaanxi Yanchang Petroleum Group (19%), Jiaxing Dejian Investment Partnership (5%), Others (14%);Shandong Energy (62%), Shaanxi Yanchang Petroleum Group (19%), Jiaxing Dejian Investment Partnership (5%), Others (14%);
True;Pangpangta Coal Mine;China;2.180771987;Coal;M0305;https://www.gem.wiki/Pangpangta_Coal_Mine;37.998811;111.13841;Huozhou Coal Power Group, Lu Ling Energy and Chemical Company;Shanxi Coking Coal Group (58%), China Cinda Asset Management Company (36%), China Construction Bank (4%);Shanxi Coking Coal Group (58%), China Cinda Asset Management Company (36%), China Construction Bank (4%);
True;Guojiatan Coal Mine;China;2.1613851;Coal;M0227;https://www.gem.wiki/Guojiatan_coal_mine;38.611469;109.809687;Shaanxi Yulin Energy Group Guojiatan Mining Company;State-Owned Assets Supervision and Administration Commission of Yulin Municipal People's Government;Shaanxi Yulin Energy Group;
True;Boli Coal Mine;China;2.0209497;Coal;M0184;https://www.gem.wiki/Boli_Coal_Mine;37.427284;113.576734;Yangquan Coal Industry Group Boli Coal Mine Company;Shanxi Chuangri New Energy Investment Company (30%), Shanxi State-Owned Capital Investment Operation Company (41%), China Cinda Asset Management Company (24%), Others (5%);Shanxi Huayang Group New Energy Company (70%), Shanxi Chuangrei New Energy Investment Company (30%);
True;Xiaobaodang No.2 Coal Mine;China;1.934043646;Coal;M0383;https://www.gem.wiki/Xiaobaodang_No.2_mine;38.756195;109.893889;Shaanxi Xiaobaodang Mining Company;Shaanxi Investment Group (40%), Shaanxi Coal and Chemical Industry Group (38%), Others (22%);Shaanxi Coal and Chemical Industry Group (55%), Shaanxi Investment Group (28%), Others (17%);
True;Zhaoshipan Coal Mine;China;1.933750764;Coal;M0429;https://www.gem.wiki/Zhaoshipan_coal_mine;37.909105;109.094503;Shaanxi Energy Zhaoshipan Coal Power Company;Shaanxi Investment Group (54%), Yulin City Finance Investment Management Company (20%), Shaanxi Yulin Energy Group (20%), Others (6%);Shaanxi Investment Group (54%), Yulin City Finance Investment Management Company (20%), Shaanxi Yulin Energy Group (20%), Others (6%);
True;Madaotou Coal Mine;China;1.8353013;Coal;M0286;https://www.gem.wiki/Madaotou_coal_mine;39.840587;112.655069;Datong Coal Mine Group Madaotou Coal Industry Company;Shanxi State-Owned Capital Investment Operation Company (61%), China Cinda Asset Management Company (30%), Others (9%);Jinneng Group;
True;Chagannur No.1 Coal Mine;China;1.73650512;Coal;M0189;https://www.gem.wiki/Chagannur_No.1_coal_mine;43.553884;115.167883;Xilingol Fengfeng Energy Company;Jizhong Energy Group (48%), China Huarong Asset Management Company (2%), China Energy Investment Corporation (49%), Others (1%);Jizhong Energy Group (48%), China Huarong Asset Management Company (2%), China Energy Investment Corporation (49%), Others (1%);
True;Muduchaideng Coal Mine;China;1.719483467;Coal;M0295;https://www.gem.wiki/Muduchaideng_Coal_Mine;38.837173;109.468665;Erdos Yihua Mining Resources Company;China Coal (66%), Inner Mongolia Boyuan Holdings Group (11%), Others (23%);China Coal (66%), Inner Mongolia Boyuan Holdings Group (11%), Others (23%);
True;Qiyuan Coal Mine;China;1.71387033;Coal;M0313;https://www.gem.wiki/Qiyuan_coal_mine;37.887028;113.24403;Yangquan Coal Industry Group Qiyuan Coal Industry Company;Shanxi Huayang Group New Energy Company;Huayang New Material Technology Group;
True;Nalin River No.2 Coal Mine;China;1.674721396;Coal;M0296;https://www.gem.wiki/Nalin_River_No.2_mine;38.060343;108.973298;Wushenqi Mengda Mining Company;China Coal (66%), Inner Mongolia Boyuan Holdings Group (11%), Others (23%);China Coal (66%), Inner Mongolia Boyuan Holdings Group (11%), Others (23%);
True;Shengli No.1 Open-Pit Coal Mine;China;1.6129498;Coal;M0337;https://www.gem.wiki/Shengli_No.1_open-pit_mine;44.002945;116.00678;China Energy Beidian Shengli Energy;National Energy Investment Group (69%), HKSCC Nominees Limited (17%), Others (14%);China Energy (46%), China Huaneng(26%), Others(28%);
True;Yadian Coal Mine;China;1.49064531;Coal;M0401;https://www.gem.wiki/Yadian_Coal_Mine;35.217077;107.969668;Bin County Coal Company;Bin County Coal Company;Bin County Coal Company;
True;Taohe Coal Mine;China;1.413495415;Coal;M0356;https://www.gem.wiki/Taohe_coal_mine;46.798152;85.710006;Hoboksar Mongol Autonomous County Huadi Mining Company;Shandong First Geological and Mineral Exploration Institute;Shandong First Geological and Mineral Exploration Institute;
True;Sanjiao No.1 Coal Mine;China;1.384573357;Coal;M0316;https://www.gem.wiki/Sanjiao_No.1_Coal_Mine;37.786314;111.066045;Shanxi Jinmei Taigang Energy Company;Shanxi State-Owned Capital Investment and Operation Company (80%), China Development Bank Capital (10%), China Cinda Asset Management (8%), Others (2%);Jinneng Group;
True;Zhong Yu Coal Mine;China;1.371608238;Coal;M0434;https://www.gem.wiki/Zhong_Yu_coal_mine;36.45315;112.238487;Huozhou Coal and Electricity Group;Huozhou Coal and Electricity Group;Shanxi Coking Coal Group (41.30%), China Cinda Asset Management Company (26%), Others (32.7%);
True;Mengcun Coal Mine;China;1.363070966;Coal;M0292;https://www.gem.wiki/Mengcun_Coal_Mine;35.146834;107.933183;Shaanxi Binchang Mengcun Mining Group;Shaanxi Coal and Chemical Industry Group (45%), China Development Bank (6%), Others (49%);Shaanxi Coal and Chemical Industry Group (45%), China Development Bank (6%), Others (49%);
True;Wenjiazhuang Coal Mine;China;1.255168504;Coal;M0372;https://www.gem.wiki/Wenjiazhuang_Coal_Mine;37.976647;113.182795;Shanxi Pingshu Coal Industry Company;Yang Quan Coal Industry Group (32%), Jinneng Group (21%), Shanxi Boda Group (9%), Shanxi Provincial Coal Industry Agency Service Center (7%), Beijing Sunshine Ruita Investment Consulting Company (4%), Others (27%);Yang Quan Coal Industry Group (32%), Jinneng Group (21%), Shanxi Boda Group (9%), Shanxi Provincial Coal Industry Agency Service Center (7%), Beijing Sunshine Ruita Investment Consulting Company (4%), Others (27%);
True;Yuwang No.1 Coal Mine;China;1.252568876;Coal;M0420;https://www.gem.wiki/Yuwang_No.1_Coal_Mine;25.102178;104.615702;Huaneng Diandong Mining Company;China Huaneng (34%), Shanghua Investment Company (8%), HKSCC Nominees Limited (25%), HeBei Construction & Investment Group (3%), Others (30%);China Huaneng (34%), Shanghua Investment Company (8%), HKSCC Nominees Limited (25%), HeBei Construction & Investment Group (3%), Others (30%);
True;Baiyanghe Coal Mine;China;1.23986544;Coal;M0172;https://www.gem.wiki/Baiyanghe_coal_mine;44.048539;88.529268;Xinjiang Mingji Energy Company;Shandong Lutai Holding Group (75%), Ming Kei Energy Investment Company (25%);Shandong Lutai Holding Group (75%), Ming Kei Energy Investment Company (25%);
True;Xinjiang Hongshan Coal Mine;China;1.204817275;Coal;M0393;https://www.gem.wiki/Xinjiang_Hongshan_Coal_Mine;46.501086;86.043581;Xukuang Group Xinjiang Sai'er Energy Company;Xuzhou Coal Mining Group;Xuzhou Coal Mining Group;
True;Talike District No. 2 Coal Mine;China;1.1349162;Coal;M0354;https://www.gem.wiki/Talike_District_No._2_Mine;41.979907;84.378789;Bazhou Dongchen Industry and Trade Company;Bazhou Dongchen Industry and Trade Company;Bazhou Dongchen Industry and Trade Company;
True;Changcheng No.3 Coal Mine;China;1.12311012;Coal;M0192;https://www.gem.wiki/Changcheng_No.3_coal_mine;38.369137;106.57545;Otog Front Banner Changcheng No.3 Mining Company;Shandong Energy (43%), State Grid Company (10%), China Huadian Group (16%), Others (30%);Shandong Energy (43%), State Grid Company (10%), China Huadian Group (16%), Others (30%);
True;Wangwa Coal Mine;China;1.072190724;Coal;M0368;https://www.gem.wiki/Wangwa_Coal_Mine;36.163732;106.616037;Ningxia Wangwa Coal Industry Company;Ningxia Wangwa Coal Industry Company;Ningxia Wangwa Coal Industry Company;
True;Ba Leng Coal Mine;China;1.071360893;Coal;M0167;https://www.gem.wiki/Ba_Leng_coal_mine;38.474786;106.668299;Etuoke Qianqi Hengyuan Investment Industrial Company;Shanxi Jincheng Anthracite Coal Industry Group;Jinneng Group;
True;Longwan Coal Mine;China;1.035854829;Coal;M0281;https://www.gem.wiki/Longwan_coal_mine;35.581287;112.222324;Shanxi Jinmei Qinxiulong Bay Energy Company;Shanxi Jincheng Anthracite Coal Industry Group (44%), Yangquan Coal Industry Group (18%), Yangcheng County Yangtai Group (21%), Shanxi Yujin Trading Company (9%), Shanxi Juhuang Century Investment Company (6%), Others (2%);Jinneng Group (44%), Huayang New Material Technology Group (18%), Yangcheng County Yangtai Group (21%), Shanxi Yujin Trading Company (9%), Shanxi Juhuang Century Investment Company (6%), Others (2%);
True;Shanxi Dongda Coal Mine;China;1.02996696;Coal;M0329;https://www.gem.wiki/Shanxi_Dongda_Coal_Mine;35.726066;112.424415;Shanxi Coal Transportation and Sale Group Dongda Energy Company;Jinneng Group;Jinneng Group;
True;Hongshuliang Coal Mine;China;1.013931692;Coal;M0248;https://www.gem.wiki/Hongshuliang_Coal_Mine;39.452624;111.290036;Inner Mongolia Kailuan Hongfeng Coal Company;Kailuan Group (60%), Inner Mongolia Shengli Resource Group (16%), Erdos Chunhui Forest Company (12%), Junggar Juli Cultivation Company (12%);Kailuan Group (60%), Inner Mongolia Shengli Resource Group (16%), Erdos Chunhui Forest Company (12%), Junggar Juli Cultivation Company (12%);
True;West Well of Faer Second Coal Mine;China;1.00573044;Coal;M0374;https://www.gem.wiki/West_Well_of_Faer_Second_Mine;26.31898;104.753785;Guizhou Panjiang Hengpu Coal Industry Company;Guizhou Panjiang Coal and Electricity Group (58%), Yankuang Group (12%), Guizhou Coalfield Geology Bureau (10%), Others (20%);Guizhou Panjiang Coal and Electricity Group (58%), Shandong Energy (12%), Guizhou Coalfield Geology Bureau (10%), Others (20%);
False;Pribbenow Coal Mine;Colombia;1.36922148;Coal;M0443;https://www.gem.wiki/Pribbenow_coal_mine;9.575297;-73.484914;Drummond Limited;Drummond International (100%);Drummond Company (100%);
False;El Descanso Coal Mine;Colombia;4.149156;Coal;M0441;https://www.gem.wiki/El_Descanso_mine;9.7050912;-73.5231884;Drummond Limited;Drummond International (100%);Drummond Company (100%);
False;Cerrejón Coal Mine;Colombia;2.40895116;Coal;M0440;https://www.gem.wiki/Cerrejon_coal_mine;11.033968;-72.662926;Cerrejón Coal Company;Glencore;Glencore;
True;San Juan Coal Mine;Colombia;1.64013696;Coal;M0445;https://www.gem.wiki/San_Juan_Mine_(Colombia);10.7691665;-73.0183361;Best Coal Company (BCC);Yildirim Holding AS;Yildirim Holding AS;
False;Garzweiler Coal Mine;Germany;1.32209;Coal;M0452;https://www.gem.wiki/Garzweiler_mine;51.0839989;6.4529844;RWE Power;Stirakia Holdings;RWE Power;
False;Hambach Coal Mine;Germany;1.7054961;Coal;M0453;https://www.gem.wiki/Hambach_mine;50.891826;6.5734464;RWE Power;RWE Power;RWE Power;
False;West Macedonia Lignite Centre (WMLC);Greece;2.16342;Coal;M0462;https://www.gem.wiki/Western_Macedonia_Lignite_Centre;40.448222;21.783496;Public Power Corporation of Greece S.A;Public Power Corporation of Greece S.A;Public Power Corporation of Greece S.A;
False;Kaniha Coal Mine;India;1.19693511;Coal;M0552;https://www.gem.wiki/Talcher_coal_mines;21.095844;85.079292;Mahanadi Coalfields Limited (MCL);Coal India;Coal India;
False;Rajmahal Coal Mine;India;5.83210719;Coal;M0617;https://www.gem.wiki/Rajmahal_coal_mines;25.038;87.3538;Eastern Coalfields Limited (ECL);Coal India;Coal India;
False;Talaipalli Coal Mine;India;1.53294876;Coal;M0640;https://www.gem.wiki/Talaipalli_coal_mine;22.17758;83.355201;National Thermal Power Corporation;National Thermal Power Corporation;National Thermal Power Corporation;
False;Moher Amlohri Coal Mine;India;1.04436675;Coal;M0580;https://www.gem.wiki/Moher-Amlori_Extension_coal_mine;24.135;82.599444;Sasan Power;Reliance Power;Reliance Power;
False;Lakhanpur Coal Mine;India;1.5179997;Coal;M0566;https://www.gem.wiki/Lakhanpur_coal_mine;21.7451;83.8401;Mahanadi Coalfields Limited (MCL);Coal India;Coal India;
False;Dipka Coal Mine;India;1.1718525;Coal;M0513;https://www.gem.wiki/Dipka_coal_mine;22.345077;82.544192;South Eastern Coalfields Limited (SECL);Coal India;Coal India;
False;Gevra Coal Mine;India;2.43019602;Coal;M0527;https://www.gem.wiki/Gevra_coal_mine;22.336312;82.545748;South Eastern Coalfields Limited (SECL);Coal India;Coal India;
False;Kusmunda Coal Mine;India;1.1502183;Coal;M0564;https://www.gem.wiki/Kusmunda_coal_mine;22.332635;82.666666;South Eastern Coalfields Limited (SECL);Coal India;Coal India;
True;Siarmal Coal Mine;India;1.8605412;Coal;M0632;https://www.gem.wiki/Siarmal_coal_mine;22.043469;83.733619;Mahanadi Coalfields Limited (MCL);Coal India;Coal India;
True;Kerandari BC;India;1.83304;Coal;M3877;https://www.gem.wiki/Kerendari_coal_mine;23.9125;85.0875;NTPC Mining Limited;National Thermal Power Corporation Limited. (NTPC);Government of India;
True;Integrated Belpahar, Lakhanpur, Lilari Coal Mine;India;1.5167978;Coal;M0535;https://www.gem.wiki/Integrated_Belpahar-Lakhanpur-Lilari_Project;21.771004;83.854397;Mahanadi Coalfields Limited (MCL);Coal India;Coal India;
True;Balaram Coal Mine;India;1.37311524;Coal;M0478;https://www.gem.wiki/Balaram_coal_mine;20.962009;85.178092;Mahanadi Coalfields Limited (MCL);Coal India;Coal India;
True;Gare Pelma Sector II;India;1.3103;Coal;M0519;https://www.gem.wiki/Gare_Palma_I_coal_mine;22.11866;83.53358;Gujarat State Electricity Corporation;Gujarat State Electricity Corporation;Gujarat State Electricity Corporation;
True;Banhardih;India;1.106;Coal;M3857;https://www.gem.wiki/Banhardih_coal_mine;23.723081;84.576412;Patratu Vidyut Utpadan Nigam Limited (PVUNL);National Thermal Power Corporation Limited. (NTPC) (74%), JBVNL (26%);Government of India;
True;Bankui;India;1.6;Coal;M2545;https://www.gem.wiki/Barkui_Coal_Mine;22.1958;78.6875;Western Coalfields Limited (WCL);Coal India;Coal India;
True;Mandakini B;India;1.31316;Coal;M1256;https://www.gem.wiki/Mandakini_B_coal_mine;21.071001;84.934995;National Thermal Power Corporation;National Thermal Power Corporation;National Thermal Power Corporation;
True;Saharpur Jamarpani;India;1.048;Coal;M1257;https://www.gem.wiki/Saharpur-Jamarpani_Coal_Mine;24.225;87.6;Rajya Vidyut Utpadan Nigam;Uttar Pradesh Rajya Vidyut;Uttar Pradesh Rajya Vidyut;
False;MHU Coal Mine;Indonesia;1.07524368;Coal;M0682;https://www.gem.wiki/Multi_Harapan_Utama_coal_mine;-0.534905;117.032835;Multi Harapan Utama;Private Resources Limited;Private Resources Limited;
False;Indexim Coalindo Coal Mine;Indonesia;1.11338577;Coal;M0672;https://www.gem.wiki/Indexim_Coalindo_coal_mine;0.894663;117.80553;Indexim Coalindo;Indexim Coalindo;Indexim Coalindo;
False;PTBA Coal Mines;Indonesia;8.89417848;Coal;M0691;https://www.gem.wiki/Bukit_Asam_(Persero)_coal_mines;-3.739981;103.768323;Bukit Asam (Persero);Bukit Asam (Persero);Indonesia Asahan Aluminium;
False;BIB Coal Mine;Indonesia;1.07342739;Coal;M0661;https://www.gem.wiki/Boneo_Indobara_coal_mine;-3.700239;115.559833;Boneo Indobara;Golden Energy Mines;Golden Energy Mines;
False;Pasir Coal Mine;Indonesia;0.97534773;Coal;M0688;https://www.gem.wiki/Pasir_coal_mine;-1.890937;115.871586;Kideco Jaya Agung;Kideco Jaya Agung;Indika Energy;
False;Tutupan Coal Mine;Indonesia;1.09340658;Coal;M0704;https://www.gem.wiki/Tutupan_coal_mine;-2.204484;115.527798;Adaro Indonesia;Adaro Energy Indonesia (88.5%), Electricity Generating Authority of Thailand (EGAT) (11.5%);Adaro Energy;
False;KPC Operation Coal Mine;Indonesia;3.0945552;Coal;M0678;https://www.gem.wiki/KPC_Operation;0.823979;117.599032;Kaltim Prima Coal;Bumi Resources;Bumi Resources;
True;GAM Coal Mine;Indonesia;1.31552652;Coal;M0670;https://www.gem.wiki/Ganda_Alam_Makmur_(GAM)_coal_mine;1.142666;117.873624;Ganda Alam Makmur;LG International (50%), Titan Infra Energy (50%);LG International (50%), Titan Infra Energy (50%);
True;Pakar North Coal Mine;Indonesia;1.0949309;Coal;M0686;https://www.gem.wiki/Parkar_North_coal_mine;0.576564;116.019118;Kangaroo Resource;Bayan Resources;Bayan Resources;
False;Borly Coal Mines;Kazakhstan;1.02264492;Coal;M1259;https://www.gem.wiki/Molodezhny_coal_mine;50.8613763;73.6562436;Kazakhmys Coal;Kazakhmys Corporation;Kazakhmys Corporation;
False;Shubarkol Coal Mine;Kazakhstan;0.99091608;Coal;M4231;https://www.gem.wiki/Shubarkol_Premium_Coal_Mine;49.017346;68.614549;Shubarkol Premium JSC;Shubarkol Premium JSC;Joint Resources JSC (67%), Trans Coal Investment Group 16.5%), FCI Management (16.5%);
False;Bogatyr Coal Mine;Kazakhstan;7.32204;Coal;M0717;https://www.gem.wiki/Bogatyr_coal_mine;51.655495;75.4336006;Bogatyr Komir;Bogatyr Komir;Samruk-Energo (50%), United Company RUSAL (50%);
False;Bogatyr Coal Mine;Kazakhstan;7.32204;Coal;M0717;https://www.gem.wiki/Bogatyr_coal_mine;51.655495;75.4336006;Bogatyr Komir;Samruk-Energo (50%), En+ Group (50%);Samruk-Energo (50%), United Company RUSAL (50%);
False;Bogatyr Coal Mine;Kazakhstan;7.32204;Coal;M0717;https://www.gem.wiki/Bogatyr_coal_mine;51.655495;75.4336006;Bogatyr Komir;Bogatyr Komir;Samruk-Energo (50%), United Company RUSAL (50%);
False;Bogatyr Coal Mine;Kazakhstan;7.32204;Coal;M0717;https://www.gem.wiki/Bogatyr_coal_mine;51.655495;75.4336006;Bogatyr Komir;Samruk-Energo (50%), En+ Group (50%);Samruk-Energo (50%), United Company RUSAL (50%);
True;Tavan Tolgoi Coal Mine;Mongolia;16.03032948;Coal;M0736;https://www.gem.wiki/Tavan_Tolgoi_coal_deposit;43.625;105.474167;Erdenes Tavan Tolgoi;Erdenes MGL;Erdenes MGL;
True;Zambezi Coal Mine;Mozambique;4.149156;Coal;M0743;https://www.gem.wiki/Zambeze_Mine;-16.115037;33.602149;International Coal Ventures Limited (ICVL);Steel Authority of India (SAIL) (49.59%), Rashtriya Ispat Nigam (RINL) (24.8%), NMDC (24.8%), NTPC (0.54%), Coal India (0.27%);Steel Authority of India (SAIL) (49.59%), Rashtriya Ispat Nigam (RINL) (24.8%), NMDC (24.8%), NTPC (0.54%), Coal India (0.27%);
True;Chirodzi Coal Mine;Mozambique;2.928816;Coal;M0739;https://www.gem.wiki/Chirodzi_coal_mine;-15.914093;33.013188;JSPL Mozambique Minerals Limitada;Jindal Steel and Power Limited (JSPL);Jindal Group;
True;Chirodzi Coal Mine;Mozambique;2.928816;Coal;M0739;https://www.gem.wiki/Chirodzi_coal_mine;-15.914093;33.013188;Jindal Steel & Power Limited (JSPL) Mozambique Minerals Limited;Jindal Group;Jindal Group;
True;Chirodzi Coal Mine;Mozambique;2.928816;Coal;M0739;https://www.gem.wiki/Chirodzi_coal_mine;-15.914093;33.013188;JSPL Mozambique Minerals Limitada;Jindal Steel and Power Limited (JSPL);Jindal Group;
True;Chirodzi Coal Mine;Mozambique;2.928816;Coal;M0739;https://www.gem.wiki/Chirodzi_coal_mine;-15.914093;33.013188;Jindal Steel & Power Limited (JSPL) Mozambique Minerals Limited;Jindal Group;Jindal Group;
True;Revuboe Coal Mine;Mozambique;1.38454668;Coal;M0742;https://www.gem.wiki/Revuboè_Mine;-16.234739;33.831034;Minas de Revuboè Limitada;Talbot Group (59%), Nippon Steel & Sumitomo Metal (33%), POSCO (8%);Talbot Group (59%), Nippon Steel & Sumitomo Metal (33%), POSCO (8%);
False;Saebyol Coal Mining Complex;North Korea;3.2282703;Coal;M0746;https://www.gem.wiki/Saebyol_Coal_Mining_Complex;42.860757;130.2001;Government of North Korea;Government of North Korea;Government of North Korea;
False;Thar Coal Mine;Pakistan;1.886983;Coal;M0750;https://www.gem.wiki/Thar_Mine;24.7755787;70.3982412;Sindh Engro Coal Mining Company;Sindh Engro Coal Mining Company;Sindh Engro Coal Mining Company;
False;Thar Coal Mine;Pakistan;1.886983;Coal;M0750;https://www.gem.wiki/Thar_Mine;24.7755787;70.3982412;Sino Sindh Resources Limited;Shanghai Electric Group;Shanghai Electric Group;
False;Thar Coal Mine;Pakistan;1.886983;Coal;M0750;https://www.gem.wiki/Thar_Mine;24.7755787;70.3982412;Sindh Engro Coal Mining Company;Sindh Engro Coal Mining Company;Sindh Engro Coal Mining Company;
False;Thar Coal Mine;Pakistan;1.886983;Coal;M0750;https://www.gem.wiki/Thar_Mine;24.7755787;70.3982412;Sino Sindh Resources Limited;Shanghai Electric Group;Shanghai Electric Group;
False;Erkovetskiy Coal Mine;Russia;1.03891788;Coal;M0795;https://www.gem.wiki/Erkovetskiy_coal_mine;50.316;128.447;Amurugol JSC;Russian Coal;Russian Coal;
False;Stepnoy Coal Mine;Russia;3.55851144;Coal;M0850;https://www.gem.wiki/Stepnoy_coal_mine;53.705548;91.087818;Razrez Stepnoy Coal Company JSC;Octo Coal;Octo Coal;
False;Listvianskaya Coal Mine;Russia;2.3876094;Coal;M0818;https://www.gem.wiki/Listvyazhnaya_coal_mine;54.521779;86.405582;SDS UGOL;SDS UGOL;Siberian Business Union-Coal (SBU);
False;Raspadskaya Coal Mine;Russia;2.416722228;Coal;M0836;https://www.gem.wiki/Raspadskaya_coal_mine;53.784142;88.082391;Raspadskaya Coal Company;Evraz;Evraz;
False;Pereyaslovskiy Coal Mine;Russia;1.634661;Coal;M0830;https://www.gem.wiki/Pereyaslovskiy_coal_mine;55.62819;94.70438;Krasnoyarskkrayugol OJSC;Russian Coal;Russian Coal;
False;Elegest Coal Mine;Russia;2.281434144;Coal;M0792;https://www.gem.wiki/Elegest_coal_mine;51.565237;94.112646;Tuva Energy Industrial Company;Tuva Energy Industrial Company;Tuva Energy Industrial Company;
False;Arshanovsky Coal Mine;Russia;1.708476;Coal;M0771;https://www.gem.wiki/Arshanovsky_coal_mine;53.398991;91.095886;Razrez Arshanovsky;Zimber Investments Limited;Rutek Alliance;
False;Taldinsky Coal Mine;Russia;2.196612;Coal;M0854;https://www.gem.wiki/Taldinsky_coal_mine;54.177222;87.190556;Kuzbassrazrezugol;Kuzbassrazrezugol;Ural Mining Metallurgical Company;
True;Elga Coal Mine;Russia;4.528609428;Coal;M0794;https://www.gem.wiki/Elginskiy_Coal_Mine;56.192426;130.635752;Elga-Sibanthracite;Elga-Sibanthracite;A-Property;
True;Beisky-Zapadniy Coal Mine;Russia;2.4338286;Coal;M0776;https://www.gem.wiki/Beisky-Zapadniy_coal_mine;53.36813093;91.15773622;Razrez Beysky Coal Company;Razrez Mayrykhsky Coal Company;Private individuals;
True;Ulug-Khem Project;Russia;2.15285004;Coal;M0860;https://www.gem.wiki/Ulug-Khem_Coal_Mine;51.6013748;93.9287167;Ulughem Ugol,;Severstal-Resource;Severstal-Resource;
True;Sugodinsk-Ogodzhinsky Coal Mine;Russia;1.81586592;Coal;M0851;https://www.gem.wiki/Sugodinsk-Ogodzhinsky_coal_mine;52.750425;132.581978;Ogodzhinskaya Coal Company;Elga-Sibanthracite;A-Property;
True;Usinsk-1 Coal Mine;Russia;1.65665412;Coal;M0863;https://www.gem.wiki/Usinsk-1_coal_mine;67.5027536;63.9918311;Vorkutaugol;Vorkutaugol;Russkaya Energiya;
True;Pervomaisky Coal Mine;Russia;1.53518772;Coal;M0832;https://www.gem.wiki/Pervomaisky_coal_mine;54.275148;86.882458;SDS UGOL;SDS UGOL;Siberian Business Union-Coal (SBU);
True;Shurapskaya Coal Mine;Russia;1.03240764;Coal;M0845;https://www.gem.wiki/Shurapskaya_coal_mine;55.5959;86.1429;SDS UGOL;SDS UGOL;Siberian Business Union-Coal (SBU);
True;Inaglinskaya-2 Mine;Russia;1.2966;Coal;M1265;https://www.gem.wiki/Inaglinsky-2_coal_mine;56.943611;124.750556;GOK Inaglinskiy JSC;Kolmar;Kolmar;
False;Kolubara Mine Complex;Serbia;2.52399;Coal;M3325;https://www.gem.wiki/Kolubara_Mine_Complex;44.407304;20.36354;RB Kolubara;Elektroprivreda Srbije (EPS);Elektroprivreda Srbije (EPS);
False;Grootegeluk Coal Mine;South Africa;6.87204672;Coal;M0900;https://www.gem.wiki/Grootegeluk_coal_mine;-23.657141;27.566687;Exxaro Coal;Exxaro;Exxaro;
True;Greater Soutpansberg Coal Project;South Africa;2.80377372;Coal;M0898;https://www.gem.wiki/Greater_Soutpansberg_Project;-22.881211;29.661589;MC Mining;MbeuYashu Pty;MC Mining (74%), Rothe Investments (26%);
True;Boikarabelo Coal Mine;South Africa;2.4284766;Coal;M0889;https://www.gem.wiki/Boikarabelo_Coal_Mine;-26.0;27.545833;Resgen South Africa;Resource Generation Australia;Resource Generation Australia;
True;Paardekop Coal Mine;South Africa;1.6962726;Coal;M0928;https://www.gem.wiki/Paardekop_coal_project;-27.23;29.72305556;Glencore;Glencore;Glencore;
True;New Largo Coal Mine;South Africa;1.4277978;Coal;M0924;https://www.gem.wiki/New_Largo_coal_mine;-25.9052929;28.9732141;New Largo Coal;Seriti (67.5%), Industrial Development Corporation (22.5%), New Largo Employee & Community Trusts (10%);Seriti (67.5%), Industrial Development Corporation (22.5%), New Largo Employee & Community Trusts (10%);
True;Bernice-Cygnus Coal Mine;South Africa;1.07242344;Coal;M0887;https://www.gem.wiki/Berenice-Cygnus_Coal_Mine;-22.9028678;29.4318658;TerraCom;TerraCom Resources (50%), Bono Lithihi Investments Group (50%);TerraCom Resources (50%), Bono Lithihi Investments Group (50%);
False;Afşin-Elbistan Coal Mine;Türkiye;4.08646;Coal;M0955;https://www.gem.wiki/Afşin-Elbistan_coal_mines;38.340685;37.082979;Afşin- Elbistan Elektrik Üretim ve Ticaret A.Ş;Euas Electricity Generation Company (Elektrik Üretim A.Ş, EÜAŞ);Euas Electricity Generation Company (Elektrik Üretim A.Ş, EÜAŞ);
False;Cumberland Coal Mine;United States;1.89396768;Coal;M1012;https://www.gem.wiki/Cumberland_Mine;39.81;-80.17;Cumberland Coal Resources;Contura Energy;Contura Energy;
False;Hamilton County Mine No.1;United States;1.184779292;Coal;M1079;https://www.gem.wiki/Mine_No._1_(White_Oak_Mine);38.1702261;-88.6013872;Hamilton County Coal;Hamilton County Coal;Alliance Resource Partners;
False;MC #1 Coal Mine;United States;2.87756172;Coal;M1045;https://www.gem.wiki/Sugar_Camp_Mine;38.0264;-88.7679;M-Class Mining;Foresight Energy;Foresight Energy;
False;Black Thunder Coal Mine;United States;1.358040033;Coal;M0994;https://www.gem.wiki/Black_Thunder_Mine;43.66;-105.3;Thunder Basin Coal Company;Thunder Basin Coal Company;Arch Resources;
False;North Antelope Rochelle Coal Mine;United States;2.9242269;Coal;M1052;https://www.gem.wiki/North_Antelope_Rochelle_Mine;43.566667;-105.283333;Powder River Coal;Peabody Energy;Peabody Energy;
True;Youngs Creek Coal Mine;United States;1.08842976;Coal;M1082;https://www.gem.wiki/Youngs_Creek_mine;44.9947173;-106.9785339;Navajo Transitional Energy Company;Navajo Nation;Navajo Nation;
True;Angren Coal Mine;Uzbekistan;2.4038;Coal;M1083;https://www.gem.wiki/Angren_coal_mine;41.036101;70.180128;Uzbekugol;Uzbekugol;Ministry of Finance of Uzbekistan;
False;Sengwe Colliery;Zimbabwe;1.0;Coal;M3682;https://www.gem.wiki/Sengwa_coal_mine;-17.326699;28.420141;Rio Energy;Rio Energy;RioZim;
False;Upper Zakum;United Arab Emirates;6.44038252;Oil&Gas;OG0012322;https://www.gem.wiki/Upper_Zakum_Oil_Field_(United_Arab_Emirates);24.853;53.662;ADNOC Offshore;Abu Dhabi National Oil Company (60%);;
False;Bu Hasa;United Arab Emirates;4.915778525;Oil&Gas;;;;;;;;
False;Bab;United Arab Emirates;4.197033055;Oil&Gas;;;;;;;;
False;Lower Zakum;United Arab Emirates;2.434419542;Oil&Gas;OG0012287;https://www.gem.wiki/Lower_Zakum_Oil_Field_(United_Arab_Emirates);24.853;53.662;ADNOC Offshore;Abu Dhabi National Oil Company (60%);;
False;Umm Shaif/Nasr;United Arab Emirates;1.939252733;Oil&Gas;OG0012319;https://www.gem.wiki/Umm_Shaif_Oil_Field_(United_Arab_Emirates);25.262;53.283;ADNOC Offshore;Abu Dhabi National Oil Company (60%);;
False;Bab (Gasco);United Arab Emirates;1.674389775;Oil&Gas;;;;;;;;
False;Asab;United Arab Emirates;1.373231334;Oil&Gas;OG0012265;https://www.gem.wiki/Bu_HasaShahAsab_Oil_and_Gas_Concession_(United_Arab_Emirates);23.517;53.238;;;;
False;Asab;United Arab Emirates;1.373231334;Oil&Gas;OG0012265;https://www.gem.wiki/Bu_HasaShahAsab_Oil_and_Gas_Concession_(United_Arab_Emirates);23.517;53.238;;;;
False;Vaca Muerta Shale;Argentina;5.177782001;Oil&Gas;;;;;;;;
True;Goldwyer Shale;Australia;4.468806417;Oil&Gas;;;;;;;;
False;Gorgon LNG T1-T3;Australia;1.931000175;Oil&Gas;;;;;;;;
True;Velkerri Shale;Australia;1.058031183;Oil&Gas;;;;;;;;
False;ACG (Azeri-Chirag-Guneshli Deep Water);Azerbaijan;1.660265695;Oil&Gas;OG0012912;https://www.gem.wiki/Azeri-Chirag-Guneshli_(ACG)_Deepwater_Oil_and_Gas_Complex_(Azerbaijan);40.21967;51.09767;Azerbaijan International Operating Company (AIOC);Azerbaijan (OCC) Limited (11.6%);;
True;Central Arabian Offshore;Bahrain;1.411444785;Oil&Gas;;;;;;;;
True;Santos Offshore;Brazil;4.339841028;Oil&Gas;;;;;;;;
True;Llandovery Shale;Brazil;4.273465065;Oil&Gas;;;;;;;;
False;Buzios (x-Franco);Brazil;3.638233141;Oil&Gas;OG0000072;https://www.gem.wiki/Búzios_Oil_and_Gas_Field_(Brazil);-24.657;-42.498;Petrobras;Petrobras (100%);Petrobras (100%);
True;Irati Shale;Brazil;2.695278585;Oil&Gas;;;;;;;;
False;Lula (X-Tupi);Brazil;2.545775174;Oil&Gas;OG0000452;https://www.gem.wiki/Tupi_Oil_and_Gas_Field_(Brazil);-25.398;-42.839;Petrobras;Petrobras (67.2%);;
True;Parnaiba Onshore;Brazil;1.998572969;Oil&Gas;;;;;;;;
True;Libra;Brazil;1.891731555;Oil&Gas;OG0000253;https://www.gem.wiki/Libra_Oil_Field_(Brazil);;;;Petrobras (40%);;
True;Candeias Shale;Brazil;1.641797865;Oil&Gas;OG0000092;https://www.gem.wiki/Candeias_Oil_and_Gas_Field_(Brazil);-12.715;-38.542;Petrobras;Petrobras (100%);Petrobras (100%);
True;Campos Offshore;Brazil;1.560951299;Oil&Gas;;;;;;;;
False;Mero (Libra NW);Brazil;1.287024055;Oil&Gas;OG0000253;https://www.gem.wiki/Libra_Oil_Field_(Brazil);;;;Petrobras (40%);;
False;Montney Play;Canada;13.6884891;Oil&Gas;OG0011911;https://www.gem.wiki/Northern_Montney_Oil_and_Gas_Field_(British_Columbia,_Canada);55.99399;-120.841521;;;;
False;Spirit River (Notikewin, Falher, Wilrich);Canada;2.976203115;Oil&Gas;;;;;;;;
False;Horizon Oil Sands Project;Canada;1.989790706;Oil&Gas;;;;;;;;
False;Kearl;Canada;1.901181774;Oil&Gas;;;;;;;;
False;Duvernay;Canada;1.871369296;Oil&Gas;;;;;;;;
False;Athabasca Oil Sands Project;Canada;1.355853264;Oil&Gas;OG0009624;https://www.gem.wiki/Athabasca_Area_-_Scheme_9241H_Oil_Sands_Project_(Alberta,_Canada);57.414;-111.54;Fort Hills Energy Corporation;Suncor Energy (54.1%);;
False;Christina Lake;Canada;1.232128944;Oil&Gas;;;;;;;;
False;Liard Shale;Canada;1.201818384;Oil&Gas;;;;;;;;
False;Syncrude Mildred Lake/Aurora;Canada;1.184050044;Oil&Gas;OG0009631;https://www.gem.wiki/Athabasca_Area_-_Scheme_8573P_Oil_Sands_Project_(Alberta,_Canada);57.056;-111.711;Syncrude Canada Limited;Syncrude Canada Limited (100%);Suncor (58.7%);
False;Longmaxi Shale;China;5.691701535;Oil&Gas;;;;;;;;
False;Changqing;China;4.939920283;Oil&Gas;OG0010879;https://www.gem.wiki/Changqing_Oil_Field_(China);37.4467;106.6668;CNPC;;;
False;Daqing;China;2.601815792;Oil&Gas;;;;;;;;
True;Cambrian/Silurian Marine Shale;China;2.367530441;Oil&Gas;;;;;;;;
False;Longmaxi Shale (Sichuan/Changyu);China;2.20989992;Oil&Gas;OG0013965;https://www.gem.wiki/West_Sichuan_Oil_and_Gas_Field_(China);;;Sinopec;;;
False;Tarim (CNPC);China;1.959883851;Oil&Gas;OG0010827;https://www.gem.wiki/Tarim_Gas_Field_(China);40.9466;82.2528;PetroChina;;;
True;Southeast Uplift Onshore Heilongjiang Province;China;1.750536451;Oil&Gas;;;;;;;;
False;Shengli;China;1.50578136;Oil&Gas;OG0010833;https://www.gem.wiki/Shengli_Oil_Complex_(China);37.1771;118.4754;Shengli Oil Field Company;Sinopec;Sinopec Group;
False;Oil shale China;China;1.385461449;Oil&Gas;;;;;;;;
False;Xinjiang (CNPC);China;1.356420308;Oil&Gas;;;;;;;;
True;Central Uplift Onshore Xinjiang Uygur Autonomous Region;China;1.04432647;Oil&Gas;;;;;;;;
True;La Luna Shale;Colombia;1.616788836;Oil&Gas;;;;;;;;
True;Tannezuft Shale;Algeria;2.347866837;Oil&Gas;;;;;;;;
False;Hassi R'Mel (Domestic);Algeria;2.271542343;Oil&Gas;OG0012634;https://www.gem.wiki/Hassi_R'Mel_Gas_Field_(Algeria);33.064;3.202;Sonatrach;Sonatrach (100%);Sonatrach SPA (100%);
False;Hassi Messaoud;Algeria;1.215923408;Oil&Gas;OG0012632;https://www.gem.wiki/Hassi_Messaoud_Oil_and_Gas_Field_(Algeria);31.854;5.8;Sonatrach;Sonatrach (100%);Sonatrach SPA (100%);
True;Bowland Shale;United Kingdom;1.476082594;Oil&Gas;;;;;;;;
True;Kronprins Christian Offshore;Denmark;2.23244534;Oil&Gas;;;;;;;;
True;Greater Turbot (Stabroek);Guyana;1.114423675;Oil&Gas;OG0013080;https://www.gem.wiki/Stabroek_Oil_and_Gas_Block_(Guyana);7.9904;-57.0997;ExxonMobil;ExxonMobil (45%);;
False;Greater Liza (Liza);Guyana;1.002783934;Oil&Gas;;;;;;;;
True;East Natuna (x-Natuna D-Alpha);Indonesia;2.158541118;Oil&Gas;OG0012818;https://www.gem.wiki/Anoa_Oil_and_Gas_Field_(Indonesia);;;Premier Oil PLC;Premier Oil Plc (28.7%);;
False;Leviathan;Israel;1.060241772;Oil&Gas;OG0000649;https://www.gem.wiki/Leviathan_Gas_Field;33.0014;33.649;Noble Energy;Noble Energy (39.7%);;
True;Barail Shale;India;2.141583711;Oil&Gas;;;;;;;;
False;Rumaila North & South;Iraq;7.761609425;Oil&Gas;OG0012002;https://www.gem.wiki/Rumaila_Oil_Field_(Iraq);30.2365;47.4163;Rumaila Operating Organisation;BP (38%);;
False;Qurna West;Iraq;3.982828932;Oil&Gas;OG0011998;https://www.gem.wiki/Qurna_West_1_Oil_Field_(Iraq);30.655;47.305;ExxonMobil;ExxonMobil (32.7%);;
False;Baghdad East;Iraq;2.742460925;Oil&Gas;OG0011974;https://www.gem.wiki/East_Baghdad_Oil_Field_(Iraq);33.382;44.521;ZhenHua Oil Company;China ZhenHua Oil Co.;China ZhenHua Oil Co.;
True;Central Arabian Onshore;Iraq;2.607423632;Oil&Gas;;;;;;;;
False;Majnoon;Iraq;2.468342318;Oil&Gas;OG0011987;https://www.gem.wiki/Majnoon_Oil_Field_(Iraq);31.224;47.563;Basra Oil Company;Basra Oil Company (100%);Basra Oil Company (100%);
False;Zubair;Iraq;1.679304399;Oil&Gas;OG0012018;https://www.gem.wiki/Zubair_Oil_Field_(Iraq);30.4189;47.608;Eni S.P.A.;Eni S.P.A. (32.8%);;
False;Qurna West-2;Iraq;1.598723281;Oil&Gas;OG0011999;https://www.gem.wiki/Qurna_West_2_Oil_Field_(Iraq);30.655;47.305;Lukoil and North Oil Company;Lukoil (75%);;
False;Halfayah;Iraq;1.409043856;Oil&Gas;OG0011979;https://www.gem.wiki/Halfaya_Oil_Field_(Iraq);31.546;47.451;PetroChina;CNPC (37.5%);;
False;Nahr bin Umar;Iraq;1.277643431;Oil&Gas;OG0011991;https://www.gem.wiki/Nahr_Bin_Umar_Oil_and_Gas_Field_(Iraq);30.58;47.531;Basra Oil Company;Basra Oil Company (100%);Basra Oil Company (100%);
False;Ratawi;Iraq;1.065138744;Oil&Gas;OG0012001;https://www.gem.wiki/Ratawi_Oil_Field_(Iraq);30.053;47.307;Basra Oil Company;Basra Oil Company (100%);Basra Oil Company (100%);
False;Basrah Gas project;Iraq;1.041154291;Oil&Gas;OG0012018;https://www.gem.wiki/Zubair_Oil_Field_(Iraq);30.4189;47.608;Eni S.P.A.;Eni S.P.A. (32.8%);;
False;Marun;Iran;2.408543885;Oil&Gas;OG0012163;https://www.gem.wiki/Marun_Oil_Field_(Iran);31.1217;49.3097;Marun Oil and Gas Production Company;National Iranian Oil Company (100%);National Iranian Oil Company (100%);
False;Azadegan;Iran;2.278016459;Oil&Gas;OG0012170;https://www.gem.wiki/Azadegan_North_Oil_Field_(Iran);31.1613;47.7945;Arvandan Oil and Gas Company;China National Petroleum Corporation (100%);China National Petroleum Corporation (100%);
False;Ahwaz Asmari;Iran;2.238284406;Oil&Gas;OG0012129;https://www.gem.wiki/Ahvaz-Asmari_Oil_Field_(Iran);31.3118;48.8121;Karun Oil and Gas Production Company;National Iranian Oil Company (100%);National Iranian Oil Company (100%);
True;Central Arabian Offshore;Iran;2.122142874;Oil&Gas;;;;;;;;
False;Gachsaran;Iran;1.739296877;Oil&Gas;OG0012180;https://www.gem.wiki/Gachsaran_Oil_and_Gas_Field_(Iran);30.2865;50.7415;National Iranian South Oil Company;National Iranian Oil Company (100%);National Iranian Oil Company (100%);
False;Agha Jari;Iran;1.563110231;Oil&Gas;OG0012187;https://www.gem.wiki/Aghajari_Oil_Field_(Iran);30.8312;49.7596;National Iranian South Oil Company;National Iranian Oil Company (100%);National Iranian Oil Company (100%);
False;Ahwaz Bangestan;Iran;1.433911709;Oil&Gas;OG0012143;https://www.gem.wiki/Ahvaz-Bangestan_Oil_Field_(Iran);31.3118;48.8121;Karun Oil and Gas Production Company;National Iranian Oil Company (100%);National Iranian Oil Company (100%);
False;Pazanan;Iran;1.358409167;Oil&Gas;OG0012186;https://www.gem.wiki/Pazanan_Oil_Field_(Iran);30.4532;50.1354;National Iranian South Oil Company;National Iranian Oil Company (100%);National Iranian Oil Company (100%);
False;South Pars (Phases 9-10) dry gas;Iran;1.265006303;Oil&Gas;OG0012249;https://www.gem.wiki/South_Pars_(Phase_9-10)_Gas_Field_(Iran);26.8614;52.1813;National Iranian Oil Company;;;
True;Kish Gas Project;Iran;1.193632598;Oil&Gas;OG0012181;https://www.gem.wiki/Kish_Oil_and_Gas_Field_(Iran);26.5293;53.9434;Iranian Offshore Oil Company;National Iranian Oil Company (100%);National Iranian Oil Company (100%);
True;Pars Southwest;Iran;1.1092643;Oil&Gas;;;;;;;;
False;South Pars (Phases 4-5) dry gas;Iran;1.100975522;Oil&Gas;OG0012247;https://www.gem.wiki/South_Pars_(Phase_4-5)_Gas_Field_(Iran);26.8614;52.1813;Eni S.P.A.;Eni S.P.A. (60%);;
False;Mansouri Bangestan;Iran;1.045838888;Oil&Gas;OG0012183;https://www.gem.wiki/Mansouri_Oil_Field_(Iran);30.9289;48.828;National Iranian South Oil Company;National Iranian Oil Company (100%);National Iranian Oil Company (100%);
False;South Pars (Phases 22-24);Iran;1.04273081;Oil&Gas;OG0014110;https://www.gem.wiki/South_Pars_(all_phases)_Gas_Field_(Iran);26.8614;52.1813;;;;
False;South Pars (Phases 20-21);Iran;1.017173226;Oil&Gas;OG0012257;https://www.gem.wiki/South_Pars_(Phase_20-21)_Gas_Field_(Iran);26.8614;52.1813;Pars Oil and Gas Company;National Iranian Oil Company (100%);National Iranian Oil Company (100%);
False;South Pars (Phases 2-3) dry gas;Iran;1.016274224;Oil&Gas;OG0012246;https://www.gem.wiki/South_Pars_(Phase_2-3)_Gas_Field_(Iran);26.8614;52.1813;TotalEnergies;TotalEnergies (40%);;
False;Greater Burgan;Kuwait;8.341919008;Oil&Gas;OG0012421;https://www.gem.wiki/Greater_Burgan_Oil_and_Gas_Complex_(Kuwait);29.07838;47.98141;;;;
False;Project Kuwait;Kuwait;4.409493298;Oil&Gas;;;;;;;;
True;Central Arabian Onshore;Kuwait;3.597522951;Oil&Gas;;;;;;;;
False;Kashagan;Kazakhstan;5.086161261;Oil&Gas;OG0012592;https://www.gem.wiki/Kashagan_Oil_and_Gas_Field_(Kazakhstan);46.486;50.1374;North Caspian Operating Company N.V;KMG Kashagan B.V (16.9%);;
False;Tengiz;Kazakhstan;3.357866129;Oil&Gas;OG0012591;https://www.gem.wiki/Tengiz_Oil_and_Gas_Field_(Kazakhstan);45.4741;53.0719;Tengizchevroil LLP;KazMunayGas (20%);;
True;Carboniferous Shale;Kazakhstan;1.287218515;Oil&Gas;;;;;;;;
False;Karachaganak;Kazakhstan;1.207734375;Oil&Gas;OG0012594;https://www.gem.wiki/Karachaganak_Oil_and_Gas_Field_(Kazakhstan);50.8372;52.9707;Karachaganak Petroleum Operating B.V;Royal Dutch Shell (29.2%);;
True;Sirte Shale;Libya;1.703281911;Oil&Gas;;;;;;;;
False;El Sharara;Libya;1.00784607;Oil&Gas;OG0012725;https://www.gem.wiki/El_Sharara_Oil_Field_(Libya);26.394;11.936;Akakus Oil Operations;National Oil Corporation (Libya) (50%);;
True;Eagle Ford Shale;Mexico;5.0680294;Oil&Gas;;;;;;;;
True;Gulf Deepwater Offshore;Mexico;2.204840846;Oil&Gas;;;;;;;;
False;Ku-Maloob-Zaap Project;Mexico;1.960224743;Oil&Gas;;;;;;;;
True;Yucatan Platform Offshore;Mexico;1.025798315;Oil&Gas;['OG0002259', 'OG0002348', 'OG0002346'];['https://www.gem.wiki/Akal_Oil_and_Gas_Field_(Mexico)', 'https://www.gem.wiki/Nohoch_Oil_and_Gas_Field_(Mexico)', 'https://www.gem.wiki/Chac_Oil_and_Gas_Field_(Mexico)'];19.3991;-92.0532;['PEMEX', 'PEMEX', 'PEMEX'];['PEMEX', nan, 'PEMEX'];['Petroleos Mexicanos', nan, 'Petroleos Mexicanos'];['Akal', 'Nohoch', 'Chac']
True;MZLNG Joint Development (T1-T2);Mozambique;1.310175723;Oil&Gas;;;;;;;;
True;Area-1 Future Phases;Mozambique;1.022724356;Oil&Gas;OG0017497;https://www.gem.wiki/Area_4_Gas_Block_(Mozambique);-10.9158;41.1154;Mozambique Rovuma Venture;;;
True;Area 1 LNG (T1&T2);Mozambique;1.006654597;Oil&Gas;OG0017496;https://www.gem.wiki/Area_1_Gas_Block_(Mozambique);-10.9704;40.8465;TotalEnergies;;;
False;NLNG Base Project;Nigeria;1.033411352;Oil&Gas;;;;;;;;
False;Troll;Norway;1.77210443;Oil&Gas;OG0004500;https://www.gem.wiki/Troll_Oil_and_Gas_Field_(Norway);60.72052686060313;3.703872965572407;Equinor Energy AS;Petoro AS (56%);;
False;Johan Sverdrup;Norway;1.073871982;Oil&Gas;OG0001427;https://www.gem.wiki/Johan_Sverdrup_oil_field;58.8013;2.603;Equinor Energy AS;Equinor Energy AS (42.6%);;
True;Khafji;Kuwait-Saudi Arabia;1.439897189;Oil&Gas;OG0012404;https://www.gem.wiki/Khafji_Oil_Field_(Kuwait-Saudi_Arabia);28.2744;48.8864;Khafji Joint Operations;Kuwait Gulf Oil Company (50%);;
True;Sembar Shale;Pakistan;2.840236853;Oil&Gas;;;;;;;;
True;Lublin Basin Silurian Shale;Poland;5.647084841;Oil&Gas;OG0001554;https://www.gem.wiki/Lubliniec-Cieszanów_Gas_Field_(Poland);;;Polskie Górnictwo Naftowe i Gazownictwo SA (PGNiG);;;
True;North Field;Qatar;11.61275076;Oil&Gas;OG0012464;https://www.gem.wiki/North_Field_Oil_and_Gas_Complex_(Qatar);26.57116;51.85212;;;;
True;North Field C LNG;Qatar;7.768105079;Oil&Gas;OG0012464;https://www.gem.wiki/North_Field_Oil_and_Gas_Complex_(Qatar);26.57116;51.85212;;;;
True;North Field E;Qatar;4.594474423;Oil&Gas;OG0012476;https://www.gem.wiki/North_Field_Alpha_Oil_and_Gas_Field_(Qatar);;;Qatar Petroleum;Qatar Petroleum;QatarEnergy;
True;QatarGas LNG T8-T11 (NFE-East);Qatar;3.39497532;Oil&Gas;OG0012480;https://www.gem.wiki/Qatargas_4_Gas_Field_(Qatar);;;Qatargas;Qatar Petroleum (70%);;
True;Barzan;Qatar;3.094095108;Oil&Gas;OG0012463;https://www.gem.wiki/Barzan_Gas_Field_(Qatar);;;Qatargas;;;
True;Central Arabian Onshore;Qatar;2.217231619;Oil&Gas;;;;;;;;
False;Qatargas 2 LNG T4-T5;Qatar;1.828035431;Oil&Gas;OG0012472;https://www.gem.wiki/Qatargas_2_Gas_Field_(Qatar);26.3028;51.9223;Qatargas;Qatar Petroleum;;
True;QatarGas LNG T12-T13 (NFE-South);Qatar;1.785210581;Oil&Gas;;;;;;;;
False;Dolphin;Qatar;1.550235876;Oil&Gas;OG0012467;https://www.gem.wiki/Dolphin_Oil_and_Gas_Field_(Qatar);26.1938;52.0041;Dolphin Energy Limited;Mubadala Investment Company (51%);;
False;Rasgas 2 LNG T3-T5;Qatar;1.509806372;Oil&Gas;;;;;;;;
False;Rasgas 3 LNG T6-T7;Qatar;1.490692041;Oil&Gas;OG0012478;https://www.gem.wiki/RasGas_Alpha_Oil_and_Gas_Field_(Qatar);;;Qatargas;Qatargas;Qatargas Operating Company Limited;
False;Rasgas 3 LNG T6-T7;Qatar;1.490692041;Oil&Gas;OG0012478;https://www.gem.wiki/RasGas_Alpha_Oil_and_Gas_Field_(Qatar);;;Qatargas;Qatargas;Qatargas Operating Company Limited;
False;QatarGas 1 LNG T1-T3;Qatar;1.283272558;Oil&Gas;OG0012479;https://www.gem.wiki/Qatargas_3_Gas_Field_(Qatar);;;Qatargas;Qatar Petroleum (68.5%);;
False;QatarGas 1 LNG T1-T3;Qatar;1.283272558;Oil&Gas;OG0012479;https://www.gem.wiki/Qatargas_3_Gas_Field_(Qatar);;;Qatargas;Qatar Petroleum (68.5%);;
False;Al Khaleej Gas project;Qatar;1.135307349;Oil&Gas;OG0012459;https://www.gem.wiki/Al_Khalij_Oil_and_Gas_Field_(Qatar);25.92298;52.69973;TotalEnergies E&P-Qatar;TotalEnergies (40%);;
False;Bovanenkovo Zone (Yamal Megaproject);Russia;11.15863625;Oil&Gas;OG0012037;https://www.gem.wiki/Bovanenkovskoye_Oil_and_Gas_Field_(Russia);70.49;68.078;OOO Gazprom Dobycha Nadym;Gazprom;Gazprom;
False;Gazprom dobycha Yamburg;Russia;8.863793695;Oil&Gas;OG0012039;https://www.gem.wiki/Yamburgskoye_Gas_Field_(Russia);68.000833;75.998611;OOO Gazprom Dobycha Yamburg;Gazprom;Gazprom;
True;Tunguska Basin CBM;Russia;8.843821834;Oil&Gas;;;;;;;;
True;Shtokman;Russia;6.135874132;Oil&Gas;OG0012077;https://www.gem.wiki/Shtokman_Gas_Field_(Russia);71.794;45.723;Gazprom;TotalEnergies (25%);;
False;Urengoyskoye;Russia;5.199312832;Oil&Gas;OG0012097;https://www.gem.wiki/Severo-Urengoyskoye_Gas_Field_(Russia);67.461;77.156;OOO Gazprom Dobycha Urengoy;Gazprom;Gazprom;
True;Kuznetsk Depression (Kuzbass) CBM;Russia;4.90609548;Oil&Gas;;;;;;;;
False;Yuganskneftegaz;Russia;4.345193315;Oil&Gas;OG0012109;https://www.gem.wiki/Severo-Priobskoye_Oil_Field_(Russia);61.383889;70.486944;Rosneft;;;
False;Eastern Gas Program;Russia;4.274058366;Oil&Gas;OG0012384;https://www.gem.wiki/East_Tazovskoye_Oil_and_Gas_Field_(Russia);67.39;79.405;Novatek;;;
True;West Siberia Offshore;Russia;2.856403668;Oil&Gas;OG0012369;https://www.gem.wiki/West_Surgutskoye_Oil_and_Gas_Field_(Russia);61.7;73.4;Surgutneftegas;;;
True;Lensky Basin CBM;Russia;2.73771576;Oil&Gas;;;;;;;;
True;Timan - Pechora Basin Offshore;Russia;2.48143889;Oil&Gas;;;;;;;;
True;Tambey Zone (Yamal Megaproject);Russia;2.474909236;Oil&Gas;OG0012380;https://www.gem.wiki/Yuzhno-Tambeyskoye_Oil_and_Gas_Field_(Russia);71.235;71.546;JSC Yamal LNG;Novatek (50.1%);;
True;Timan - Pechora Basin Onshore;Russia;2.351649692;Oil&Gas;;;;;;;;
False;Samotlorneftegaz (TNK-BP);Russia;1.867807241;Oil&Gas;OG0012358;https://www.gem.wiki/Samotlorskoye_Oil_Field_(Russia);61.167222;76.665556;Samotlorneftegaz;Rosneft;ROSNEFTEGAZ JSC;
True;Leningradskoye (Kara Sea);Russia;1.800619883;Oil&Gas;OG0012357;https://www.gem.wiki/Leningradskoye_Gas_Field_(Russia);72.718933;65.722145;Gazprom;Gazprom;Gazprom;
False;Gazprom dobycha Orenburg;Russia;1.593313222;Oil&Gas;OG0012043;https://www.gem.wiki/Orenburgskoye_Gas_Field_(Russia);51.029;55.065;OOO Gazprom Dobycha Orenburg;Gazprom;Gazprom;
True;Arctic LNG 2 T1-3;Russia;1.475579089;Oil&Gas;;;;;;;;
True;Volga - Urals Onshore;Russia;1.36763708;Oil&Gas;;;;;;;;
False;Romashkino;Russia;1.338604935;Oil&Gas;OG0012361;https://www.gem.wiki/Romashkinskoye_Oil_and_Gas_Field_(Russia);54.833612;52.81;Tatneft;;;
True;Rusanovskoye (Kara Sea);Russia;1.316123949;Oil&Gas;;;;;;;;
False;Gazprom dobycha Nadym;Russia;1.286567712;Oil&Gas;['OG0012046', 'OG0012037', 'OG0012048'];['https://www.gem.wiki/Medvezhye_Gas_Field_(Russia)', 'https://www.gem.wiki/Bovanenkovskoye_Oil_and_Gas_Field_(Russia)', 'https://www.gem.wiki/Yamsoveiskoye_Gas_Field_(Russia)'];67.25;74.666667;['OOO Gazprom DobychaNadym', 'OOO Gazprom Dobycha Nadym', 'OOO Gazprom Dobycha Nadym'];['Gazprom', 'Gazprom', 'Gazprom'];['Gazprom', 'Gazprom', 'Gazprom'];['Medvezhye', 'Bovanenkovskoye', 'Yamsoveiskoye']
True;Taymyr Basin CBM;Russia;1.233321785;Oil&Gas;;;;;;;;
True;North Kara Sea Offshore;Russia;1.176960094;Oil&Gas;;;;;;;;
True;West Siberia Onshore;Russia;1.1645132;Oil&Gas;;;;;;;;
False;SeverEnergia Project;Russia;1.099534929;Oil&Gas;OG0012386;https://www.gem.wiki/Samburgskoye_Oil_and_Gas_Field_(Russia);66.834167;77.248611;Gazprom dobycha Urengoy;;;
False;Ghawar Uthmaniyah;Saudi Arabia;19.22190525;Oil&Gas;;;;;;;;
False;Safaniya;Saudi Arabia;11.92614355;Oil&Gas;OG0014113;https://www.gem.wiki/Safaniya_Oil_and_Gas_Field_(Saudi_Arabia);28.28;48.75;Saudi Aramco;;;
False;Khurais project;Saudi Arabia;7.634938272;Oil&Gas;OG0014117;https://www.gem.wiki/Khurais_Oil_and_Gas_Field_(Saudi_Arabia);25.2028;48.0153;Saudi Aramco;;;
False;Ghawar Haradh;Saudi Arabia;6.966827829;Oil&Gas;;;;;;;;
True;Central Arabian Offshore;Saudi Arabia;6.860051661;Oil&Gas;;;;;;;;
False;Ghawar Shedgum;Saudi Arabia;5.695002943;Oil&Gas;;;;;;;;
False;Qatif project;Saudi Arabia;5.066814884;Oil&Gas;OG0014114;https://www.gem.wiki/Qatif_Oil_Field_(Saudi_Arabia);26.7077;49.9393;Saudi Aramco;;;
False;Manifa (redevelop);Saudi Arabia;5.000284718;Oil&Gas;OG0014121;https://www.gem.wiki/Manifa_Oil_Field_(Saudi_Arabia);27.7159;48.9834;Saudi Aramco;;;
False;Ghawar Hawiyah;Saudi Arabia;4.649714459;Oil&Gas;;;;;;;;
True;Central Arabian Onshore;Saudi Arabia;4.359973713;Oil&Gas;;;;;;;;
False;Shaybah;Saudi Arabia;4.268589672;Oil&Gas;OG0014115;https://www.gem.wiki/Shaybah_Oil_and_Gas_Field_(Saudi_Arabia);21.7237;53.6572;Saudi Aramco;;;
False;Berri;Saudi Arabia;3.557107777;Oil&Gas;OG0014118;https://www.gem.wiki/Berri_Oil_Field_(Saudi_Arabia);27.1145;49.6389;Saudi Aramco;;;
True;Zuluf (CR in field);Saudi Arabia;3.535052229;Oil&Gas;;;;;;;;
False;Zuluf;Saudi Arabia;2.449978206;Oil&Gas;OG0014116;https://www.gem.wiki/Zuluf_Oil_and_Gas_Field_(Saudi_Arabia);28.611;49.059;Saudi Aramco;;;
False;Khursaniyah;Saudi Arabia;2.413255558;Oil&Gas;OG0014122;https://www.gem.wiki/Khursaniyah_Oil_Field_(Saudi_Arabia);27.0287;48.5437;Saudi Aramco;;;
False;Ghawar Ain Dar N;Saudi Arabia;2.088574939;Oil&Gas;;;;;;;;
False;Marjan;Saudi Arabia;1.889926075;Oil&Gas;OG0014120;https://www.gem.wiki/Marjan_Oil_Field_(Saudi_Arabia);28.4389;49.6746;Saudi Aramco;;;
True;Safaniya YTF Concession;Saudi Arabia;1.842871867;Oil&Gas;OG0014113;https://www.gem.wiki/Safaniya_Oil_and_Gas_Field_(Saudi_Arabia);28.28;48.75;Saudi Aramco;;;
True;Zuluf (expansion);Saudi Arabia;1.833213347;Oil&Gas;OG0014116;https://www.gem.wiki/Zuluf_Oil_and_Gas_Field_(Saudi_Arabia);28.611;49.059;Saudi Aramco;;;
True;Zuluf (expansion);Saudi Arabia;1.833213347;Oil&Gas;OG0014116;https://www.gem.wiki/Zuluf_Oil_and_Gas_Field_(Saudi_Arabia);28.611;49.059;Saudi Aramco;;;
False;Abqaiq;Saudi Arabia;1.59282777;Oil&Gas;OG0014119;https://www.gem.wiki/Abqaiq_Oil_Field_(Saudi_Arabia);26.1687;49.7841;Saudi Aramco;;;
False;Ghawar Ain Dar S;Saudi Arabia;1.43464453;Oil&Gas;OG0014112;https://www.gem.wiki/Ghawar_Oil_and_Gas_Field_(Saudi_Arabia);25.213;49.2558;Saudi Aramco;;;
False;Ghawar Ain Dar S;Saudi Arabia;1.43464453;Oil&Gas;OG0014112;https://www.gem.wiki/Ghawar_Oil_and_Gas_Field_(Saudi_Arabia);25.213;49.2558;Saudi Aramco;;;
False;Ghawar Ain Dar S;Saudi Arabia;1.43464453;Oil&Gas;OG0014112;https://www.gem.wiki/Ghawar_Oil_and_Gas_Field_(Saudi_Arabia);25.213;49.2558;Saudi Aramco;;;
False;Ghawar Ain Dar S;Saudi Arabia;1.43464453;Oil&Gas;OG0014112;https://www.gem.wiki/Ghawar_Oil_and_Gas_Field_(Saudi_Arabia);25.213;49.2558;Saudi Aramco;;;
False;Ghawar Ain Dar S;Saudi Arabia;1.43464453;Oil&Gas;OG0014112;https://www.gem.wiki/Ghawar_Oil_and_Gas_Field_(Saudi_Arabia);25.213;49.2558;Saudi Aramco;;;
False;Ghawar Ain Dar S;Saudi Arabia;1.43464453;Oil&Gas;OG0014112;https://www.gem.wiki/Ghawar_Oil_and_Gas_Field_(Saudi_Arabia);25.213;49.2558;Saudi Aramco;;;
True;Sudair Shale;Saudi Arabia;1.032893123;Oil&Gas;;;;;;;;
False;Harmaliyah;Saudi Arabia;1.028095523;Oil&Gas;;;;;;;;
True;Tanf Shale;Syria;1.363655326;Oil&Gas;;;;;;;;
False;Yolotan (Iolotan) South;Turkmenistan;9.548227901;Oil&Gas;;;;;;;;
True;Yashlar Vostochnyy (East);Turkmenistan;2.129145331;Oil&Gas;;;;;;;;
False;Dovletabad-Donmez;Turkmenistan;1.578094288;Oil&Gas;;;;;;;;
True;Tanzanian Coastal Offshore;Tanzania;1.031198167;Oil&Gas;;;;;;;;
True;Menilite Shale;Ukraine;1.666673391;Oil&Gas;;;;;;;;
False;Permian Delaware Tight;United States;27.80443109;Oil&Gas;;;;;;;;
False;Marcellus Shale;United States;26.71441286;Oil&Gas;;;;;;;;
False;Permian Midland Tight;United States;16.62881821;Oil&Gas;;;;;;;;
False;Haynesville/Bossier Shale;United States;13.20413118;Oil&Gas;;;;;;;;
False;Utica Shale;United States;7.713186851;Oil&Gas;;;;;;;;
False;Bakken Shale;United States;5.948592838;Oil&Gas;;;;;;;;
False;Eagle Ford Shale;United States;5.924247947;Oil&Gas;;;;;;;;
False;DJ Basin Tight Oil;United States;5.852116216;Oil&Gas;;;;;;;;
False;Western Gulf Province_Texas;United States;5.061653121;Oil&Gas;;;;;;;;
False;Woodford Shale;United States;3.377142985;Oil&Gas;;;;;;;;
False;PRB Tight Oil;United States;2.770946453;Oil&Gas;;;;;;;;
True;Chukchi Sea Offshore;United States;2.539277487;Oil&Gas;;;;;;;;
False;Meramec Shale;United States;2.439577611;Oil&Gas;;;;;;;;
False;Permian Conventional_Texas;United States;2.061829878;Oil&Gas;;;;;;;;
True;North Slope Onshore;United States;2.035951159;Oil&Gas;;;;;;;;
False;Anadarko Shelf_Oklahoma;United States;1.817826072;Oil&Gas;;;;;;;;
True;Baltimore Canyon Offshore;United States;1.648511699;Oil&Gas;;;;;;;;
False;Austin Chalk Tight;United States;1.392828065;Oil&Gas;;;;;;;;
False;Barnett Shale;United States;1.360879964;Oil&Gas;;;;;;;;
True;Beaufort Sea Offshore;United States;1.254810599;Oil&Gas;;;;;;;;
True;Gulf Coast Centre Offshore;United States;1.106200913;Oil&Gas;;;;;;;;
True;West Florida Offshore;United States;1.069261489;Oil&Gas;;;;;;;;
False;Orinoco Joint Ventures;Venezuela;6.703396162;Oil&Gas;;;;;;;;
True;La Luna Shale;Venezuela;1.090522015;Oil&Gas;;;;;;;;
True;Collingham Shale;South Africa;1.849888206;Oil&Gas;;;;;;;;