New_project,Project Name,Country_x,Potential emissions (GtCO2),Fuel,Mine IDs,GEM Wiki Page (ENG),Latitude,Longitude,Operators,Owners,Parent Company
False,Ensham Coal Mine,Australia,1.31499396,Coal,M0038,https://www.gem.wiki/Ensham_mine,-23.454464,148.497455,Sungela,"Sungela (85%), Bowen Investment (15%)","Thungela Resources Australia (85%), LX International (15%)"
False,Hunter Valley North Coal Mine,Australia,1.734018,Coal,M0049,https://www.gem.wiki/Hunter_Valley_North_coal_mine,-32.4657844,150.9734981,Hunter Valley Operations,"Yancoal (51%), Glencore (49%)","Yankuang Energy (51%), Glencore (51%)"
False,Byerwen Coal Mine,Australia,1.8407268,Coal,M0018,https://www.gem.wiki/Byerwen_Coal_Project,-21.242828,147.835392,Macmahon,Byerwen Coal,"QCoal (85%), JFE Steel (15%)"
False,Mount Pleasant Coal Mine,Australia,1.12027212,Coal,M0076,https://www.gem.wiki/Mount_Pleasant_coal_mine,-32.25591661,150.8499847,Mach Energy,Integrated Energy Services Corporation,Integrated Energy Services Corporation
False,Hunter Valley South Coal Mine,Australia,1.1737968,Coal,M0050,https://www.gem.wiki/Hunter_Valley_South_coal_mine,-32.5245107,150.9819012,Hunter Valley Operations,"Yancoal (51%), Glencore (49%)","Yankuang Energy (51%), Glencore (51%)"
False,Peak Downs Coal Mine,Australia,2.31824868,Coal,M0087,https://www.gem.wiki/Peak_Downs_coal_mine,-22.2548999,148.1796569,Thiess,"BHP (50%), Mitsubishi Corporation (50%)","BHP (50%), Mitsubishi Corporation (50%)"
False,Blackwater Coal Mine,Australia,1.000395,Coal,M0011,https://www.gem.wiki/Blackwater_mine,-23.685585,148.807361,BHP Mitsubishi Alliance (BMA),BHP Mitsubishi Alliance (BMA),"BHP (50%), Mitsubishi Corporation (50%)"
False,Goonyella-Riverside Coal Mine,Australia,2.18219496,Coal,M0043,https://www.gem.wiki/Goonyella_Riverside_mine,-21.792321,147.962045,"Queensland Coal, BHP Mitsubishi Alliance (BMA)","Queensland Coal, BHP Mitsubishi Alliance (BMA)","BHP (50%), Mitsubishi Corporation (50%)"
False,Loy Yang Coal Mine,Australia,3.0513672,Coal,M0062,https://www.gem.wiki/Loy_Yang_mine,-38.2347,146.564,Loy Yang,Loy Yang,AGL Energy
False,Yallourn,Australia,1.13003484,Coal,M0120,https://www.gem.wiki/Yallourn_mine,-38.195064,146.360402,Roche Thiess Linfox (RTL),EnergyAustralia,CLP Group
True,Red Hill Coal Project,Australia,4.56446892,Coal,M0092,https://www.gem.wiki/Red_Hill_coal_project,-21.764098,148.005592,"Queensland Coal, BHP Mitsubishi Alliance (BMA)","BHP (50%), Mitsubishi Corporation (50%)","BHP (50%), Mitsubishi Corporation (50%)"
True,Wards Well Coal Mine,Australia,2.66772,Coal,M0114,https://www.gem.wiki/Wards_Well_-_Lancewood_coal_project,-21.598813,147.958654,"Queensland Coal, Stanmore Resources Limited (BMA)","Stanmore Resources (50%), Mitsubishi Corporation (50%)","Stanmore Resources (50%), Mitsubishi Corporation (50%)"
True,Alpha North Coal Mine,Australia,2.542806,Coal,M2491,https://www.gem.wiki/Alpha_West_coal_project,-23.115171,146.332751,GVK Hancock,GVK Hancock,GVK Group
True,Carmichael Coal Project,Australia,2.1068964,Coal,M0023,https://www.gem.wiki/Carmichael_Coal_Project,-22.073611,146.329722,Adani Mining,Adani Mining,Adani Group
True,Valeria Coal Mine,Australia,2.03280264,Coal,M0108,https://www.gem.wiki/Valeria_coal_project,-23.470142,148.033559,Valeria Coal Holdings,Glencore,Glencore
True,Wilton and Fairhill Coal Projects,Australia,1.867404,Coal,M0118,https://www.gem.wiki/Wilton_and_Fairhill_coal_project,-23.41261,148.576971,"Futura Resources, Sojitz Coal","Futura Resources (50%), Sojitz (50%)","Futura Resources (50%), Sojitz (50%)"
True,Galilee Coal Mine,Australia,1.81629,Coal,M0041,https://www.gem.wiki/Galilee_Coal_Project,-23.498536,145.94229,Waratah Coal,Waratah Coal,Mineralogy
True,Hutton Coal Mine,Australia,1.68599904,Coal,M0051,https://www.gem.wiki/Hutton_coking_coal_project,-25.951645,148.961201,Valiant Resources,Valiant Resources,Valiant Resources
True,Olive Downs Coal Mine,Australia,1.37120808,Coal,M0086,https://www.gem.wiki/Olive_Downs_coal_mine,-22.2204628,148.4033203,Pembroke Resources,Pembroke Resources,Pembroke Resources
True,Saraji East Coal Mine,Australia,1.33919544,Coal,M0097,https://www.gem.wiki/Saraji_East_coal_mine,-22.371371,148.299848,"Queensland Coal, BHP Mitsubishi Alliance (BMA)","BHP (50%), Mitsubishi Corporation (50%)","BHP (50%), Mitsubishi Corporation (50%)"
True,Phulbari Coal Mine,Bangladesh,1.39606896,Coal,M0124,https://www.gem.wiki/Phulbari_coal_mine,25.9468733,89.5532405,Global Coal Management Resources (GCM),Global Coal Management Resources (GCM),GCM Resources
True,Project Motheo,Botswana,2.179548,Coal,M0129,https://www.gem.wiki/Morupule_coal_mine,-22.515137,27.024339,"Bothakga Burrow, Basil Read Mining",Minerals Development Company Botswana,Minerals Development Company Botswana
False,Maritsa Coal Mines,Bulgaria,2.5191824,Coal,M3701,https://www.gem.wiki/Troyanovo_3_Coal_Mine,42.1677,26.0376,Mini Maritsa Iztok EAD,Bulgarian Energy Holding,Bulgarian Energy Holding
False,Fording River,Canada,1.034808588,Coal,M0142,https://www.gem.wiki/Fording_River_Operations,50.19284,-114.86473,Teck Coal,Teck Resources,Teck Resources
True,Murray River Coal Mine,Canada,8.4833496,Coal,M0152,https://www.gem.wiki/Murray_River,53.5226333,-118.8403882,HD Mining,HD Mining,HD Mining International
True,Gething Coal Mine,Canada,2.0808216,Coal,M0144,https://www.gem.wiki/Gething_coal_mine,56.038803,-122.305087,CKD Mines,CKD Mines,CKD Mines
False,Qingshuiying Coal Mine,China,1.82806932,Coal,M0311,https://www.gem.wiki/Qingshuiying_Coal_Mine_(Phase_1_Project),38.125694,106.728935,Shenhua Ningxia Coal Group,"National Energy Investment Group (51%), Ningxia State-Owned Capital Operation Group (49%)","China Energy (51%), Ningxia State-Owned Capital Operation Group (49%)"
False,Sijiazhuang Coal Mine,China,1.559805723,Coal,M0348,https://www.gem.wiki/Sijiazhuang_Coal_Mine,37.585557,113.621388,Yangquan Coal Industry Group,Yangquan Coal Industry Group,Huayang New Material Technology Group
False,Shangyuquan Coal Mine,China,1.428774072,Coal,M0327,https://www.gem.wiki/Shangyuquan_Coal_Mine,39.256901,111.22119,Shanxi Luneng Hequ Electricity & Coal Development Company,"Guangdong Jinma Tourism Group (70%), Shanxi Jinneng Group (30%)","Guangdong Jinma Tourism Group (70%), Jinneng Group (30%)"
False,Shaqu No.1 Coal Mine,China,1.38630624,Coal,M0335,https://www.gem.wiki/Shaqu_No.1_Mine,37.411799,110.861439,Huajin Coking Coal Company,"China Coal (28%), Shanxi Coking Coal Group (51%), Others (21%)","China Coal (28%), Shanxi Coking Coal Group (51%), Others (21%)"
False,Shahaiji No.1 Coal Mine,China,1.1959332,Coal,M0321,https://www.gem.wiki/Shahaiji_No.1_coal_mine,46.553039,86.205922,State Grid Energy Hefeng Coal Power Company,China Energy Investment Corporation,China Energy
False,Gaojiabao Coal Mine,China,1.1471196,Coal,M0219,https://www.gem.wiki/Gaojiabao_Coal_Mine,35.268672,107.818112,Shaanxi Zhengtong Coal Industry,Shandong Energy Group,Shandong Energy
False,Shajihai No.2 Coal Mine,China,1.1471196,Coal,M0322,https://www.gem.wiki/Shahaiji_No.1_coal_mine,46.553039,86.205922,State Grid Energy Hefeng Coal and Electricity Company,National Energy Investment Group,China Energy
False,Yangjiacun Coal Mine,China,1.07878056,Coal,M0404,https://www.gem.wiki/Yangjiacun_Coal_Mine,39.8069,110.153087,Inner Mongolia Shuangxin Mining Company,Shandong Energy Group,Shandong Energy
False,Kouzi East Coal Mine,China,1.01906904,Coal,M0271,https://www.gem.wiki/Kouzi_East_Coal_Mine,32.833342,116.162687,China Coal Xinji Energy,"China Coal (30%), Guohua Energy Company (7%), Anhui Xinji Coal and Electricity Group (7%) China COSCO Shipping (56%)","China Coal (30%), China Energy (7%), Anhui Xinji Coal and Electricity Group (7%) China COSCO Shipping (56%)"
False,Wangjialing Coal Mine,China,2.72374212,Coal,M0366,https://www.gem.wiki/Wangjialing_Coal_Mine,35.702102,110.686347,Shanxi Zhongmei Huajin Energy,"China Coal (29%), HKSCC Nominees Limited (15%), Shanxi Coking Coal Group (25%), Others (31%)","China Coal (29%), HKSCC Nominees Limited (15%), Shanxi Coking Coal Group (25%), Others (31%)"
False,Yili No.4 Coal Mine,China,2.58235296,Coal,M0408,https://www.gem.wiki/Yili_No.4_coal_mine,44.074228,81.141898,Yili New Mining and Coal Industry Company,"Shandong Energy Group (55%), Zhejiang Energy Group (45%)","Shandong Energy (55%), Zhejiang Energy Group (45%)"
False,Hongqingliang Coal Mine,China,1.97763419,Coal,M0244,https://www.gem.wiki/Hongqingliang_mine,39.875788,109.367767,Hangjinqi West Energy Development Company,"Shanxi Zhongbo Real Estate Development Company (40%), Beijing Energy Group (37%), Shougang Group (1%), China Coal (1%)","Shanxi Zhongbo Real Estate Development Company (40%), Beijing Energy Group (37%), Shougang Group (1%), China Coal (1%)"
False,Weijiamao Open Pit Mine,China,1.68650988,Coal,M0370,https://www.gem.wiki/Weijiamao_Surface_Mine,39.534982,111.29515,North Weijiamao Coal Power Company,"China Huaneng (42%), Guangdong Hengjian Investment Holding Company, (8%) National Energy Investment Group (3%), China Securities Finance Corporation (3%), Others (44%)","China Huaneng (42%), Guangdong Hengjian Investment Holding Company, (8%) China Energy (3%), China Securities Finance Corporation (3%), Others (44%)"
False,Dingji Coal Mine,China,1.667325,Coal,M0208,https://www.gem.wiki/Dingji_Coal_Mine,32.871396,116.631428,Huaihu Coal and Electricity Company,"Huaihe Energy Holding Group (50%), China Cinda Asset Management Company (49%), Others (1%)","Huaihe Energy (50%), China Cinda Asset Management (49%), Others (1%)"
False,Wudong Coal Mine,China,1.61328948,Coal,M0377,https://www.gem.wiki/Wudong_Coal_Mine,43.929294,87.745344,China Energy Xinjiang Energy Company,National Energy Investment Group,China Energy
False,Lijiahao Coal Mine,China,1.47905208,Coal,M0276,https://www.gem.wiki/Lijiahao_Coal_Mine,39.738114,110.024669,China Energy Baotou Energy Company,National Energy Investment Group,"China Energy (69%), HKSCC Nominees Limited (17%), Others (14%)"
False,Shicaocun Coal Mine,China,1.456378163,Coal,M0342,https://www.gem.wiki/Shicaocun_mine,37.943405,106.696881,China Energy Ningxia Coal Industry Company,"National Energy Investment Group (51%), Ningxia State-Owned Assets Company (49%)","China Energy (51%), Ningxia State-Owned Assets Company (49%)"
False,Qingchunta Coal Mine,China,1.423502203,Coal,M0309,https://www.gem.wiki/Qingchunta_mine,39.476108,111.32351,Inner Mongolia Pearl River Investment Company,"Guangdong Hanjian Holding Company (94%), Shanghai Chengrui Investment Company (6%)","Guangdong Hanjian Holding Company (94%), Shanghai Chengrui Investment Company (6%)"
False,Xiaozhuang Coal Mine,China,1.41071304,Coal,M0387,https://www.gem.wiki/Xiaozhuang_Coal_Mine,35.08346,107.983823,Shaanxi Binchang Xiaozhuang Coal Company,"Shaanxi Coal and Chemical Industry Group (45%), China Development Bank (6%), Others (49%)","Shaanxi Coal and Chemical Industry Group (45%), China Development Bank (6%), Others (49%)"
False,Talahao Coal Mine,China,1.297489895,Coal,M0353,https://www.gem.wiki/Talahao_mine,39.79013,110.156685,Inner Mongolia Yitai Coal Company,Yitai Group,Inner Mongolia Yitai Investment
False,Baishihu Surface Mine,China,1.2935604,Coal,M0170,https://www.gem.wiki/Baishihu_Surface_Mine,43.917059,94.670358,Yiwu Gunaghui Mining Company,"Guanghui Energy Holding Company (94%), Xinjiang Guanghui Industry Investment Group (5%), Xinjiang Production and Construction Corps (1%)","Guanghui Energy Holding Company (94%), Xinjiang Guanghui Industry Investment Group (5%), Xinjiang Production and Construction Corps (1%)"
False,Fengjiata Coal Mine,China,1.18617048,Coal,M0213,https://www.gem.wiki/Fengjiata_Coal_Mine,39.196394,111.13213,Shaanxi Qingshuichuan Energy Company,"Shaanxi Investment Group (66%), Shaanxi Coal and Chemical Industry Group (34%)","Shaanxi Investment Group (66%), Shaanxi Coal and Chemical Industry Group (34%)"
False,Wucaiwan No.1 Surface Mine,China,1.389697968,Coal,M0376,https://www.gem.wiki/Wucaiwan_No.1_open-pit_mine,44.933507,89.184722,Xinjiang Yihua Mining,"Zhejiang Xinhu Group Holding Company (34%), Zhejiang Shenglong Industrial Company (6%), Yichang Caiyuan Investment and Management Company (41%), Yichang Xinfa Industry Investment Company (10%), Hubei Yihua Chemical Company (7%), Xinjiang Energy Group (2%)","Zhejiang Xinhu Group Holding Company (34%), Zhejiang Shenglong Industrial Company (6%), Yichang Caiyuan Investment and Management Company (41%), Yichang Xinfa Industry Investment Company (10%), Hubei Yihua Chemical Company (7%), Xinjiang Energy Group (2%)"
False,Gaojialiang No.1 Coal Mine,China,2.012584728,Coal,M0220,https://www.gem.wiki/Gaojialiang_No.1_coal_mine,39.724671,110.065041,Ordos Haohua Fine Coal Company,"Beijing Energy (50%), Ordos Energy Investment and Development Company (20%), Shougang Group (1%), Others (29%)","Beijing Energy (50%), Ordos Energy Investment and Development Company (20%), Shougang Group (1%), Others (29%)"
False,Gaohe Coal Mine,China,1.533939,Coal,M0218,https://www.gem.wiki/Gaohe_Coal_Mine,36.152253,112.990815,Shanxi Gaohe Energy Company,"Lu'an Chemical Group (55%), Asian American Continental Coal Company (45%)","Lu'an Chemical Group (55%), Asian American Continental Coal Company (45%)"
False,Hongshaquan No.1 Coal Mine,China,8.97193968,Coal,M0247,https://www.gem.wiki/Hongshaquan_North_Surface_Mine,44.5192,90.3135,Zhonglian Runshi Xinjiang Coal Industry Company,"Yima Coal Industry Group (60%), Beijing Lirui Investment Company (40%)","Yima Coal Industry Group (60%), Beijing Lirui Investment Company (40%)"
False,Ningxia Hongliu Coal Mine,China,2.899771908,Coal,M0302,https://www.gem.wiki/Ningxia_Hongliu_mine,37.883204,106.7576,China Energy Ningxia Coal Industry Company,"National Energy Investment Group (51%), Ningxia State-Owned Capital Operation Group (49%)","China Energy (51%), Ningxia State-Owned Capital Operation Group (49%)"
False,Guojiawan Coal Mine,China,1.87688292,Coal,M1128,https://www.gem.wiki/Fugu_Guojiawan_mine,39.278743,110.39397,Yulin Shenhua Energy,"National Energy Investment Group (37%), Shaanxi Coal and Chemical Group (18%), Fugu State-Owned Asset Management and Operation Company (21%), Others (24%)","China Energy (37%), Shaanxi Coal and Chemical Group (18%), Fugu State-Owned Asset Management and Operation Company (21%), Others (24%)"
False,Gaotouyao Coal Mine,China,1.870537152,Coal,M0222,https://www.gem.wiki/Gaotouyao_Coal_Mine,40.019808,109.639961,Inner Mongolia Beilian Power and Energy Development Company,"China Huaneng (77%), Guangdong Hengjian Investment Holding Company (7%), National Energy Investment Group (4%), Others (12%)","China Huaneng (77%), Guangdong Hengjian Investment Holding Company (7%), China Energy (4%), Others (12%)"
False,Shanxi Lu'an Gucheng Coal Mine,China,1.811350662,Coal,M0331,https://www.gem.wiki/Shanxi_Lu'an_Gucheng_mine,36.25626,112.918649,Shanxi Lu'an Mining Group,Lu'an Chemical Group,Lu'an Chemical Group
False,Hanglaiwan Coal Mine,China,1.780964196,Coal,M0232,https://www.gem.wiki/Hanglaiwan_Coal_Mine,38.530798,109.871886,Shaanxi Youse Yulin Coal Industry Company,"Shaanxi Youser Group (63%), Shaanxi Yanchang Petroleum Group (38%)","Shaanxi Youser Group (63%), Shaanxi Yanchang Petroleum Group (38%)"
False,Xiaojiawa Coal Mine,China,1.769273339,Coal,M0384,https://www.gem.wiki/Xiaojiawa_mine,38.394821,111.143913,Shanxi Jinxing Energy Company,"China Huadian (51%), Shanxi Tangrong Investment Company (24.5%), Shanxi Dubao New Energy Group (24.5%)","China Huadian (51%), Shanxi Tangrong Investment Company (24.5%), Shanxi Dubao New Energy Group (24.5%)"
False,Wangjiata Coal Mine,China,1.61328948,Coal,M0367,https://www.gem.wiki/Wangjiata_coal_mine,39.676306,110.001415,Xin Neng Ming Company,"Xin’ao Holding Investment Company (31%), Hongchuang (Shenzhen) Investment Center (10%), Langfang Heyuan Investment Center (8%), Hebei Weiyuan Group (7%), Others (44%)","Xin’ao Holding Investment Company (31%), Hongchuang (Shenzhen) Investment Center (10%), Langfang Heyuan Investment Center (8%), Hebei Weiyuan Group (7%), Others (44%)"
False,Huangling No.2 Coal Mine,China,1.36189944,Coal,M0252,https://www.gem.wiki/Huangling_No.2_Coal_Mine,35.661062,108.91871,Shaanxi Huangling No.2 Coal Mine Company,"Shaanxi Coal and Chemical Industry Group (34%), Jiangsu Yueda Group (45%), Industrial and Commercial Bank of China (21%)","Shaanxi Coal and Chemical Industry Group (34%), Jiangsu Yueda Group (45%), Industrial and Commercial Bank of China (21%)"
False,Dafosi Coal Mine,China,1.360020116,Coal,M0199,https://www.gem.wiki/Dafosi_Coal_Mine,35.062428,107.960069,Shaanxi Bingchang Dafosi Mining Company,"Shaanxi Coal and Chemical Industry Group (56.8%), Binxian Coal Company (5%), Shaanxi Investment Group (5%), Others (33%)","Shaanxi Coal and Chemical Industry Group (56.8%), Binxian Coal Company (5%), Shaanxi Investment Group (5%), Others (33%)"
False,Zaoquan Coal Mine,China,1.05925512,Coal,M0424,https://www.gem.wiki/Zaoquan_Coal_Mine,37.926904,106.53365,China Energy Group Ningxia Coal Industry Co,"National Energy Investment Group (51%), Ningxia State-Owned Capital Operation Group (49%)","China Energy (51%), Ningxia State-Owned Capital Operation Group (49%)"
False,Yangquan No.1 Coal Mine,China,1.210995054,Coal,M0405,https://www.gem.wiki/Yangquan_No.1_Coal_Mine,37.907856,113.517665,Yangquan Coal Industry Group,Yangquan Coal Industry Group,Huayang New Material Technology Group
False,Sandaogou Coal Mine,China,2.262266292,Coal,M1191,https://www.gem.wiki/Fugu_Sandaogou_Coal_Mine,39.218384,110.774205,Shaanxi Deyuan Fugu Energy Company,"National Energy Investment Group (70%), Shaanxi Coal and Chemical Industry Group (30%)","China Energy (70%), Shaanxi Coal and Chemical Industry Group (30%)"
False,Guqiao Coal Mine,China,2.029181352,Coal,M0229,https://www.gem.wiki/Guqiao_Coal_Mine,32.821408,116.545709,Huainan Mining Group,"Huaihe Energy Holding Group (83%), China Cinda Asset Management Company (8%), National Energy Investment Group (3%), Others (6%)","Huaihe Energy (83%), China Cinda Asset Management (8%), China Energy (3%), Others (6%)"
False,Sihe Coal Mine,China,1.00522563,Coal,M2137,https://www.gem.wiki/Sihe_No.2_Coal_Mine,35.533277,112.651247,Jinneng Holding Equipment Manufacturing Group,Jinneng Holding Group,"Jinneng Group (70.06%), China Development Bank（10.29%），China Cinda Asset Management Company (13.65%)"
False,Dananhu No.1 Coal Mine,China,7.16583648,Coal,M0204,https://www.gem.wiki/Dananhu_No.1_Coal_Mine,42.382334,93.018391,State Grid Corporation of China Hami Coal & Energy Company,National Energy Investment Group,China Energy
False,Xiaojihan Coal Mine,China,4.62142758,Coal,M0385,https://www.gem.wiki/Xiaojihan_mine,38.4378,109.5059,Shaanxi Huadian Yuheng Coal & Electricity Company,"China Huadian (79%), Yuling Mining Group (16%), Yulin Yuyang District Energy Investment Company (5%)","China Huadian (79%), Yuling Mining Group (16%), Yulin Yuyang District Energy Investment Company (5%)"
False,Shengli East No.2 Coal Mine,China,4.5936618,Coal,M0336,https://www.gem.wiki/Shengli_East_No.2_open-pit_mine,44.06697,116.22348,Inner Mongolia Datang International Xilinhaote Mining Company,"China Datang (35.34%), HKSCC NOMINEES LIMITED (32.9%), Tianjin Energy Investment Group (7%), Hebei Construction & Investment Group(6.93%), Beijing Energy Group (6.81%), Others(3.27%)","China Datang (35.34%), HKSCC Nominees Limited (32.9%), Tianjin Energy Investment Group (7%), Hebei Construction & Investment Group(6.93%), Beijing Energy Group (6.81%), Others(3.27%)"
False,Shengli East No.2 Coal Mine,China,4.5936618,Coal,M0336,https://www.gem.wiki/Shengli_East_No.2_open-pit_mine,44.06697,116.22348,Inner Mongolia Datang International Xilinhaote Mining Company,"China Datang (35.34%), HKSCC NOMINEES LIMITED (32.9%), Tianjin Energy Investment Group (7%), Hebei Construction & Investment Group(6.93%), Beijing Energy (6.81%), Others (3.27%)","China Datang (35.34%), HKSCC Nominees Limited (32.9%), Tianjin Energy Investment Group (7%), Hebei Construction & Investment Group(6.93%), Beijing Energy (6.81%), Others (3.27%)"
False,Shengli East No.2 Coal Mine,China,4.5936618,Coal,M0336,https://www.gem.wiki/Shengli_East_No.2_open-pit_mine,44.06697,116.22348,Inner Mongolia Datang International Xilinhaote Mining Company,"China Datang (35.34%), HKSCC NOMINEES LIMITED (32.9%), Tianjin Energy Investment Group (7%), Hebei Construction & Investment Group(6.93%), Beijing Energy (6.81%), Others (3.27%)","China Datang (35.34%), HKSCC Nominees Limited (32.9%), Tianjin Energy Investment Group (7%), Hebei Construction & Investment Group(6.93%), Beijing Energy (6.81%), Others (3.27%)"
False,Chahasu Coal Mine,China,4.208464524,Coal,M0190,https://www.gem.wiki/Chahasu_mine,39.302564,109.965281,Guodian & Jiantou Inner Mongolia Energy Investment Company,"National Energy Investment Group (50%), Hebei Construction & Investment Group (50%)","China Energy (50%), Hebei Construction & Investment Group (50%)"
False,Majialiang Coal Mine,China,3.17044332,Coal,M0287,https://www.gem.wiki/Majialiang_Coal_Mine,39.179446,112.420825,Datong Coal Mining Group Xuangang Coal and Electricity,Jinneng Holding Group,"Jinneng Holding Group (88%), Others (12%)"
False,Yushuwan Coal Mine,China,2.82630744,Coal,M0419,https://www.gem.wiki/Yushuwan_Coal_Mine,38.557184,109.897685,Yulin Yushen Yushuwan Coal Mine Company,"Shaanxi Yulin Energy Group (50%), Shenmu Coal Company (20%), Yulin Yuyang Coal Company (20%), Yanchang Oil and Minerals Administration Hengshan Oil Drilling and Production Company (10%)","Shaanxi Yulin Energy Group (50%), Shenmu Coal Company (20%), Yulin Yuyang Coal Company (20%), Yanchang Oil and Minerals Administration Hengshan Oil Drilling and Production Company (10%)"
False,Huangyuchuan Coal Mine,China,2.261021545,Coal,M0253,https://www.gem.wiki/Huangyuchuan_mine,39.67209,111.183497,China Energy Elion Energy Company,"National Energy Investment Group (37%), Elion Group (49%), Others (14%)","China Energy (37%), Elion Group (49%), Others (14%)"
False,Dongzhouyao Coal Mine,China,2.152948235,Coal,M0210,https://www.gem.wiki/Dongzhouyao_mine,40.020636,112.863555,Jinneng Holding Coal Industry Group Dongzhouyao Datong Company,Jinneng Holding Group,Jinneng Group
False,Longwanggou Coal Mine,China,1.922670077,Coal,M0282,https://www.gem.wiki/Longwanggou_mine,39.810538,111.214212,Ordos Guoyuan Mining Development Company,"China Datang Corporation (51%), Luen Mei Group (49%)","China Datang (51%), Luen Mei Group (49%)"
False,Tongxin Coal Mine,China,1.56861936,Coal,M0363,https://www.gem.wiki/Tongxin_Coal_Mine,40.013182,113.103349,Jinneng Holding Group Tongxin Coal Mine Shanxi Company,Jinneng Holding Group Tongxin Coal Mine Shanxi Company,"Jinneng Group (45.62%), China Energy (30%), China Cinda Asset Management Company (21.08%), Others(3.3%)"
False,Xiwan Surface Coal Mine,China,1.529598563,Coal,M0398,https://www.gem.wiki/Xiwan_surface_mine,38.6047,110.064,Shaan Xi Shenyan Coal Company,"National Energy Investment Group (51%), Shaanxi Yanchang Petroleum and Mining Company (49%)","China Energy (51%), Shaanxi Yanchang Petroleum and Mining Company (49%)"
False,Zhangjiamao Coal Mine,China,1.324312968,Coal,M0427,https://www.gem.wiki/Zhangjiamao_Coal_Mine,38.936832,110.402261,"Shaanxi Coal Group, Shenmu Zhangjiamao Mining Company","Shaanxi Coal and Chemical Industry Group (35%), Shenmu State-Owned Assets Operation Company (45%), Others (20%)","Shaanxi Coal and Chemical Industry Group (35%), Shenmu State-Owned Assets Operation Company (45%), Others (20%)"
False,Liuzhuang Coal Mine,China,1.52054364,Coal,M0280,https://www.gem.wiki/Liuzhuang_Coal_Mine,32.805365,116.285412,China Coal Xinji Energy,"China Coal (30%), Guohua Energy Company (7%), Anhui Xinji Coal and Electricity Group (7%), Others (55%)","China Coal (30%), China Energy (7%), Anhui Xinji Coal and Electricity Group (7%), Others (55%)"
False,Menkeqing Coal Mine,China,3.685914936,Coal,M0293,https://www.gem.wiki/Menkeqing_mine,38.901778,109.538887,Zhongtian Hechuang Energy Company,"China Coal (38%), Sinopec (38%), Shenergy (13%), Manshi Group (10%), Others (1%)","China Coal (38%), Sinopec (38%), Shenergy (13%), Manshi Group (10%), Others (1%)"
False,Meihuajing Coal Mine,China,3.49749444,Coal,M0291,https://www.gem.wiki/Meihuajing_Coal_Mine,38.096785,106.718029,China Energy Group Ningxia Coal Industry Company,"China Energy (51%), Ningxia State-Owned Capital Operation Group (49%)","China Energy (51%), Ningxia State-Owned Capital Operation Group (49%)"
False,Shigetai Coal Mine,China,1.19330253,Coal,M0343,https://www.gem.wiki/Shigetai_Coal_Mine,39.412064,110.13213,China Shenhua Energy,"National Energy Investment Group (69%), HKSCC Nominees Limited (17%), Others (14%)","China Energy (69%), HKSCC Nominees Limited (17%), Others (14%)"
False,Yangchangwan No.1 Well Coal Mine,China,1.0738992,Coal,M0403,"https://www.gem.wiki/Yangchangwan_Coal_Mine,_No.1_Well",38.08372,106.642094,China Energy Group Ningxia Coal Industry Company,"Inner Mongolia Yitai Group (52%), Guangdong Energy (24%), Beijing Jingneng Power Company (24%)","China Energy (51%), Ningxia State-Owned Capital Operation Group (49%)"
False,Zhangji Coal Mine,China,2.193932928,Coal,M0426,https://www.gem.wiki/Zhangji_Coal_Mine,32.746348,116.515103,Huainan Mining Group,"Huaihe Energy Holding Group (83%), China Cinda Asset Management Company (8%), National Energy Investment Group (3%), Others (6%)","Huaihe Energy (83%), China Cinda Asset Management Company (8%), China Energy (3%), Others (6%)"
False,Hulusu Coal Mine,China,3.963176184,Coal,M0255,https://www.gem.wiki/Hulusu_coal_mine,39.047968,109.500809,Zhongtian Hechuang Energy Company,"China Coal (38%), Sinopec (38%), Shenergy (13%), Manshi Group (10%), Others (1%)","China Coal (38%), Sinopec (38%), Shenergy (13%), Manshi Group (10%), Others (1%)"
False,Baode Coal Mine,China,1.65844206,Coal,M0178,https://www.gem.wiki/Baode_Coal_Mine,38.950871,111.089441,China Shenhua Energy,"National Energy Investment Group (69%), HKSCC Nominees Limited (17%), Others (14%)","China Energy (69%), HKSCC Nominees Limited (17%), Others (14%)"
False,Tashan Coal Mine,China,9.003555,Coal,M0358,https://www.gem.wiki/Tashan_Coal_Mine,39.924229,113.070254,Datong Datang Tashan Coal Mining Company,"Jinneng Holding Group (41%), China Datang (9%), HKSCC Nominees Limited (9%), Others (41%)","Jinneng Group (41%), China Datang (9%), HKSCC Nominees Limited (9%), Others (41%)"
False,Hongqinghe Coal Mine,China,5.707042044,Coal,M0243,https://www.gem.wiki/Hongqinghe_coal_mine,39.292114,109.684071,Inner Mongolia Yitai Guanglian Coal Chemical Company,"Inner Mongolia Yitai Group (90%), Inner Mongolia Guanglian Minzu Economic Development Company (5%), Inner Mongolia Coal Field Geological Bureau (5%)","Inner Mongolia Yitai Investment (90%), Inner Mongolia Guanglian Minzu Economic Development Company (5%), Inner Mongolia Coal Field Geological Bureau (5%)"
False,Xiaobaodang No.1 Coal Mine,China,3.783542136,Coal,M0382,https://www.gem.wiki/Xiaobaodang_No.1_mine,38.756195,109.893889,Shaanxi Xiaobaodang Mining Company,"Shaanxi Investment Group (40%), Shaanxi Coal and Chemical Industry Group (38%), Others (22%)","Shaanxi Coal and Chemical Industry Group (55%), Shaanxi Investment Group (28%), Others (17%)"
False,Hongliulin Coal Mine,China,3.08990088,Coal,M0242,https://www.gem.wiki/Hongliulin_Coal_Mine,38.935223,110.400815,"Shaanxi Coal Group, Shenmu Hongliulin Mining Company","Shaanxi Coal and Chemical Industry Group (32%), Shenmu County State-Owned Assets Operation Company (24%), Shaanxi Yulin Energy Group (25%), China Development Bank (19%)","Shaanxi Coal and Chemical Industry Group (32%), Shenmu County State-Owned Assets Operation Company (24%), Shaanxi Yulin Energy Group (25%), China Development Bank (19%)"
False,Buliangou Coal Mine,China,1.820015076,Coal,M0187,https://www.gem.wiki/Buliangou_Coal_Mine,40.012229,111.336127,Inner Mongolia Mengtai Buliangou Coal Industry Company,"Inner Mongolia Mengtai Group (49%), China Huadian (35%), Others (16%)","Inner Mongolia Mengtai Group (49%), China Huadian (35%), Others (16%)"
False,Huojitu Well Of Daliuta Coal Mine,China,1.13336496,Coal,M0256,https://www.gem.wiki/Huojitu_Well_of_Daliuta_Coal_Mine,39.259312,110.224368,China Shenhua Energy,"National Energy Investment Group (69%), HKSCC Nominees Limited (17%), Others (14%)","China Energy (69%), HKSCC Nominees Limited (17%), Others (14%)"
False,Shangwan Coal Mine,China,1.78657776,Coal,M0326,https://www.gem.wiki/Shangwan_Coal_Mine,39.217545,110.007346,China Shenhua Energy,"National Energy Investment Group (69%), HKSCC Nominees Limited (17%), Others (14%)","China Energy (69%), HKSCC Nominees Limited (17%), Others (14%)"
False,Halagou Coal Mine,China,1.25939088,Coal,M0231,https://www.gem.wiki/Halagou_Coal_Mine,39.232488,110.076802,China Shenhua Energy,"National Energy Investment Group (69%), HKSCC Nominees Limited (17%), Others (14%)","China Energy (69%), HKSCC Nominees Limited (17%), Others (14%)"
False,Ningtiaota Coal Mine,China,4.0149186,Coal,M0301,https://www.gem.wiki/Ningtiaota_coal_mine,39.030282,110.250253,"Shaanxi Coal Group, Shenmu Ningtiaota Mining Company","Shaanxi Coal and Chemical Industry Group (32%), Yulin State-Owned Capital Operation and Management Company (25%), Shenmu City State-Owned Assets Operation Company (24%), Others (19%)","Shaanxi Coal and Chemical Industry Group (32%), Yulin State-Owned Capital Operation and Management Company (25%), Shenmu City State-Owned Assets Operation Company (24%), Others (19%)"
False,Jinjie Coal Mine,China,3.85139304,Coal,M0267,https://www.gem.wiki/Jinjie_coal_mine,38.742365,110.171171,China Energy Jinjie Energy Company,"National Energy Investment Group (49%), State Grid Corporation of China (30%), Others (21%)","China Energy (49%), State Grid Corporation of China (30%), Others (21%)"
False,Suancigou Coal Mine,China,2.077994952,Coal,M0351,https://www.gem.wiki/Suancigou_coal_mine,39.705785,111.205624,Inner Mongolia Yitai Jingyue Suancigou Mining Company,"Inner Mongolia Yitai Group (25%), Guangdong Hengjian Investment Holdings Company (15%), China Huaneng (5%), Beijing Energy (10%), Others (45%)","Inner Mongolia Yitai Group (52%), Shanxi Yuedian Energy (24%), Beijing Jingneng Power Company (24%)"
False,Daliuta Coal Mine,China,1.207160328,Coal,M0202,https://www.gem.wiki/Shenhua_Daliuta_coal_mine,39.263103,110.234325,China Shenhua Energy,"National Energy Investment Group (69%), HKSCC Nominees Limited (17%), Others (14%)","China Energy (69%), HKSCC Nominees Limited (17%), Others (14%)"
False,Buertai Coal Mine,China,4.515258,Coal,M0186,https://www.gem.wiki/Buertai_Coal_Mine,39.495115,109.973302,China Shenhua Energy Company,"National Energy Investment Group (69%), HKSCC Nominees Limited (17%), Others (14%)","China Energy (69%), HKSCC Nominees Limited (17%), Others (14%)"
False,Pingshuo East Coal Mine,China,2.64996711,Coal,M0306,https://www.gem.wiki/Pingshuo_East_open-pit_mine,39.550649,112.442337,China Coal Pingshuo Group,China Coal,"China Coal (57%), HKSCC Nominees Limited (30%), Others (13%)"
False,Baiyinhua No.3 Surface Mine,China,1.5792966,Coal,M0176,https://www.gem.wiki/Baiyinhua_No.3_Surface_Mine,44.897826,118.615908,Inner Mongolia Baiyinhua Mengdong Surface Coal Industry Company,"State Power Investment Corporation (SPIC) (43%), Huolinhe Coal Industry Group (23%), Industrial and Commercial Bank of China (33%)","State Power Investment Corporation (SPIC) (43%), Huolinhe Coal Industry Group (23%), Industrial and Commercial Bank of China (33%)"
False,Yimin Surface Coal Mine,China,2.0336148,Coal,M1243,https://www.gem.wiki/Yimin_open-pit_mine,48.588717,119.757048,Huaneng Yimin Coal and Electricity Company,China Huaneng,China Huaneng
False,Antaibao Surface Mine,China,1.19837388,Coal,M0166,https://www.gem.wiki/Antaibao_open-pit_mine,39.474754,112.311939,China Coal Pingshuo Group,China Coal,"China Coal (57%), HKSCC Nominees Limited (30%), Others (13%)"
False,Shenhua Bulianta Coal Mine,China,2.22313896,Coal,M0340,https://www.gem.wiki/Shenhua_Bulianta_Coal_Mine,39.354814,110.168084,China Shenhua Energy,"National Energy Investment Group (69%), HKSCC Nominees Limited (17%), Others (14%)","China Energy (69%), HKSCC Nominees Limited (17%), Others (14%)"
False,Anjialing Open-Pit Mine,China,1.04461104,Coal,M0165,https://www.gem.wiki/Anjialing_open-pit_mine,39.449488,112.360569,China Coal Pingshuo Group,China Coal,"China Coal (57%), HKSCC Nominees Limited (30%), Others (13%)"
False,Shenhua Heidaigou Surface Coal Mine,China,2.72080242,Coal,M0341,https://www.gem.wiki/Shenhua_Heidaigou_Surface_Mine,39.794309,111.254573,Shenhua Junggar Energy,"National Energy Investment Group (40%), China Cinda Asset Management Company (42%), Others (18%)","China Energy (40%), China Cinda Asset Management Company (42%), Others (18%)"
False,Haerwusu Surface Mine,China,2.0804889,Coal,M0230,https://www.gem.wiki/Haerwusu_Surface_Mine,39.731044,111.258324,China Shenhua Energy,"National Energy Investment Group (69%), HKSCC Nominees Limited (17%), Others (14%)","China Energy (69%), HKSCC Nominees Limited (17%), Others (14%)"
False,Shenhua Baorixile Surface Coal Mine,China,1.5660757,Coal,M0339,https://www.gem.wiki/Shenhua_Baorixile_Surface_Mine,49.391925,119.746017,China Energy Baorixile Energy Company,"National Energy Investment Group (39%), Guangda Holding Company (17%), China National Petroleum Corporation (9%), Changchun Jijun Trade Company (2%), Others (33%)","China Energy (39%), Guangda Holding Company (17%), China National Petroleum Corporation (9%), Changchun Jijun Trade Company (2%), Others (33%)"
True,Dahaize Coal Mine,China,7.993471068,Coal,M0200,https://www.gem.wiki/Dahaize_coal_mine,38.422179,109.277001,China Coal Shaanxi Yulin Energy Chemical Company,China Coal,China Coal
True,Jiangjun Gebi No.2 Coal Mine,China,7.83946416,Coal,M0259,https://www.gem.wiki/Jiangjun_Gebi_No.2_Surface_Mine,44.650514,90.12045,Xinjiang Tianchi Energy,"Tebian Electric Apparatus (TBEA) (86%), Xinjiang Joinworld Company (14%)","Tebian Electric Apparatus (TBEA) (86%), Xinjiang Joinworld Company (14%)"
True,Balasu Coal Mine,China,6.401171436,Coal,M0177,https://www.gem.wiki/Balasu_mine,38.265057,109.208519,Shaanxi Yanchang Petroleum and Balasu Coal Industry Company,Shaanxi Yanchang Petroleum Group,"Shaanxi Yanchang Petroleum Group 84%, Others 16%"
True,Baijia Haizi Coal Mine,China,4.961658372,Coal,M0168,https://www.gem.wiki/Baijia_Haizi_coal_mine,38.356604,108.950826,Inner Mongolia Ordos Lianhai Coal Industry Company,"Inner Mongolia Huineng Coal and Electricity Group (60%), Inner Mongolia Ordos Investment Holding Group (38%), Bayannaoer Zhuoyue Building Materials Company (1%)","Inner Mongolia Huineng Coal and Electricity Group (60%), Inner Mongolia Ordos Investment Holding Group (38%), Bayannaoer Zhuoyue Building Materials Company (1%)"
True,Xinwen Ili No.1 Coal Mine,China,4.488654588,Coal,M0396,https://www.gem.wiki/Xinwen_Ili_No.1_mine,43.546231,80.961116,Xinwen Mine Industry Group Ili Energy Development Company,Shandong Energy Group,Shandong Energy
True,Shilawusu Coal Mine,China,3.884098152,Coal,M0344,https://www.gem.wiki/Shilawusu_mine,39.018006,109.621986,Inner Mongolia Haosheng Coal Industry Company,"Yankuang Group (77%), Shanghai Huayi Group (19%), Jiutai Energy (2%), Jinchengtai Limited Liability Company Of Chemical Industry of Ordos City (1%), Others (1%)","Shandong Energy (77%), Shanghai Huayi Group (19%), Jiutai Energy (2%), Jinchengtai Limited Liability Company Of Chemical Industry of Ordos City (1%), Others (1%)"
True,Yingpanhao Coal Mine,China,3.75986754,Coal,M0410,https://www.gem.wiki/Yingpanhao_Coal_Mine,38.467484,108.945391,Erdos Yingpanhao Coal Industry Company,Yanzhou Coal Mining Company,"Shandong Energy (82%), Other (28%)"
True,Dananhu No. 7 Coal Mine,China,3.63173184,Coal,M1112,https://www.gem.wiki/Dananhu_No._7_Mine,42.383,93.0205,Guotou Hami Eenergy Development Company,"China Reform Holdings Company (36%), China Chengtong Holdings Group (20%), China Coal (29%), National Energy Investment Group (15%)","China Reform Holdings Company (36%), China Chengtong Holdings Group (20%), China Coal (29%), China Energy (15%)"
True,Zhundong Surface Mine,China,3.53166396,Coal,M0438,https://www.gem.wiki/Zhundong_Surface_Mine_(Wucaiwan_No.3_Surface_Mine,44.836767,89.148398,China Energy Xinjiang Zhundong Energy Company,National Energy Investment Group,China Energy
True,Qinghua No.7 Coal Mine,China,3.37546044,Coal,M0310,https://www.gem.wiki/Qinghua_No.7_coal_mine,44.004615,81.380651,Qinghua Group Yili Mining Investment Company,China Kingho Energy Group,China Kingho Energy Group
True,Shaanxi Caojiatan Coal Mine,China,3.336897696,Coal,M0319,https://www.gem.wiki/Shaanxi_Caojiatan_coal_mine,38.556704,109.898777,Shaanxi Coal Caojiatan Mining Company,"Shaanxi Coal and Chemical Industry Group (51%), Shaanxi Financial Holding Group (23%), Yulin City Yuyang District Energy Investment Company (12%), Yulin State-Owned Asset Operation and Management Company (8%), Shenmu County State-Owned Asset Management Company (5%)","Shaanxi Coal and Chemical Industry Group (51%), Shaanxi Financial Holding Group (23%), Yulin City Yuyang District Energy Investment Company (12%), Yulin State-Owned Asset Operation and Management Company (8%), Shenmu County State-Owned Asset Management Company (5%)"
True,Wucaiwan No.1 Coal Mine,China,3.336165492,Coal,M0375,https://www.gem.wiki/Wucaiwan_No.1_coal_mine,44.777239,89.098488,Xinjiang Guotai Xinhua Wucaiwan Mining Industry Company,"Beijing Guotai Xinhua Industrial Company (19%), Xinjiang Changyuan Water Group (14%), Xinjiang Xinhua Hydropower Investment Company (14%), Xinjiang Energy Group (5%), Others (42%)","Beijing Guotai Xinhua Industrial Company (19%), Xinjiang Changyuan Water Group (14%), Xinjiang Xinhua Hydropower Investment Company (14%), Xinjiang Energy Group (5%), Others (42%)"
True,Hetaoyu Coal Mine,China,3.00081606,Coal,M0238,https://www.gem.wiki/Hetaoyu_mine,35.269947,107.946376,China Huaneng Gansu Energy Development Company,China Huaneng,China Huaneng
True,Taran Gaole Coal Mine,China,2.928816,Coal,M0357,https://www.gem.wiki/Taran_Gaole_coal_mine,39.996232,109.205991,China Energy,National Energy Investment Group,China Energy
True,Dalaihushuo Coal Mine,China,2.875609176,Coal,M0201,https://www.gem.wiki/Dalaihushuo_coal_mine,45.382698,119.486564,Inner Mongolia Jimei Mining Industry Company,"Jilin Province Coal Industry Group (41%), Tibet Hengyisheng Investment Company (39%), Fude Life Insurance Company (20%)","Jilin Province Coal Industry Group (41%), Tibet Hengyisheng Investment Company (39%), Fude Life Insurance Company (20%)"
True,Dananhu West No.2 Coal Mine,China,2.74804677,Coal,M0206,https://www.gem.wiki/Dananhu_West_No.2_open-pit_mine,42.380815,92.96712,State Grid Corporation of China Hami Coal & Energy Company,China Energy Investment Corporation,China Energy
True,Shitoumei No.1 Coal Mine,China,2.416834556,Coal,M0345,https://www.gem.wiki/Shitoumei_No.1_open_pit_coal_mine,44.271559,93.057426,Xinjiang Energy Group,Xinjiang Energy Group,Xinjiang Energy Group
True,Xinzhuang Coal Mine,China,2.299511069,Coal,M0397,https://www.gem.wiki/Xinzhuang_mine,35.265896,107.912029,Qingyang Xinzhuang Coal Industry Company,China Huaneng,China Huaneng
True,Inner Mongolia Erlintu Coal Mine,China,2.228926603,Coal,M0258,https://www.gem.wiki/Inner_Mongolia_Erlintu_mine,39.217439,110.006028,Inner Mongolia Huineng Group Er Lin Tu Coal Company,"Inner Mongolia Huineng Coal and Electricity Group (55%), Shenmu Taide Energy Investment Company (17%), Inner Mongolia Kaiyuan Shiye Group (10%), Shendong Tianlong Group (9%), Erdos Jiuyuan Investment Company (2%), Others (7%)","Inner Mongolia Huineng Coal and Electricity Group (55%), Shenmu Taide Energy Investment Company (17%), Inner Mongolia Kaiyuan Shiye Group (10%), Shendong Tianlong Group (9%), Erdos Jiuyuan Investment Company (2%), Others (7%)"
True,Jinjitan Coal Mine,China,2.192462844,Coal,M0268,https://www.gem.wiki/Jinjitan_Coal_Mine,38.506707,109.819371,Shaanxi Future Energy Chemical Company,"Yankuang Group (62%), Shaanxi Yanchang Petroleum Group (19%), Jiaxing Dejian Investment Partnership (5%), Others (14%)","Shandong Energy (62%), Shaanxi Yanchang Petroleum Group (19%), Jiaxing Dejian Investment Partnership (5%), Others (14%)"
True,Pangpangta Coal Mine,China,2.180771987,Coal,M0305,https://www.gem.wiki/Pangpangta_Coal_Mine,37.998811,111.13841,"Huozhou Coal Power Group, Lu Ling Energy and Chemical Company","Shanxi Coking Coal Group (58%), China Cinda Asset Management Company (36%), China Construction Bank (4%)","Shanxi Coking Coal Group (58%), China Cinda Asset Management Company (36%), China Construction Bank (4%)"
True,Guojiatan Coal Mine,China,2.1613851,Coal,M0227,https://www.gem.wiki/Guojiatan_coal_mine,38.611469,109.809687,Shaanxi Yulin Energy Group Guojiatan Mining Company,State-Owned Assets Supervision and Administration Commission of Yulin Municipal People's Government,Shaanxi Yulin Energy Group
True,Boli Coal Mine,China,2.0209497,Coal,M0184,https://www.gem.wiki/Boli_Coal_Mine,37.427284,113.576734,Yangquan Coal Industry Group Boli Coal Mine Company,"Shanxi Chuangri New Energy Investment Company (30%), Shanxi State-Owned Capital Investment Operation Company (41%), China Cinda Asset Management Company (24%), Others (5%)","Shanxi Huayang Group New Energy Company (70%), Shanxi Chuangrei New Energy Investment Company (30%)"
True,Xiaobaodang No.2 Coal Mine,China,1.934043646,Coal,M0383,https://www.gem.wiki/Xiaobaodang_No.2_mine,38.756195,109.893889,Shaanxi Xiaobaodang Mining Company,"Shaanxi Investment Group (40%), Shaanxi Coal and Chemical Industry Group (38%), Others (22%)","Shaanxi Coal and Chemical Industry Group (55%), Shaanxi Investment Group (28%), Others (17%)"
True,Zhaoshipan Coal Mine,China,1.933750764,Coal,M0429,https://www.gem.wiki/Zhaoshipan_coal_mine,37.909105,109.094503,Shaanxi Energy Zhaoshipan Coal Power Company,"Shaanxi Investment Group (54%), Yulin City Finance Investment Management Company (20%), Shaanxi Yulin Energy Group (20%), Others (6%)","Shaanxi Investment Group (54%), Yulin City Finance Investment Management Company (20%), Shaanxi Yulin Energy Group (20%), Others (6%)"
True,Madaotou Coal Mine,China,1.8353013,Coal,M0286,https://www.gem.wiki/Madaotou_coal_mine,39.840587,112.655069,Datong Coal Mine Group Madaotou Coal Industry Company,"Shanxi State-Owned Capital Investment Operation Company (61%), China Cinda Asset Management Company (30%), Others (9%)",Jinneng Group
True,Chagannur No.1 Coal Mine,China,1.73650512,Coal,M0189,https://www.gem.wiki/Chagannur_No.1_coal_mine,43.553884,115.167883,Xilingol Fengfeng Energy Company,"Jizhong Energy Group (48%), China Huarong Asset Management Company (2%), China Energy Investment Corporation (49%), Others (1%)","Jizhong Energy Group (48%), China Huarong Asset Management Company (2%), China Energy Investment Corporation (49%), Others (1%)"
True,Muduchaideng Coal Mine,China,1.719483467,Coal,M0295,https://www.gem.wiki/Muduchaideng_Coal_Mine,38.837173,109.468665,Erdos Yihua Mining Resources Company,"China Coal (66%), Inner Mongolia Boyuan Holdings Group (11%), Others (23%)","China Coal (66%), Inner Mongolia Boyuan Holdings Group (11%), Others (23%)"
True,Qiyuan Coal Mine,China,1.71387033,Coal,M0313,https://www.gem.wiki/Qiyuan_coal_mine,37.887028,113.24403,Yangquan Coal Industry Group Qiyuan Coal Industry Company,Shanxi Huayang Group New Energy Company,Huayang New Material Technology Group
True,Nalin River No.2 Coal Mine,China,1.674721396,Coal,M0296,https://www.gem.wiki/Nalin_River_No.2_mine,38.060343,108.973298,Wushenqi Mengda Mining Company,"China Coal (66%), Inner Mongolia Boyuan Holdings Group (11%), Others (23%)","China Coal (66%), Inner Mongolia Boyuan Holdings Group (11%), Others (23%)"
True,Shengli No.1 Open-Pit Coal Mine,China,1.6129498,Coal,M0337,https://www.gem.wiki/Shengli_No.1_open-pit_mine,44.002945,116.00678,China Energy Beidian Shengli Energy,"National Energy Investment Group (69%), HKSCC Nominees Limited (17%), Others (14%)","China Energy (46%), China Huaneng(26%), Others(28%)"
True,Yadian Coal Mine,China,1.49064531,Coal,M0401,https://www.gem.wiki/Yadian_Coal_Mine,35.217077,107.969668,Bin County Coal Company,Bin County Coal Company,Bin County Coal Company
True,Taohe Coal Mine,China,1.413495415,Coal,M0356,https://www.gem.wiki/Taohe_coal_mine,46.798152,85.710006,Hoboksar Mongol Autonomous County Huadi Mining Company,Shandong First Geological and Mineral Exploration Institute,Shandong First Geological and Mineral Exploration Institute
True,Sanjiao No.1 Coal Mine,China,1.384573357,Coal,M0316,https://www.gem.wiki/Sanjiao_No.1_Coal_Mine,37.786314,111.066045,Shanxi Jinmei Taigang Energy Company,"Shanxi State-Owned Capital Investment and Operation Company (80%), China Development Bank Capital (10%), China Cinda Asset Management (8%), Others (2%)",Jinneng Group
True,Zhong Yu Coal Mine,China,1.371608238,Coal,M0434,https://www.gem.wiki/Zhong_Yu_coal_mine,36.45315,112.238487,Huozhou Coal and Electricity Group,Huozhou Coal and Electricity Group,"Shanxi Coking Coal Group (41.30%), China Cinda Asset Management Company (26%), Others (32.7%)"
True,Mengcun Coal Mine,China,1.363070966,Coal,M0292,https://www.gem.wiki/Mengcun_Coal_Mine,35.146834,107.933183,Shaanxi Binchang Mengcun Mining Group,"Shaanxi Coal and Chemical Industry Group (45%), China Development Bank (6%), Others (49%)","Shaanxi Coal and Chemical Industry Group (45%), China Development Bank (6%), Others (49%)"
True,Wenjiazhuang Coal Mine,China,1.255168504,Coal,M0372,https://www.gem.wiki/Wenjiazhuang_Coal_Mine,37.976647,113.182795,Shanxi Pingshu Coal Industry Company,"Yang Quan Coal Industry Group (32%), Jinneng Group (21%), Shanxi Boda Group (9%), Shanxi Provincial Coal Industry Agency Service Center (7%), Beijing Sunshine Ruita Investment Consulting Company (4%), Others (27%)","Yang Quan Coal Industry Group (32%), Jinneng Group (21%), Shanxi Boda Group (9%), Shanxi Provincial Coal Industry Agency Service Center (7%), Beijing Sunshine Ruita Investment Consulting Company (4%), Others (27%)"
True,Yuwang No.1 Coal Mine,China,1.252568876,Coal,M0420,https://www.gem.wiki/Yuwang_No.1_Coal_Mine,25.102178,104.615702,Huaneng Diandong Mining Company,"China Huaneng (34%), Shanghua Investment Company (8%), HKSCC Nominees Limited (25%), HeBei Construction & Investment Group (3%), Others (30%)","China Huaneng (34%), Shanghua Investment Company (8%), HKSCC Nominees Limited (25%), HeBei Construction & Investment Group (3%), Others (30%)"
True,Baiyanghe Coal Mine,China,1.23986544,Coal,M0172,https://www.gem.wiki/Baiyanghe_coal_mine,44.048539,88.529268,Xinjiang Mingji Energy Company,"Shandong Lutai Holding Group (75%), Ming Kei Energy Investment Company (25%)","Shandong Lutai Holding Group (75%), Ming Kei Energy Investment Company (25%)"
True,Xinjiang Hongshan Coal Mine,China,1.204817275,Coal,M0393,https://www.gem.wiki/Xinjiang_Hongshan_Coal_Mine,46.501086,86.043581,Xukuang Group Xinjiang Sai'er Energy Company,Xuzhou Coal Mining Group,Xuzhou Coal Mining Group
True,Talike District No. 2 Coal Mine,China,1.1349162,Coal,M0354,https://www.gem.wiki/Talike_District_No._2_Mine,41.979907,84.378789,Bazhou Dongchen Industry and Trade Company,Bazhou Dongchen Industry and Trade Company,Bazhou Dongchen Industry and Trade Company
True,Changcheng No.3 Coal Mine,China,1.12311012,Coal,M0192,https://www.gem.wiki/Changcheng_No.3_coal_mine,38.369137,106.57545,Otog Front Banner Changcheng No.3 Mining Company,"Shandong Energy (43%), State Grid Company (10%), China Huadian Group (16%), Others (30%)","Shandong Energy (43%), State Grid Company (10%), China Huadian Group (16%), Others (30%)"
True,Wangwa Coal Mine,China,1.072190724,Coal,M0368,https://www.gem.wiki/Wangwa_Coal_Mine,36.163732,106.616037,Ningxia Wangwa Coal Industry Company,Ningxia Wangwa Coal Industry Company,Ningxia Wangwa Coal Industry Company
True,Ba Leng Coal Mine,China,1.071360893,Coal,M0167,https://www.gem.wiki/Ba_Leng_coal_mine,38.474786,106.668299,Etuoke Qianqi Hengyuan Investment Industrial Company,Shanxi Jincheng Anthracite Coal Industry Group,Jinneng Group
True,Longwan Coal Mine,China,1.035854829,Coal,M0281,https://www.gem.wiki/Longwan_coal_mine,35.581287,112.222324,Shanxi Jinmei Qinxiulong Bay Energy Company,"Shanxi Jincheng Anthracite Coal Industry Group (44%), Yangquan Coal Industry Group (18%), Yangcheng County Yangtai Group (21%), Shanxi Yujin Trading Company (9%), Shanxi Juhuang Century Investment Company (6%), Others (2%)","Jinneng Group (44%), Huayang New Material Technology Group (18%), Yangcheng County Yangtai Group (21%), Shanxi Yujin Trading Company (9%), Shanxi Juhuang Century Investment Company (6%), Others (2%)"
True,Shanxi Dongda Coal Mine,China,1.02996696,Coal,M0329,https://www.gem.wiki/Shanxi_Dongda_Coal_Mine,35.726066,112.424415,Shanxi Coal Transportation and Sale Group Dongda Energy Company,Jinneng Group,Jinneng Group
True,Hongshuliang Coal Mine,China,1.013931692,Coal,M0248,https://www.gem.wiki/Hongshuliang_Coal_Mine,39.452624,111.290036,Inner Mongolia Kailuan Hongfeng Coal Company,"Kailuan Group (60%), Inner Mongolia Shengli Resource Group (16%), Erdos Chunhui Forest Company (12%), Junggar Juli Cultivation Company (12%)","Kailuan Group (60%), Inner Mongolia Shengli Resource Group (16%), Erdos Chunhui Forest Company (12%), Junggar Juli Cultivation Company (12%)"
True,West Well of Faer Second Coal Mine,China,1.00573044,Coal,M0374,https://www.gem.wiki/West_Well_of_Faer_Second_Mine,26.31898,104.753785,Guizhou Panjiang Hengpu Coal Industry Company,"Guizhou Panjiang Coal and Electricity Group (58%), Yankuang Group (12%), Guizhou Coalfield Geology Bureau (10%), Others (20%)","Guizhou Panjiang Coal and Electricity Group (58%), Shandong Energy (12%), Guizhou Coalfield Geology Bureau (10%), Others (20%)"
False,Pribbenow Coal Mine,Colombia,1.36922148,Coal,M0443,https://www.gem.wiki/Pribbenow_coal_mine,9.575297,-73.484914,Drummond Limited,Drummond International (100%),Drummond Company (100%)
False,El Descanso Coal Mine,Colombia,4.149156,Coal,M0441,https://www.gem.wiki/El_Descanso_mine,9.7050912,-73.5231884,Drummond Limited,Drummond International (100%),Drummond Company (100%)
False,Cerrejón Coal Mine,Colombia,2.40895116,Coal,M0440,https://www.gem.wiki/Cerrejon_coal_mine,11.033968,-72.662926,Cerrejón Coal Company,Glencore,Glencore
True,San Juan Coal Mine,Colombia,1.64013696,Coal,M0445,https://www.gem.wiki/San_Juan_Mine_(Colombia),10.7691665,-73.0183361,Best Coal Company (BCC),Yildirim Holding AS,Yildirim Holding AS
False,Garzweiler Coal Mine,Germany,1.32209,Coal,M0452,https://www.gem.wiki/Garzweiler_mine,51.0839989,6.4529844,RWE Power,Stirakia Holdings,RWE Power
False,Hambach Coal Mine,Germany,1.7054961,Coal,M0453,https://www.gem.wiki/Hambach_mine,50.891826,6.5734464,RWE Power,RWE Power,RWE Power
False,West Macedonia Lignite Centre (WMLC),Greece,2.16342,Coal,M0462,https://www.gem.wiki/Western_Macedonia_Lignite_Centre,40.448222,21.783496,Public Power Corporation of Greece S.A,Public Power Corporation of Greece S.A,Public Power Corporation of Greece S.A
False,Kaniha Coal Mine,India,1.19693511,Coal,M0552,https://www.gem.wiki/Talcher_coal_mines,21.095844,85.079292,Mahanadi Coalfields Limited (MCL),Coal India,Coal India
False,Rajmahal Coal Mine,India,5.83210719,Coal,M0617,https://www.gem.wiki/Rajmahal_coal_mines,25.038,87.3538,Eastern Coalfields Limited (ECL),Coal India,Coal India
False,Talaipalli Coal Mine,India,1.53294876,Coal,M0640,https://www.gem.wiki/Talaipalli_coal_mine,22.17758,83.355201,National Thermal Power Corporation,National Thermal Power Corporation,National Thermal Power Corporation
False,Moher Amlohri Coal Mine,India,1.04436675,Coal,M0580,https://www.gem.wiki/Moher-Amlori_Extension_coal_mine,24.135,82.599444,Sasan Power,Reliance Power,Reliance Power
False,Lakhanpur Coal Mine,India,1.5179997,Coal,M0566,https://www.gem.wiki/Lakhanpur_coal_mine,21.7451,83.8401,Mahanadi Coalfields Limited (MCL),Coal India,Coal India
False,Dipka Coal Mine,India,1.1718525,Coal,M0513,https://www.gem.wiki/Dipka_coal_mine,22.345077,82.544192,South Eastern Coalfields Limited (SECL),Coal India,Coal India
False,Gevra Coal Mine,India,2.43019602,Coal,M0527,https://www.gem.wiki/Gevra_coal_mine,22.336312,82.545748,South Eastern Coalfields Limited (SECL),Coal India,Coal India
False,Kusmunda Coal Mine,India,1.1502183,Coal,M0564,https://www.gem.wiki/Kusmunda_coal_mine,22.332635,82.666666,South Eastern Coalfields Limited (SECL),Coal India,Coal India
True,Siarmal Coal Mine,India,1.8605412,Coal,M0632,https://www.gem.wiki/Siarmal_coal_mine,22.043469,83.733619,Mahanadi Coalfields Limited (MCL),Coal India,Coal India
True,Kerandari BC,India,1.83304,Coal,M3877,https://www.gem.wiki/Kerendari_coal_mine,23.9125,85.0875,NTPC Mining Limited,National Thermal Power Corporation Limited. (NTPC),Government of India
True,"Integrated Belpahar, Lakhanpur, Lilari Coal Mine",India,1.5167978,Coal,M0535,https://www.gem.wiki/Integrated_Belpahar-Lakhanpur-Lilari_Project,21.771004,83.854397,Mahanadi Coalfields Limited (MCL),Coal India,Coal India
True,Balaram Coal Mine,India,1.37311524,Coal,M0478,https://www.gem.wiki/Balaram_coal_mine,20.962009,85.178092,Mahanadi Coalfields Limited (MCL),Coal India,Coal India
True,Gare Pelma Sector II,India,1.3103,Coal,M0519,https://www.gem.wiki/Gare_Palma_I_coal_mine,22.11866,83.53358,Gujarat State Electricity Corporation,Gujarat State Electricity Corporation,Gujarat State Electricity Corporation
True,Banhardih,India,1.106,Coal,M3857,https://www.gem.wiki/Banhardih_coal_mine,23.723081,84.576412,Patratu Vidyut Utpadan Nigam Limited (PVUNL),"National Thermal Power Corporation Limited. (NTPC) (74%), JBVNL (26%)",Government of India
True,Bankui,India,1.6,Coal,M2545,https://www.gem.wiki/Barkui_Coal_Mine,22.1958,78.6875,Western Coalfields Limited (WCL),Coal India,Coal India
True,Mandakini B,India,1.31316,Coal,M1256,https://www.gem.wiki/Mandakini_B_coal_mine,21.071001,84.934995,National Thermal Power Corporation,National Thermal Power Corporation,National Thermal Power Corporation
True,Saharpur Jamarpani,India,1.048,Coal,M1257,https://www.gem.wiki/Saharpur-Jamarpani_Coal_Mine,24.225,87.6,Rajya Vidyut Utpadan Nigam,Uttar Pradesh Rajya Vidyut,Uttar Pradesh Rajya Vidyut
False,MHU Coal Mine,Indonesia,1.07524368,Coal,M0682,https://www.gem.wiki/Multi_Harapan_Utama_coal_mine,-0.534905,117.032835,Multi Harapan Utama,Private Resources Limited,Private Resources Limited
False,Indexim Coalindo Coal Mine,Indonesia,1.11338577,Coal,M0672,https://www.gem.wiki/Indexim_Coalindo_coal_mine,0.894663,117.80553,Indexim Coalindo,Indexim Coalindo,Indexim Coalindo
False,PTBA Coal Mines,Indonesia,8.89417848,Coal,M0691,https://www.gem.wiki/Bukit_Asam_(Persero)_coal_mines,-3.739981,103.768323,Bukit Asam (Persero),Bukit Asam (Persero),Indonesia Asahan Aluminium
False,BIB Coal Mine,Indonesia,1.07342739,Coal,M0661,https://www.gem.wiki/Boneo_Indobara_coal_mine,-3.700239,115.559833,Boneo Indobara,Golden Energy Mines,Golden Energy Mines
False,Pasir Coal Mine,Indonesia,0.97534773,Coal,M0688,https://www.gem.wiki/Pasir_coal_mine,-1.890937,115.871586,Kideco Jaya Agung,Kideco Jaya Agung,Indika Energy
False,Tutupan Coal Mine,Indonesia,1.09340658,Coal,M0704,https://www.gem.wiki/Tutupan_coal_mine,-2.204484,115.527798,Adaro Indonesia,"Adaro Energy Indonesia (88.5%), Electricity Generating Authority of Thailand (EGAT) (11.5%)",Adaro Energy
False,KPC Operation Coal Mine,Indonesia,3.0945552,Coal,M0678,https://www.gem.wiki/KPC_Operation,0.823979,117.599032,Kaltim Prima Coal,Bumi Resources,Bumi Resources
True,GAM Coal Mine,Indonesia,1.31552652,Coal,M0670,https://www.gem.wiki/Ganda_Alam_Makmur_(GAM)_coal_mine,1.142666,117.873624,Ganda Alam Makmur,"LG International (50%), Titan Infra Energy (50%)","LG International (50%), Titan Infra Energy (50%)"
True,Pakar North Coal Mine,Indonesia,1.0949309,Coal,M0686,https://www.gem.wiki/Parkar_North_coal_mine,0.576564,116.019118,Kangaroo Resource,Bayan Resources,Bayan Resources
False,Borly Coal Mines,Kazakhstan,1.02264492,Coal,M1259,https://www.gem.wiki/Molodezhny_coal_mine,50.8613763,73.6562436,Kazakhmys Coal,Kazakhmys Corporation,Kazakhmys Corporation
False,Shubarkol Coal Mine,Kazakhstan,0.99091608,Coal,M4231,https://www.gem.wiki/Shubarkol_Premium_Coal_Mine,49.017346,68.614549,Shubarkol Premium JSC,Shubarkol Premium JSC,"Joint Resources JSC (67%), Trans Coal Investment Group 16.5%), FCI Management (16.5%)"
False,Bogatyr Coal Mine,Kazakhstan,7.32204,Coal,M0717,https://www.gem.wiki/Bogatyr_coal_mine,51.655495,75.4336006,Bogatyr Komir,Bogatyr Komir,"Samruk-Energo (50%), United Company RUSAL (50%)"
False,Bogatyr Coal Mine,Kazakhstan,7.32204,Coal,M0717,https://www.gem.wiki/Bogatyr_coal_mine,51.655495,75.4336006,Bogatyr Komir,"Samruk-Energo (50%), En+ Group (50%)","Samruk-Energo (50%), United Company RUSAL (50%)"
False,Bogatyr Coal Mine,Kazakhstan,7.32204,Coal,M0717,https://www.gem.wiki/Bogatyr_coal_mine,51.655495,75.4336006,Bogatyr Komir,Bogatyr Komir,"Samruk-Energo (50%), United Company RUSAL (50%)"
False,Bogatyr Coal Mine,Kazakhstan,7.32204,Coal,M0717,https://www.gem.wiki/Bogatyr_coal_mine,51.655495,75.4336006,Bogatyr Komir,"Samruk-Energo (50%), En+ Group (50%)","Samruk-Energo (50%), United Company RUSAL (50%)"
True,Tavan Tolgoi Coal Mine,Mongolia,16.03032948,Coal,M0736,https://www.gem.wiki/Tavan_Tolgoi_coal_deposit,43.625,105.474167,Erdenes Tavan Tolgoi,Erdenes MGL,Erdenes MGL
True,Zambezi Coal Mine,Mozambique,4.149156,Coal,M0743,https://www.gem.wiki/Zambeze_Mine,-16.115037,33.602149,International Coal Ventures Limited (ICVL),"Steel Authority of India (SAIL) (49.59%), Rashtriya Ispat Nigam (RINL) (24.8%), NMDC (24.8%), NTPC (0.54%), Coal India (0.27%)","Steel Authority of India (SAIL) (49.59%), Rashtriya Ispat Nigam (RINL) (24.8%), NMDC (24.8%), NTPC (0.54%), Coal India (0.27%)"
True,Chirodzi Coal Mine,Mozambique,2.928816,Coal,M0739,https://www.gem.wiki/Chirodzi_coal_mine,-15.914093,33.013188,JSPL Mozambique Minerals Limitada,Jindal Steel and Power Limited (JSPL),Jindal Group
True,Chirodzi Coal Mine,Mozambique,2.928816,Coal,M0739,https://www.gem.wiki/Chirodzi_coal_mine,-15.914093,33.013188,Jindal Steel & Power Limited (JSPL) Mozambique Minerals Limited,Jindal Group,Jindal Group
True,Chirodzi Coal Mine,Mozambique,2.928816,Coal,M0739,https://www.gem.wiki/Chirodzi_coal_mine,-15.914093,33.013188,JSPL Mozambique Minerals Limitada,Jindal Steel and Power Limited (JSPL),Jindal Group
True,Chirodzi Coal Mine,Mozambique,2.928816,Coal,M0739,https://www.gem.wiki/Chirodzi_coal_mine,-15.914093,33.013188,Jindal Steel & Power Limited (JSPL) Mozambique Minerals Limited,Jindal Group,Jindal Group
True,Revuboe Coal Mine,Mozambique,1.38454668,Coal,M0742,https://www.gem.wiki/Revuboè_Mine,-16.234739,33.831034,Minas de Revuboè Limitada,"Talbot Group (59%), Nippon Steel & Sumitomo Metal (33%), POSCO (8%)","Talbot Group (59%), Nippon Steel & Sumitomo Metal (33%), POSCO (8%)"
False,Saebyol Coal Mining Complex,North Korea,3.2282703,Coal,M0746,https://www.gem.wiki/Saebyol_Coal_Mining_Complex,42.860757,130.2001,Government of North Korea,Government of North Korea,Government of North Korea
False,Thar Coal Mine,Pakistan,1.886983,Coal,M0750,https://www.gem.wiki/Thar_Mine,24.7755787,70.3982412,Sindh Engro Coal Mining Company,Sindh Engro Coal Mining Company,Sindh Engro Coal Mining Company
False,Thar Coal Mine,Pakistan,1.886983,Coal,M0750,https://www.gem.wiki/Thar_Mine,24.7755787,70.3982412,Sino Sindh Resources Limited,Shanghai Electric Group,Shanghai Electric Group
False,Thar Coal Mine,Pakistan,1.886983,Coal,M0750,https://www.gem.wiki/Thar_Mine,24.7755787,70.3982412,Sindh Engro Coal Mining Company,Sindh Engro Coal Mining Company,Sindh Engro Coal Mining Company
False,Thar Coal Mine,Pakistan,1.886983,Coal,M0750,https://www.gem.wiki/Thar_Mine,24.7755787,70.3982412,Sino Sindh Resources Limited,Shanghai Electric Group,Shanghai Electric Group
False,Erkovetskiy Coal Mine,Russia,1.03891788,Coal,M0795,https://www.gem.wiki/Erkovetskiy_coal_mine,50.316,128.447,Amurugol JSC,Russian Coal,Russian Coal
False,Stepnoy Coal Mine,Russia,3.55851144,Coal,M0850,https://www.gem.wiki/Stepnoy_coal_mine,53.705548,91.087818,Razrez Stepnoy Coal Company JSC,Octo Coal,Octo Coal
False,Listvianskaya Coal Mine,Russia,2.3876094,Coal,M0818,https://www.gem.wiki/Listvyazhnaya_coal_mine,54.521779,86.405582,SDS UGOL,SDS UGOL,Siberian Business Union-Coal (SBU)
False,Raspadskaya Coal Mine,Russia,2.416722228,Coal,M0836,https://www.gem.wiki/Raspadskaya_coal_mine,53.784142,88.082391,Raspadskaya Coal Company,Evraz,Evraz
False,Pereyaslovskiy Coal Mine,Russia,1.634661,Coal,M0830,https://www.gem.wiki/Pereyaslovskiy_coal_mine,55.62819,94.70438,Krasnoyarskkrayugol OJSC,Russian Coal,Russian Coal
False,Elegest Coal Mine,Russia,2.281434144,Coal,M0792,https://www.gem.wiki/Elegest_coal_mine,51.565237,94.112646,Tuva Energy Industrial Company,Tuva Energy Industrial Company,Tuva Energy Industrial Company
False,Arshanovsky Coal Mine,Russia,1.708476,Coal,M0771,https://www.gem.wiki/Arshanovsky_coal_mine,53.398991,91.095886,Razrez Arshanovsky,Zimber Investments Limited,Rutek Alliance
False,Taldinsky Coal Mine,Russia,2.196612,Coal,M0854,https://www.gem.wiki/Taldinsky_coal_mine,54.177222,87.190556,Kuzbassrazrezugol,Kuzbassrazrezugol,Ural Mining Metallurgical Company
True,Elga Coal Mine,Russia,4.528609428,Coal,M0794,https://www.gem.wiki/Elginskiy_Coal_Mine,56.192426,130.635752,Elga-Sibanthracite,Elga-Sibanthracite,A-Property
True,Beisky-Zapadniy Coal Mine,Russia,2.4338286,Coal,M0776,https://www.gem.wiki/Beisky-Zapadniy_coal_mine,53.36813093,91.15773622,Razrez Beysky Coal Company,Razrez Mayrykhsky Coal Company,Private individuals
True,Ulug-Khem Project,Russia,2.15285004,Coal,M0860,https://www.gem.wiki/Ulug-Khem_Coal_Mine,51.6013748,93.9287167,"Ulughem Ugol,",Severstal-Resource,Severstal-Resource
True,Sugodinsk-Ogodzhinsky Coal Mine,Russia,1.81586592,Coal,M0851,https://www.gem.wiki/Sugodinsk-Ogodzhinsky_coal_mine,52.750425,132.581978,Ogodzhinskaya Coal Company,Elga-Sibanthracite,A-Property
True,Usinsk-1 Coal Mine,Russia,1.65665412,Coal,M0863,https://www.gem.wiki/Usinsk-1_coal_mine,67.5027536,63.9918311,Vorkutaugol,Vorkutaugol,Russkaya Energiya
True,Pervomaisky Coal Mine,Russia,1.53518772,Coal,M0832,https://www.gem.wiki/Pervomaisky_coal_mine,54.275148,86.882458,SDS UGOL,SDS UGOL,Siberian Business Union-Coal (SBU)
True,Shurapskaya Coal Mine,Russia,1.03240764,Coal,M0845,https://www.gem.wiki/Shurapskaya_coal_mine,55.5959,86.1429,SDS UGOL,SDS UGOL,Siberian Business Union-Coal (SBU)
True,Inaglinskaya-2 Mine,Russia,1.2966,Coal,M1265,https://www.gem.wiki/Inaglinsky-2_coal_mine,56.943611,124.750556,GOK Inaglinskiy JSC,Kolmar,Kolmar
False,Kolubara Mine Complex,Serbia,2.52399,Coal,M3325,https://www.gem.wiki/Kolubara_Mine_Complex,44.407304,20.36354,RB Kolubara,Elektroprivreda Srbije (EPS),Elektroprivreda Srbije (EPS)
False,Grootegeluk Coal Mine,South Africa,6.87204672,Coal,M0900,https://www.gem.wiki/Grootegeluk_coal_mine,-23.657141,27.566687,Exxaro Coal,Exxaro,Exxaro
True,Greater Soutpansberg Coal Project,South Africa,2.80377372,Coal,M0898,https://www.gem.wiki/Greater_Soutpansberg_Project,-22.881211,29.661589,MC Mining,MbeuYashu Pty,"MC Mining (74%), Rothe Investments (26%)"
True,Boikarabelo Coal Mine,South Africa,2.4284766,Coal,M0889,https://www.gem.wiki/Boikarabelo_Coal_Mine,-26.0,27.545833,Resgen South Africa,Resource Generation Australia,Resource Generation Australia
True,Paardekop Coal Mine,South Africa,1.6962726,Coal,M0928,https://www.gem.wiki/Paardekop_coal_project,-27.23,29.72305556,Glencore,Glencore,Glencore
True,New Largo Coal Mine,South Africa,1.4277978,Coal,M0924,https://www.gem.wiki/New_Largo_coal_mine,-25.9052929,28.9732141,New Largo Coal,"Seriti (67.5%), Industrial Development Corporation (22.5%), New Largo Employee & Community Trusts (10%)","Seriti (67.5%), Industrial Development Corporation (22.5%), New Largo Employee & Community Trusts (10%)"
True,Bernice-Cygnus Coal Mine,South Africa,1.07242344,Coal,M0887,https://www.gem.wiki/Berenice-Cygnus_Coal_Mine,-22.9028678,29.4318658,TerraCom,"TerraCom Resources (50%), Bono Lithihi Investments Group (50%)","TerraCom Resources (50%), Bono Lithihi Investments Group (50%)"
False,Afşin-Elbistan Coal Mine,Türkiye,4.08646,Coal,M0955,https://www.gem.wiki/Afşin-Elbistan_coal_mines,38.340685,37.082979,Afşin- Elbistan Elektrik Üretim ve Ticaret A.Ş,"Euas Electricity Generation Company (Elektrik Üretim A.Ş, EÜAŞ)","Euas Electricity Generation Company (Elektrik Üretim A.Ş, EÜAŞ)"
False,Cumberland Coal Mine,United States,1.89396768,Coal,M1012,https://www.gem.wiki/Cumberland_Mine,39.81,-80.17,Cumberland Coal Resources,Contura Energy,Contura Energy
False,Hamilton County Mine No.1,United States,1.184779292,Coal,M1079,https://www.gem.wiki/Mine_No._1_(White_Oak_Mine),38.1702261,-88.6013872,Hamilton County Coal,Hamilton County Coal,Alliance Resource Partners
False,MC #1 Coal Mine,United States,2.87756172,Coal,M1045,https://www.gem.wiki/Sugar_Camp_Mine,38.0264,-88.7679,M-Class Mining,Foresight Energy,Foresight Energy
False,Black Thunder Coal Mine,United States,1.358040033,Coal,M0994,https://www.gem.wiki/Black_Thunder_Mine,43.66,-105.3,Thunder Basin Coal Company,Thunder Basin Coal Company,Arch Resources
False,North Antelope Rochelle Coal Mine,United States,2.9242269,Coal,M1052,https://www.gem.wiki/North_Antelope_Rochelle_Mine,43.566667,-105.283333,Powder River Coal,Peabody Energy,Peabody Energy
True,Youngs Creek Coal Mine,United States,1.08842976,Coal,M1082,https://www.gem.wiki/Youngs_Creek_mine,44.9947173,-106.9785339,Navajo Transitional Energy Company,Navajo Nation,Navajo Nation
True,Angren Coal Mine,Uzbekistan,2.4038,Coal,M1083,https://www.gem.wiki/Angren_coal_mine,41.036101,70.180128,Uzbekugol,Uzbekugol,Ministry of Finance of Uzbekistan
False,Sengwe Colliery,Zimbabwe,1.0,Coal,M3682,https://www.gem.wiki/Sengwa_coal_mine,-17.326699,28.420141,Rio Energy,Rio Energy,RioZim
